Workbook
Name Departements: [1]établissements!$B$8:$B$103

Sheet Sommaire
A5: EQUIPEMENT ET RESULTATS DES REGIONS
A8: Mis à jour le 22 septembre 2025
B10: Définitions et sources
B11: Fiche récapitulative
A13: Ensemble du parc
B14: Etablissements
B15: Ecrans
B16: Fauteuils
B17: Multiplexes (établissements de 8 écrans et plus)
B18: Séances
B19: Entrées
B20: Recettes
B21: Recette moyenne par entrée
B22: Indice de fréquentation
B23: Taux moyen d'occupation des fauteuils
A25: Etablissements Art et Essai
B26: Etablissements
B27: Ecrans
B28: Fauteuils
B29: Séances
B30: Entrées
B31: Recettes
B32: Recette moyenne par entrée
B33: Indice de fréquentation
B34: Taux moyen d'occupation des fauteuils
A36: Etablissements de la petite exploitation
B37: Etablissements
B38: Ecrans
B39: Fauteuils
B40: Séances
B41: Entrées
B42: Recettes
B43: Recette moyenne par entrée
B44: Indice de fréquentation
B45: Taux moyen d'occupation des fauteuils
A47: Etablissements de la moyenne exploitation
B48: Etablissements
B49: Ecrans
B50: Fauteuils
B51: Séances
B52: Entrées
B53: Recettes
B54: Recette moyenne par entrée
B55: Indice de fréquentation
B56: Taux moyen d'occupation des fauteuils
A58: Etablissements de la grande exploitation
B59: Etablissements
B60: Ecrans
B61: Fauteuils
B62: Séances
B63: Entrées
B64: Recettes
B65: Recette moyenne par entrée
B66: Indice de fréquentation
B67: Taux moyen d'occupation des fauteuils

Sheet Définitions
A2: Retour au menu "Régions"
A5: Réglementation
A24: Définitions
A40: Sources

Sheet Fiche
A2: Retour au menu "Régions"
A5: Rechercher la région dans la liste suivante | E5: AUVERGNE-RHONE-ALPES
A8: REGION | B8: =E5 -> AUVERGNE-RHONE-ALPES
A10: Résultats totaux
B11: 2 | C11: 3 | D11: 4 | E11: 5 | F11: 6 | G11: 7 | H11: 8 | I11: 9 | J11: 10 | K11: 11 | L11: 12 | M11: 13 | N11: 14 | O11: 15 | P11: 16 | Q11: 17 | R11: 18 | S11: 19 | T11: 20 | U11: 21 | V11: 22 | W11: 23 | X11: 24 | Y11: 25 | Z11: 26 | AA11: 27
B12: 1966 | C12: 1967 | D12: 1968 | E12: 1969 | F12: 1970 | G12: 1971 | H12: 1972 | I12: 1973 | J12: 1974 | K12: 1975 | L12: 1976 | M12: 1977 | N12: 1978 | O12: 1979 | P12: 1980 | Q12: 1981 | R12: 1982 | S12: 1983 | T12: 1984 | U12: 1985 | V12: 1986 | W12: 1987 | X12: 1988 | Y12: 1989 | Z12: 1990 | AA12: 1991
A13: écrans | B13: =IF(VLOOKUP($B$8,écrans!$A:$CA,B$11,0)=0,"-",VLOOKUP($B$8,écrans!$A:$CA,B$11,0)) -> 586 | C13: =IF(VLOOKUP($B$8,écrans!$A:$CA,C$11,0)=0,"-",VLOOKUP($B$8,écrans!$A:$CA,C$11,0)) -> 563 | D13: =IF(VLOOKUP($B$8,écrans!$A:$CA,D$11,0)=0,"-",VLOOKUP($B$8,écrans!$A:$CA,D$11,0)) -> 543 | E13: =IF(VLOOKUP($B$8,écrans!$A:$CA,E$11,0)=0,"-",VLOOKUP($B$8,écrans!$A:$CA,E$11,0)) -> 532 | F13: =IF(VLOOKUP($B$8,écrans!$A:$CA,F$11,0)=0,"-",VLOOKUP($B$8,écrans!$A:$CA,F$11,0)) -> 506 | G13: =IF(VLOOKUP($B$8,écrans!$A:$CA,G$11,0)=0,"-",VLOOKUP($B$8,écrans!$A:$CA,G$11,0)) -> 482 | H13: =IF(VLOOKUP($B$8,écrans!$A:$CA,H$11,0)=0,"-",VLOOKUP($B$8,écrans!$A:$CA,H$11,0)) -> 472 | I13: =IF(VLOOKUP($B$8,écrans!$A:$CA,I$11,0)=0,"-",VLOOKUP($B$8,écrans!$A:$CA,I$11,0)) -> 496 | ... AA13: =IF(VLOOKUP($B$8,écrans!$A:$CA,AA$11,0)=0,"-",VLOOKUP($B$8,écrans!$A:$CA,AA$11,0)) -> 657
A14: fauteuils | B14: =IF(VLOOKUP($B$8,fauteuils!$A:$CA,B$11,0)=0,"-",VLOOKUP($B$8,fauteuils!$A:$CA,B$11,0)) -> 252759 | C14: =IF(VLOOKUP($B$8,fauteuils!$A:$CA,C$11,0)=0,"-",VLOOKUP($B$8,fauteuils!$A:$CA,C$11,0)) -> 244198 | D14: =IF(VLOOKUP($B$8,fauteuils!$A:$CA,D$11,0)=0,"-",VLOOKUP($B$8,fauteuils!$A:$CA,D$11,0)) -> 237316 | E14: =IF(VLOOKUP($B$8,fauteuils!$A:$CA,E$11,0)=0,"-",VLOOKUP($B$8,fauteuils!$A:$CA,E$11,0)) -> 232259 | F14: =IF(VLOOKUP($B$8,fauteuils!$A:$CA,F$11,0)=0,"-",VLOOKUP($B$8,fauteuils!$A:$CA,F$11,0)) -> 220107 | G14: =IF(VLOOKUP($B$8,fauteuils!$A:$CA,G$11,0)=0,"-",VLOOKUP($B$8,fauteuils!$A:$CA,G$11,0)) -> 207457 | H14: =IF(VLOOKUP($B$8,fauteuils!$A:$CA,H$11,0)=0,"-",VLOOKUP($B$8,fauteuils!$A:$CA,H$11,0)) -> 199148 | I14: =IF(VLOOKUP($B$8,fauteuils!$A:$CA,I$11,0)=0,"-",VLOOKUP($B$8,fauteuils!$A:$CA,I$11,0)) -> 197696 | ... AA14: =IF(VLOOKUP($B$8,fauteuils!$A:$CA,AA$11,0)=0,"-",VLOOKUP($B$8,fauteuils!$A:$CA,AA$11,0)) -> 131002
A15: entrées (millions) | B15: =IF(VLOOKUP($B$8,entrées!$A:$CB,B$11,0)=0,"-",VLOOKUP($B$8,entrées!$A:$CB,B$11,0)) -> 21911664 | C15: =IF(VLOOKUP($B$8,entrées!$A:$CB,C$11,0)=0,"-",VLOOKUP($B$8,entrées!$A:$CB,C$11,0)) -> 20066356 | D15: =IF(VLOOKUP($B$8,entrées!$A:$CB,D$11,0)=0,"-",VLOOKUP($B$8,entrées!$A:$CB,D$11,0)) -> 19271896 | E15: =IF(VLOOKUP($B$8,entrées!$A:$CB,E$11,0)=0,"-",VLOOKUP($B$8,entrées!$A:$CB,E$11,0)) -> 17968172 | F15: =IF(VLOOKUP($B$8,entrées!$A:$CB,F$11,0)=0,"-",VLOOKUP($B$8,entrées!$A:$CB,F$11,0)) -> 18166206 | G15: =IF(VLOOKUP($B$8,entrées!$A:$CB,G$11,0)=0,"-",VLOOKUP($B$8,entrées!$A:$CB,G$11,0)) -> 17492467 | H15: =IF(VLOOKUP($B$8,entrées!$A:$CB,H$11,0)=0,"-",VLOOKUP($B$8,entrées!$A:$CB,H$11,0)) -> 18196735 | I15: =IF(VLOOKUP($B$8,entrées!$A:$CB,I$11,0)=0,"-",VLOOKUP($B$8,entrées!$A:$CB,I$11,0)) -> 17775071 | ... AA15: =IF(VLOOKUP($B$8,entrées!$A:$CB,AA$11,0)=0,"-",VLOOKUP($B$8,entrées!$A:$CB,AA$11,0)) -> 14062986
A16: recettes (M€) | B16: =IF(VLOOKUP($B$8,recettes!$A:$CB,B$11,0)=0,"-",VLOOKUP($B$8,recettes!$A:$CB,B$11,0)) -> 11430226 | C16: =IF(VLOOKUP($B$8,recettes!$A:$CB,C$11,0)=0,"-",VLOOKUP($B$8,recettes!$A:$CB,C$11,0)) -> 11478893 | D16: =IF(VLOOKUP($B$8,recettes!$A:$CB,D$11,0)=0,"-",VLOOKUP($B$8,recettes!$A:$CB,D$11,0)) -> 11365514 | E16: =IF(VLOOKUP($B$8,recettes!$A:$CB,E$11,0)=0,"-",VLOOKUP($B$8,recettes!$A:$CB,E$11,0)) -> 11956259 | F16: =IF(VLOOKUP($B$8,recettes!$A:$CB,F$11,0)=0,"-",VLOOKUP($B$8,recettes!$A:$CB,F$11,0)) -> 13135298 | G16: =IF(VLOOKUP($B$8,recettes!$A:$CB,G$11,0)=0,"-",VLOOKUP($B$8,recettes!$A:$CB,G$11,0)) -> 14105633 | H16: =IF(VLOOKUP($B$8,recettes!$A:$CB,H$11,0)=0,"-",VLOOKUP($B$8,recettes!$A:$CB,H$11,0)) -> 16212012 | I16: =IF(VLOOKUP($B$8,recettes!$A:$CB,I$11,0)=0,"-",VLOOKUP($B$8,recettes!$A:$CB,I$11,0)) -> 17734351 | ... AA16: =IF(VLOOKUP($B$8,recettes!$A:$CB,AA$11,0)=0,"-",VLOOKUP($B$8,recettes!$A:$CB,AA$11,0)) -> 69716322
A17: RME (€) | B17: =IF(VLOOKUP($B$8,RME!$A:$CB,B$11,0)=0,"-",VLOOKUP($B$8,RME!$A:$CB,B$11,0)) -> 0.52165028 | C17: =IF(VLOOKUP($B$8,RME!$A:$CB,C$11,0)=0,"-",VLOOKUP($B$8,RME!$A:$CB,C$11,0)) -> 0.57204672 | D17: =IF(VLOOKUP($B$8,RME!$A:$CB,D$11,0)=0,"-",VLOOKUP($B$8,RME!$A:$CB,D$11,0)) -> 0.58974551 | E17: =IF(VLOOKUP($B$8,RME!$A:$CB,E$11,0)=0,"-",VLOOKUP($B$8,RME!$A:$CB,E$11,0)) -> 0.66541321 | F17: =IF(VLOOKUP($B$8,RME!$A:$CB,F$11,0)=0,"-",VLOOKUP($B$8,RME!$A:$CB,F$11,0)) -> 0.72306226 | G17: =IF(VLOOKUP($B$8,RME!$A:$CB,G$11,0)=0,"-",VLOOKUP($B$8,RME!$A:$CB,G$11,0)) -> 0.80638326 | H17: =IF(VLOOKUP($B$8,RME!$A:$CB,H$11,0)=0,"-",VLOOKUP($B$8,RME!$A:$CB,H$11,0)) -> 0.89092971 | I17: =IF(VLOOKUP($B$8,RME!$A:$CB,I$11,0)=0,"-",VLOOKUP($B$8,RME!$A:$CB,I$11,0)) -> 0.99770917 | ... AA17: =IF(VLOOKUP($B$8,RME!$A:$CB,AA$11,0)=0,"-",VLOOKUP($B$8,RME!$A:$CB,AA$11,0)) -> 4.957434
A18: indice de fréquentation | B18: =IF(VLOOKUP($B$8,'indice de fréquentation'!$A:$CB,B$11,0)=0,"-",VLOOKUP($B$8,'indice de fréquentation'!$A:$CB,B$11,0)) -> 3.8407838 | C18: =IF(VLOOKUP($B$8,'indice de fréquentation'!$A:$CB,C$11,0)=0,"-",VLOOKUP($B$8,'indice de fréquentation'!$A:$CB,C$11,0)) -> 3.5173292 | D18: =IF(VLOOKUP($B$8,'indice de fréquentation'!$A:$CB,D$11,0)=0,"-",VLOOKUP($B$8,'indice de fréquentation'!$A:$CB,D$11,0)) -> 3.3780723 | E18: =IF(VLOOKUP($B$8,'indice de fréquentation'!$A:$CB,E$11,0)=0,"-",VLOOKUP($B$8,'indice de fréquentation'!$A:$CB,E$11,0)) -> 3.1495492 | F18: =IF(VLOOKUP($B$8,'indice de fréquentation'!$A:$CB,F$11,0)=0,"-",VLOOKUP($B$8,'indice de fréquentation'!$A:$CB,F$11,0)) -> 3.1842616 | G18: =IF(VLOOKUP($B$8,'indice de fréquentation'!$A:$CB,G$11,0)=0,"-",VLOOKUP($B$8,'indice de fréquentation'!$A:$CB,G$11,0)) -> 3.0661653 | H18: =IF(VLOOKUP($B$8,'indice de fréquentation'!$A:$CB,H$11,0)=0,"-",VLOOKUP($B$8,'indice de fréquentation'!$A:$CB,H$11,0)) -> 2.9776223 | I18: =IF(VLOOKUP($B$8,'indice de fréquentation'!$A:$CB,I$11,0)=0,"-",VLOOKUP($B$8,'indice de fréquentation'!$A:$CB,I$11,0)) -> 2.9086233 | ... AA18: =IF(VLOOKUP($B$8,'indice de fréquentation'!$A:$CB,AA$11,0)=0,"-",VLOOKUP($B$8,'indice de fréquentation'!$A:$CB,AA$11,0)) -> 2.1077885
B19: 28 | C19: 29 | D19: 30 | E19: 31 | F19: 32 | G19: 33 | H19: 34 | I19: 35 | J19: 36 | K19: 37 | L19: 38 | M19: 39 | N19: 40 | O19: 41 | P19: 42 | Q19: 43 | R19: 44 | S19: 45 | T19: 46 | U19: 47 | V19: 48 | W19: 49 | X19: 50 | Y19: 51 | Z19: 52 | AA19: 53 | AB19: 54 | AC19: 55 | AD19: 56 | AE19: 57 | AF19: 58 | AG19: 59
B20: 1992 | C20: 1993 | D20: 1994 | E20: 1995 | F20: 1996 | G20: 1997 | H20: 1998 | I20: 1999 | J20: 2000 | K20: 2001 | L20: 2002 | M20: 2003 | N20: 2004 | O20: 2005 | P20: 2006 | Q20: 2007 | R20: 2008 | S20: 2009 | T20: 2010 | U20: 2011 | V20: 2012 | W20: 2013 | X20: 2014 | Y20: 2015 | Z20: 2016 | AA20: 2017 | AB20: 2018 | AC20: 2019 | AD20: 2020 | AE20: 2021 | AF20: 2022 | AG20: 2023
A21: établissements | B21: =IF(VLOOKUP($B$8,établissements!$A:$CA,B$19,0)=0,"-",VLOOKUP($B$8,établissements!$A:$CA,B$19,0)) -> 343 | C21: =IF(VLOOKUP($B$8,établissements!$A:$CA,C$19,0)=0,"-",VLOOKUP($B$8,établissements!$A:$CA,C$19,0)) -> 336 | D21: =IF(VLOOKUP($B$8,établissements!$A:$CA,D$19,0)=0,"-",VLOOKUP($B$8,établissements!$A:$CA,D$19,0)) -> 335 | E21: =IF(VLOOKUP($B$8,établissements!$A:$CA,E$19,0)=0,"-",VLOOKUP($B$8,établissements!$A:$CA,E$19,0)) -> 342 | F21: =IF(VLOOKUP($B$8,établissements!$A:$CA,F$19,0)=0,"-",VLOOKUP($B$8,établissements!$A:$CA,F$19,0)) -> 343 | G21: =IF(VLOOKUP($B$8,établissements!$A:$CA,G$19,0)=0,"-",VLOOKUP($B$8,établissements!$A:$CA,G$19,0)) -> 347 | H21: =IF(VLOOKUP($B$8,établissements!$A:$CA,H$19,0)=0,"-",VLOOKUP($B$8,établissements!$A:$CA,H$19,0)) -> 349 | I21: =IF(VLOOKUP($B$8,établissements!$A:$CA,I$19,0)=0,"-",VLOOKUP($B$8,établissements!$A:$CA,I$19,0)) -> 359 | ... AG21: =IF(VLOOKUP($B$8,établissements!$A:$CA,AG$19,0)=0,"-",VLOOKUP($B$8,établissements!$A:$CA,AG$19,0)) -> 322
A22: écrans | B22: =IF(VLOOKUP($B$8,écrans!$A:$CA,B$19,0)=0,"-",VLOOKUP($B$8,écrans!$A:$CA,B$19,0)) -> 630 | C22: =IF(VLOOKUP($B$8,écrans!$A:$CA,C$19,0)=0,"-",VLOOKUP($B$8,écrans!$A:$CA,C$19,0)) -> 624 | D22: =IF(VLOOKUP($B$8,écrans!$A:$CA,D$19,0)=0,"-",VLOOKUP($B$8,écrans!$A:$CA,D$19,0)) -> 630 | E22: =IF(VLOOKUP($B$8,écrans!$A:$CA,E$19,0)=0,"-",VLOOKUP($B$8,écrans!$A:$CA,E$19,0)) -> 637 | F22: =IF(VLOOKUP($B$8,écrans!$A:$CA,F$19,0)=0,"-",VLOOKUP($B$8,écrans!$A:$CA,F$19,0)) -> 640 | G22: =IF(VLOOKUP($B$8,écrans!$A:$CA,G$19,0)=0,"-",VLOOKUP($B$8,écrans!$A:$CA,G$19,0)) -> 677 | H22: =IF(VLOOKUP($B$8,écrans!$A:$CA,H$19,0)=0,"-",VLOOKUP($B$8,écrans!$A:$CA,H$19,0)) -> 680 | I22: =IF(VLOOKUP($B$8,écrans!$A:$CA,I$19,0)=0,"-",VLOOKUP($B$8,écrans!$A:$CA,I$19,0)) -> 692 | ... AG22: =IF(VLOOKUP($B$8,écrans!$A:$CA,AG$19,0)=0,"-",VLOOKUP($B$8,écrans!$A:$CA,AG$19,0)) -> 864
A23: fauteuils | B23: =IF(VLOOKUP($B$8,fauteuils!$A:$CA,B$19,0)=0,"-",VLOOKUP($B$8,fauteuils!$A:$CA,B$19,0)) -> 122219 | C23: =IF(VLOOKUP($B$8,fauteuils!$A:$CA,C$19,0)=0,"-",VLOOKUP($B$8,fauteuils!$A:$CA,C$19,0)) -> 120906 | D23: =IF(VLOOKUP($B$8,fauteuils!$A:$CA,D$19,0)=0,"-",VLOOKUP($B$8,fauteuils!$A:$CA,D$19,0)) -> 119541 | E23: =IF(VLOOKUP($B$8,fauteuils!$A:$CA,E$19,0)=0,"-",VLOOKUP($B$8,fauteuils!$A:$CA,E$19,0)) -> 121694 | F23: =IF(VLOOKUP($B$8,fauteuils!$A:$CA,F$19,0)=0,"-",VLOOKUP($B$8,fauteuils!$A:$CA,F$19,0)) -> 115060 | G23: =IF(VLOOKUP($B$8,fauteuils!$A:$CA,G$19,0)=0,"-",VLOOKUP($B$8,fauteuils!$A:$CA,G$19,0)) -> 123633 | H23: =IF(VLOOKUP($B$8,fauteuils!$A:$CA,H$19,0)=0,"-",VLOOKUP($B$8,fauteuils!$A:$CA,H$19,0)) -> 121874 | I23: =IF(VLOOKUP($B$8,fauteuils!$A:$CA,I$19,0)=0,"-",VLOOKUP($B$8,fauteuils!$A:$CA,I$19,0)) -> 123578 | ... AG23: =IF(VLOOKUP($B$8,fauteuils!$A:$CA,AG$19,0)=0,"-",VLOOKUP($B$8,fauteuils!$A:$CA,AG$19,0)) -> 147116
A24: multiplexes (8 écrans et plus) | B24: =IF(VLOOKUP($B$8,multiplexes!$A:$CA,B$19,0)=0,"-",VLOOKUP($B$8,multiplexes!$A:$CA,B$19,0)) -> 4 | C24: =IF(VLOOKUP($B$8,multiplexes!$A:$CA,C$19,0)=0,"-",VLOOKUP($B$8,multiplexes!$A:$CA,C$19,0)) -> 4 | D24: =IF(VLOOKUP($B$8,multiplexes!$A:$CA,D$19,0)=0,"-",VLOOKUP($B$8,multiplexes!$A:$CA,D$19,0)) -> 4 | E24: =IF(VLOOKUP($B$8,multiplexes!$A:$CA,E$19,0)=0,"-",VLOOKUP($B$8,multiplexes!$A:$CA,E$19,0)) -> 4 | F24: =IF(VLOOKUP($B$8,multiplexes!$A:$CA,F$19,0)=0,"-",VLOOKUP($B$8,multiplexes!$A:$CA,F$19,0)) -> 4 | G24: =IF(VLOOKUP($B$8,multiplexes!$A:$CA,G$19,0)=0,"-",VLOOKUP($B$8,multiplexes!$A:$CA,G$19,0)) -> 7 | H24: =IF(VLOOKUP($B$8,multiplexes!$A:$CA,H$19,0)=0,"-",VLOOKUP($B$8,multiplexes!$A:$CA,H$19,0)) -> 7 | I24: =IF(VLOOKUP($B$8,multiplexes!$A:$CA,I$19,0)=0,"-",VLOOKUP($B$8,multiplexes!$A:$CA,I$19,0)) -> 7 | ... AG24: =IF(VLOOKUP($B$8,multiplexes!$A:$CA,AG$19,0)=0,"-",VLOOKUP($B$8,multiplexes!$A:$CA,AG$19,0)) -> 30
A25: séances (milliers) | B25: =IF(VLOOKUP($B$8,séances!$A:$CA,B$19,0)=0,"-",VLOOKUP($B$8,séances!$A:$CA,B$19,0)) -> 476935 | C25: =IF(VLOOKUP($B$8,séances!$A:$CA,C$19,0)=0,"-",VLOOKUP($B$8,séances!$A:$CA,C$19,0)) -> 486367 | D25: =IF(VLOOKUP($B$8,séances!$A:$CA,D$19,0)=0,"-",VLOOKUP($B$8,séances!$A:$CA,D$19,0)) -> 493463 | E25: =IF(VLOOKUP($B$8,séances!$A:$CA,E$19,0)=0,"-",VLOOKUP($B$8,séances!$A:$CA,E$19,0)) -> 486970 | F25: =IF(VLOOKUP($B$8,séances!$A:$CA,F$19,0)=0,"-",VLOOKUP($B$8,séances!$A:$CA,F$19,0)) -> 520139 | G25: =IF(VLOOKUP($B$8,séances!$A:$CA,G$19,0)=0,"-",VLOOKUP($B$8,séances!$A:$CA,G$19,0)) -> 553251 | H25: =IF(VLOOKUP($B$8,séances!$A:$CA,H$19,0)=0,"-",VLOOKUP($B$8,séances!$A:$CA,H$19,0)) -> 587411 | I25: =IF(VLOOKUP($B$8,séances!$A:$CA,I$19,0)=0,"-",VLOOKUP($B$8,séances!$A:$CA,I$19,0)) -> 594707 | ... AG25: =IF(VLOOKUP($B$8,séances!$A:$CA,AG$19,0)=0,"-",VLOOKUP($B$8,séances!$A:$CA,AG$19,0)) -> 1001529
A26: entrées (millions) | B26: =IF(VLOOKUP($B$8,entrées!$A:$CB,B$19,0)=0,"-",VLOOKUP($B$8,entrées!$A:$CB,B$19,0)) -> 13724983 | C26: =IF(VLOOKUP($B$8,entrées!$A:$CB,C$19,0)=0,"-",VLOOKUP($B$8,entrées!$A:$CB,C$19,0)) -> 15757406 | D26: =IF(VLOOKUP($B$8,entrées!$A:$CB,D$19,0)=0,"-",VLOOKUP($B$8,entrées!$A:$CB,D$19,0)) -> 14609116 | E26: =IF(VLOOKUP($B$8,entrées!$A:$CB,E$19,0)=0,"-",VLOOKUP($B$8,entrées!$A:$CB,E$19,0)) -> 15480249 | F26: =IF(VLOOKUP($B$8,entrées!$A:$CB,F$19,0)=0,"-",VLOOKUP($B$8,entrées!$A:$CB,F$19,0)) -> 16451686 | G26: =IF(VLOOKUP($B$8,entrées!$A:$CB,G$19,0)=0,"-",VLOOKUP($B$8,entrées!$A:$CB,G$19,0)) -> 17725886 | H26: =IF(VLOOKUP($B$8,entrées!$A:$CB,H$19,0)=0,"-",VLOOKUP($B$8,entrées!$A:$CB,H$19,0)) -> 20856788 | I26: =IF(VLOOKUP($B$8,entrées!$A:$CB,I$19,0)=0,"-",VLOOKUP($B$8,entrées!$A:$CB,I$19,0)) -> 18401197 | ... AG26: =IF(VLOOKUP($B$8,entrées!$A:$CB,AG$19,0)=0,"-",VLOOKUP($B$8,entrées!$A:$CB,AG$19,0)) -> 21902929
A27: recettes (M€) | B27: =IF(VLOOKUP($B$8,recettes!$A:$CB,B$19,0)=0,"-",VLOOKUP($B$8,recettes!$A:$CB,B$19,0)) -> 69573632 | C27: =IF(VLOOKUP($B$8,recettes!$A:$CB,C$19,0)=0,"-",VLOOKUP($B$8,recettes!$A:$CB,C$19,0)) -> 79332115 | D27: =IF(VLOOKUP($B$8,recettes!$A:$CB,D$19,0)=0,"-",VLOOKUP($B$8,recettes!$A:$CB,D$19,0)) -> 73424213 | E27: =IF(VLOOKUP($B$8,recettes!$A:$CB,E$19,0)=0,"-",VLOOKUP($B$8,recettes!$A:$CB,E$19,0)) -> 77613595 | F27: =IF(VLOOKUP($B$8,recettes!$A:$CB,F$19,0)=0,"-",VLOOKUP($B$8,recettes!$A:$CB,F$19,0)) -> 82934199 | G27: =IF(VLOOKUP($B$8,recettes!$A:$CB,G$19,0)=0,"-",VLOOKUP($B$8,recettes!$A:$CB,G$19,0)) -> 89786369 | H27: =IF(VLOOKUP($B$8,recettes!$A:$CB,H$19,0)=0,"-",VLOOKUP($B$8,recettes!$A:$CB,H$19,0)) -> 1.0945098e+08 | I27: =IF(VLOOKUP($B$8,recettes!$A:$CB,I$19,0)=0,"-",VLOOKUP($B$8,recettes!$A:$CB,I$19,0)) -> 96202321 | ... AG27: =IF(VLOOKUP($B$8,recettes!$A:$CB,AG$19,0)=0,"-",VLOOKUP($B$8,recettes!$A:$CB,AG$19,0)) -> 1.6231314e+08
A28: RME (€) | B28: =IF(VLOOKUP($B$8,RME!$A:$CB,B$19,0)=0,"-",VLOOKUP($B$8,RME!$A:$CB,B$19,0)) -> 5.0691233 | C28: =IF(VLOOKUP($B$8,RME!$A:$CB,C$19,0)=0,"-",VLOOKUP($B$8,RME!$A:$CB,C$19,0)) -> 5.0345923 | D28: =IF(VLOOKUP($B$8,RME!$A:$CB,D$19,0)=0,"-",VLOOKUP($B$8,RME!$A:$CB,D$19,0)) -> 5.0259176 | E28: =IF(VLOOKUP($B$8,RME!$A:$CB,E$19,0)=0,"-",VLOOKUP($B$8,RME!$A:$CB,E$19,0)) -> 5.0137175 | F28: =IF(VLOOKUP($B$8,RME!$A:$CB,F$19,0)=0,"-",VLOOKUP($B$8,RME!$A:$CB,F$19,0)) -> 5.0410759 | G28: =IF(VLOOKUP($B$8,RME!$A:$CB,G$19,0)=0,"-",VLOOKUP($B$8,RME!$A:$CB,G$19,0)) -> 5.0652684 | H28: =IF(VLOOKUP($B$8,RME!$A:$CB,H$19,0)=0,"-",VLOOKUP($B$8,RME!$A:$CB,H$19,0)) -> 5.247739 | I28: =IF(VLOOKUP($B$8,RME!$A:$CB,I$19,0)=0,"-",VLOOKUP($B$8,RME!$A:$CB,I$19,0)) -> 5.2280469 | ... AG28: =IF(VLOOKUP($B$8,RME!$A:$CB,AG$19,0)=0,"-",VLOOKUP($B$8,RME!$A:$CB,AG$19,0)) -> 7.4105677
A29: indice de fréquentation | B29: =IF(VLOOKUP($B$8,'indice de fréquentation'!$A:$CB,B$19,0)=0,"-",VLOOKUP($B$8,'indice de fréquentation'!$A:$CB,B$19,0)) -> 2.057128 | C29: =IF(VLOOKUP($B$8,'indice de fréquentation'!$A:$CB,C$19,0)=0,"-",VLOOKUP($B$8,'indice de fréquentation'!$A:$CB,C$19,0)) -> 2.3617516 | D29: =IF(VLOOKUP($B$8,'indice de fréquentation'!$A:$CB,D$19,0)=0,"-",VLOOKUP($B$8,'indice de fréquentation'!$A:$CB,D$19,0)) -> 2.1896436 | E29: =IF(VLOOKUP($B$8,'indice de fréquentation'!$A:$CB,E$19,0)=0,"-",VLOOKUP($B$8,'indice de fréquentation'!$A:$CB,E$19,0)) -> 2.2260015 | F29: =IF(VLOOKUP($B$8,'indice de fréquentation'!$A:$CB,F$19,0)=0,"-",VLOOKUP($B$8,'indice de fréquentation'!$A:$CB,F$19,0)) -> 2.3656905 | G29: =IF(VLOOKUP($B$8,'indice de fréquentation'!$A:$CB,G$19,0)=0,"-",VLOOKUP($B$8,'indice de fréquentation'!$A:$CB,G$19,0)) -> 2.5489157 | H29: =IF(VLOOKUP($B$8,'indice de fréquentation'!$A:$CB,H$19,0)=0,"-",VLOOKUP($B$8,'indice de fréquentation'!$A:$CB,H$19,0)) -> 2.9991276 | I29: =IF(VLOOKUP($B$8,'indice de fréquentation'!$A:$CB,I$19,0)=0,"-",VLOOKUP($B$8,'indice de fréquentation'!$A:$CB,I$19,0)) -> 2.6460228 | ... AG29: =IF(VLOOKUP($B$8,'indice de fréquentation'!$A:$CB,AG$19,0)=0,"-",VLOOKUP($B$8,'indice de fréquentation'!$A:$CB,AG$19,0)) -> 2.6547377
A30: taux d'occupation des fauteuils (%) | B30: =IF(VLOOKUP($B$8,'taux d''occupation des fauteuils'!$A:$CA,B$19,0)=0,"-",VLOOKUP($B$8,'taux d''occupation des fauteuils'!$A:$CA,B$19,0)) -> 16.170276 | C30: =IF(VLOOKUP($B$8,'taux d''occupation des fauteuils'!$A:$CA,C$19,0)=0,"-",VLOOKUP($B$8,'taux d''occupation des fauteuils'!$A:$CA,C$19,0)) -> 17.955469 | D30: =IF(VLOOKUP($B$8,'taux d''occupation des fauteuils'!$A:$CA,D$19,0)=0,"-",VLOOKUP($B$8,'taux d''occupation des fauteuils'!$A:$CA,D$19,0)) -> 16.668852 | E30: =IF(VLOOKUP($B$8,'taux d''occupation des fauteuils'!$A:$CA,E$19,0)=0,"-",VLOOKUP($B$8,'taux d''occupation des fauteuils'!$A:$CA,E$19,0)) -> 17.958504 | F30: =IF(VLOOKUP($B$8,'taux d''occupation des fauteuils'!$A:$CA,F$19,0)=0,"-",VLOOKUP($B$8,'taux d''occupation des fauteuils'!$A:$CA,F$19,0)) -> 17.874886 | G30: =IF(VLOOKUP($B$8,'taux d''occupation des fauteuils'!$A:$CA,G$19,0)=0,"-",VLOOKUP($B$8,'taux d''occupation des fauteuils'!$A:$CA,G$19,0)) -> 17.867771 | H30: =IF(VLOOKUP($B$8,'taux d''occupation des fauteuils'!$A:$CA,H$19,0)=0,"-",VLOOKUP($B$8,'taux d''occupation des fauteuils'!$A:$CA,H$19,0)) -> 19.769925 | I30: =IF(VLOOKUP($B$8,'taux d''occupation des fauteuils'!$A:$CA,I$19,0)=0,"-",VLOOKUP($B$8,'taux d''occupation des fauteuils'!$A:$CA,I$19,0)) -> 17.028203 | ... AG30: =IF(VLOOKUP($B$8,'taux d''occupation des fauteuils'!$A:$CA,AG$19,0)=0,"-",VLOOKUP($B$8,'taux d''occupation des fauteuils'!$A:$CA,AG$19,0)) -> 12.61859
A33: Résultats des établissements Art et Essai
B34: 2 | C34: 3 | D34: 4 | E34: 5 | F34: 6 | G34: 7 | H34: 8 | I34: 9 | J34: 10 | K34: 11 | L34: 12 | M34: 13 | N34: 14 | O34: 15 | P34: 16 | Q34: 17 | R34: 18 | S34: 19 | T34: 20 | U34: 21 | V34: 22 | W34: 23
B35: 2002 | C35: 2003 | D35: 2004 | E35: 2005 | F35: 2006 | G35: 2007 | H35: 2008 | I35: 2009 | J35: 2010 | K35: 2011 | L35: 2012 | M35: 2013 | N35: 2014 | O35: 2015 | P35: 2016 | Q35: 2017 | R35: 2018 | S35: 2019 | T35: 2020 | U35: 2021 | V35: 2022 | W35: 2023
A36: établissements | B36: =IF(VLOOKUP($B$8,étabAE!$A:$BA,B$34,0)=0,"-",VLOOKUP($B$8,étabAE!$A:$BA,B$34,0)) -> 143 | C36: =IF(VLOOKUP($B$8,étabAE!$A:$BA,C$34,0)=0,"-",VLOOKUP($B$8,étabAE!$A:$BA,C$34,0)) -> 146 | D36: =IF(VLOOKUP($B$8,étabAE!$A:$BA,D$34,0)=0,"-",VLOOKUP($B$8,étabAE!$A:$BA,D$34,0)) -> 154 | E36: =IF(VLOOKUP($B$8,étabAE!$A:$BA,E$34,0)=0,"-",VLOOKUP($B$8,étabAE!$A:$BA,E$34,0)) -> 152 | F36: =IF(VLOOKUP($B$8,étabAE!$A:$BA,F$34,0)=0,"-",VLOOKUP($B$8,étabAE!$A:$BA,F$34,0)) -> 154 | G36: =IF(VLOOKUP($B$8,étabAE!$A:$BA,G$34,0)=0,"-",VLOOKUP($B$8,étabAE!$A:$BA,G$34,0)) -> 157 | H36: =IF(VLOOKUP($B$8,étabAE!$A:$BA,H$34,0)=0,"-",VLOOKUP($B$8,étabAE!$A:$BA,H$34,0)) -> 161 | I36: =IF(VLOOKUP($B$8,étabAE!$A:$BA,I$34,0)=0,"-",VLOOKUP($B$8,étabAE!$A:$BA,I$34,0)) -> 156 | ... W36: =IF(VLOOKUP($B$8,étabAE!$A:$BA,W$34,0)=0,"-",VLOOKUP($B$8,étabAE!$A:$BA,W$34,0)) -> 185
A37: écrans | B37: =IF(VLOOKUP($B$8,écransAE!$A:$BA,B$34,0)=0,"-",VLOOKUP($B$8,écransAE!$A:$BA,B$34,0)) -> 262 | C37: =IF(VLOOKUP($B$8,écransAE!$A:$BA,C$34,0)=0,"-",VLOOKUP($B$8,écransAE!$A:$BA,C$34,0)) -> 264 | D37: =IF(VLOOKUP($B$8,écransAE!$A:$BA,D$34,0)=0,"-",VLOOKUP($B$8,écransAE!$A:$BA,D$34,0)) -> 289 | E37: =IF(VLOOKUP($B$8,écransAE!$A:$BA,E$34,0)=0,"-",VLOOKUP($B$8,écransAE!$A:$BA,E$34,0)) -> 286 | F37: =IF(VLOOKUP($B$8,écransAE!$A:$BA,F$34,0)=0,"-",VLOOKUP($B$8,écransAE!$A:$BA,F$34,0)) -> 292 | G37: =IF(VLOOKUP($B$8,écransAE!$A:$BA,G$34,0)=0,"-",VLOOKUP($B$8,écransAE!$A:$BA,G$34,0)) -> 296 | H37: =IF(VLOOKUP($B$8,écransAE!$A:$BA,H$34,0)=0,"-",VLOOKUP($B$8,écransAE!$A:$BA,H$34,0)) -> 290 | I37: =IF(VLOOKUP($B$8,écransAE!$A:$BA,I$34,0)=0,"-",VLOOKUP($B$8,écransAE!$A:$BA,I$34,0)) -> 297 | ... W37: =IF(VLOOKUP($B$8,écransAE!$A:$BA,W$34,0)=0,"-",VLOOKUP($B$8,écransAE!$A:$BA,W$34,0)) -> 406
A38: fauteuils | B38: =IF(VLOOKUP($B$8,fauteuilsAE!$A:$BB,B$34,0)=0,"-",VLOOKUP($B$8,fauteuilsAE!$A:$BB,B$34,0)) -> 43983 | C38: =IF(VLOOKUP($B$8,fauteuilsAE!$A:$BB,C$34,0)=0,"-",VLOOKUP($B$8,fauteuilsAE!$A:$BB,C$34,0)) -> 45223 | D38: =IF(VLOOKUP($B$8,fauteuilsAE!$A:$BB,D$34,0)=0,"-",VLOOKUP($B$8,fauteuilsAE!$A:$BB,D$34,0)) -> 49000 | E38: =IF(VLOOKUP($B$8,fauteuilsAE!$A:$BB,E$34,0)=0,"-",VLOOKUP($B$8,fauteuilsAE!$A:$BB,E$34,0)) -> 45947 | F38: =IF(VLOOKUP($B$8,fauteuilsAE!$A:$BB,F$34,0)=0,"-",VLOOKUP($B$8,fauteuilsAE!$A:$BB,F$34,0)) -> 48347 | G38: =IF(VLOOKUP($B$8,fauteuilsAE!$A:$BB,G$34,0)=0,"-",VLOOKUP($B$8,fauteuilsAE!$A:$BB,G$34,0)) -> 48032 | H38: =IF(VLOOKUP($B$8,fauteuilsAE!$A:$BB,H$34,0)=0,"-",VLOOKUP($B$8,fauteuilsAE!$A:$BB,H$34,0)) -> 47336 | I38: =IF(VLOOKUP($B$8,fauteuilsAE!$A:$BB,I$34,0)=0,"-",VLOOKUP($B$8,fauteuilsAE!$A:$BB,I$34,0)) -> 48498 | ... W38: =IF(VLOOKUP($B$8,fauteuilsAE!$A:$BB,W$34,0)=0,"-",VLOOKUP($B$8,fauteuilsAE!$A:$BB,W$34,0)) -> 63176
A39: séances (milliers) | B39: =IF(VLOOKUP($B$8,'séances AE'!$A:$BB,B$34,0)=0,"-",VLOOKUP($B$8,'séances AE'!$A:$BB,B$34,0)) -> 219005 | C39: =IF(VLOOKUP($B$8,'séances AE'!$A:$BB,C$34,0)=0,"-",VLOOKUP($B$8,'séances AE'!$A:$BB,C$34,0)) -> 218719 | D39: =IF(VLOOKUP($B$8,'séances AE'!$A:$BB,D$34,0)=0,"-",VLOOKUP($B$8,'séances AE'!$A:$BB,D$34,0)) -> 245659 | E39: =IF(VLOOKUP($B$8,'séances AE'!$A:$BB,E$34,0)=0,"-",VLOOKUP($B$8,'séances AE'!$A:$BB,E$34,0)) -> 245246 | F39: =IF(VLOOKUP($B$8,'séances AE'!$A:$BB,F$34,0)=0,"-",VLOOKUP($B$8,'séances AE'!$A:$BB,F$34,0)) -> 255577 | G39: =IF(VLOOKUP($B$8,'séances AE'!$A:$BB,G$34,0)=0,"-",VLOOKUP($B$8,'séances AE'!$A:$BB,G$34,0)) -> 255434 | H39: =IF(VLOOKUP($B$8,'séances AE'!$A:$BB,H$34,0)=0,"-",VLOOKUP($B$8,'séances AE'!$A:$BB,H$34,0)) -> 245404 | I39: =IF(VLOOKUP($B$8,'séances AE'!$A:$BB,I$34,0)=0,"-",VLOOKUP($B$8,'séances AE'!$A:$BB,I$34,0)) -> 265398 | ... W39: =IF(VLOOKUP($B$8,'séances AE'!$A:$BB,W$34,0)=0,"-",VLOOKUP($B$8,'séances AE'!$A:$BB,W$34,0)) -> 438720
A40: entrées (millions) | B40: =IF(VLOOKUP($B$8,entréesAE!$A:$BB,B$34,0)=0,"-",VLOOKUP($B$8,entréesAE!$A:$BB,B$34,0)) -> 6212021 | C40: =IF(VLOOKUP($B$8,entréesAE!$A:$BB,C$34,0)=0,"-",VLOOKUP($B$8,entréesAE!$A:$BB,C$34,0)) -> 5885761 | D40: =IF(VLOOKUP($B$8,entréesAE!$A:$BB,D$34,0)=0,"-",VLOOKUP($B$8,entréesAE!$A:$BB,D$34,0)) -> 7507173 | E40: =IF(VLOOKUP($B$8,entréesAE!$A:$BB,E$34,0)=0,"-",VLOOKUP($B$8,entréesAE!$A:$BB,E$34,0)) -> 6319761 | F40: =IF(VLOOKUP($B$8,entréesAE!$A:$BB,F$34,0)=0,"-",VLOOKUP($B$8,entréesAE!$A:$BB,F$34,0)) -> 7249463 | G40: =IF(VLOOKUP($B$8,entréesAE!$A:$BB,G$34,0)=0,"-",VLOOKUP($B$8,entréesAE!$A:$BB,G$34,0)) -> 6820146 | H40: =IF(VLOOKUP($B$8,entréesAE!$A:$BB,H$34,0)=0,"-",VLOOKUP($B$8,entréesAE!$A:$BB,H$34,0)) -> 6312534 | I40: =IF(VLOOKUP($B$8,entréesAE!$A:$BB,I$34,0)=0,"-",VLOOKUP($B$8,entréesAE!$A:$BB,I$34,0)) -> 6830222 | ... W40: =IF(VLOOKUP($B$8,entréesAE!$A:$BB,W$34,0)=0,"-",VLOOKUP($B$8,entréesAE!$A:$BB,W$34,0)) -> 9569897
A41: recettes (M€) | B41: =IF(VLOOKUP($B$8,recettesAE!$A:$BB,B$34,0)=0,"-",VLOOKUP($B$8,recettesAE!$A:$BB,B$34,0)) -> 30500300 | C41: =IF(VLOOKUP($B$8,recettesAE!$A:$BB,C$34,0)=0,"-",VLOOKUP($B$8,recettesAE!$A:$BB,C$34,0)) -> 29114928 | D41: =IF(VLOOKUP($B$8,recettesAE!$A:$BB,D$34,0)=0,"-",VLOOKUP($B$8,recettesAE!$A:$BB,D$34,0)) -> 38250058 | E41: =IF(VLOOKUP($B$8,recettesAE!$A:$BB,E$34,0)=0,"-",VLOOKUP($B$8,recettesAE!$A:$BB,E$34,0)) -> 32208680 | F41: =IF(VLOOKUP($B$8,recettesAE!$A:$BB,F$34,0)=0,"-",VLOOKUP($B$8,recettesAE!$A:$BB,F$34,0)) -> 37582187 | G41: =IF(VLOOKUP($B$8,recettesAE!$A:$BB,G$34,0)=0,"-",VLOOKUP($B$8,recettesAE!$A:$BB,G$34,0)) -> 35741167 | H41: =IF(VLOOKUP($B$8,recettesAE!$A:$BB,H$34,0)=0,"-",VLOOKUP($B$8,recettesAE!$A:$BB,H$34,0)) -> 32816361 | I41: =IF(VLOOKUP($B$8,recettesAE!$A:$BB,I$34,0)=0,"-",VLOOKUP($B$8,recettesAE!$A:$BB,I$34,0)) -> 36490896 | ... W41: =IF(VLOOKUP($B$8,recettesAE!$A:$BB,W$34,0)=0,"-",VLOOKUP($B$8,recettesAE!$A:$BB,W$34,0)) -> 57922442
A42: RME (€) | B42: =IF(VLOOKUP($B$8,RMEAE!$A:$BB,B$34,0)=0,"-",VLOOKUP($B$8,RMEAE!$A:$BB,B$34,0)) -> 4.9098836 | C42: =IF(VLOOKUP($B$8,RMEAE!$A:$BB,C$34,0)=0,"-",VLOOKUP($B$8,RMEAE!$A:$BB,C$34,0)) -> 4.9466718 | D42: =IF(VLOOKUP($B$8,RMEAE!$A:$BB,D$34,0)=0,"-",VLOOKUP($B$8,RMEAE!$A:$BB,D$34,0)) -> 5.0951347 | E42: =IF(VLOOKUP($B$8,RMEAE!$A:$BB,E$34,0)=0,"-",VLOOKUP($B$8,RMEAE!$A:$BB,E$34,0)) -> 5.0965029 | F42: =IF(VLOOKUP($B$8,RMEAE!$A:$BB,F$34,0)=0,"-",VLOOKUP($B$8,RMEAE!$A:$BB,F$34,0)) -> 5.1841339 | G42: =IF(VLOOKUP($B$8,RMEAE!$A:$BB,G$34,0)=0,"-",VLOOKUP($B$8,RMEAE!$A:$BB,G$34,0)) -> 5.2405281 | H42: =IF(VLOOKUP($B$8,RMEAE!$A:$BB,H$34,0)=0,"-",VLOOKUP($B$8,RMEAE!$A:$BB,H$34,0)) -> 5.1986034 | I42: =IF(VLOOKUP($B$8,RMEAE!$A:$BB,I$34,0)=0,"-",VLOOKUP($B$8,RMEAE!$A:$BB,I$34,0)) -> 5.3425637 | ... W42: =IF(VLOOKUP($B$8,RMEAE!$A:$BB,W$34,0)=0,"-",VLOOKUP($B$8,RMEAE!$A:$BB,W$34,0)) -> 6.0525669
A43: indice de fréquentation | B43: =IF(VLOOKUP($B$8,'indice de fréquentationAE'!$A:$BB,B$34,0)=0,"-",VLOOKUP($B$8,'indice de fréquentationAE'!$A:$BB,B$34,0)) -> 0.89326523 | C43: =IF(VLOOKUP($B$8,'indice de fréquentationAE'!$A:$BB,C$34,0)=0,"-",VLOOKUP($B$8,'indice de fréquentationAE'!$A:$BB,C$34,0)) -> 0.84635027 | D43: =IF(VLOOKUP($B$8,'indice de fréquentationAE'!$A:$BB,D$34,0)=0,"-",VLOOKUP($B$8,'indice de fréquentationAE'!$A:$BB,D$34,0)) -> 1.0203802 | E43: =IF(VLOOKUP($B$8,'indice de fréquentationAE'!$A:$BB,E$34,0)=0,"-",VLOOKUP($B$8,'indice de fréquentationAE'!$A:$BB,E$34,0)) -> 0.85898635 | F43: =IF(VLOOKUP($B$8,'indice de fréquentationAE'!$A:$BB,F$34,0)=0,"-",VLOOKUP($B$8,'indice de fréquentationAE'!$A:$BB,F$34,0)) -> 0.8786689 | G43: =IF(VLOOKUP($B$8,'indice de fréquentationAE'!$A:$BB,G$34,0)=0,"-",VLOOKUP($B$8,'indice de fréquentationAE'!$A:$BB,G$34,0)) -> 0.82663366 | H43: =IF(VLOOKUP($B$8,'indice de fréquentationAE'!$A:$BB,H$34,0)=0,"-",VLOOKUP($B$8,'indice de fréquentationAE'!$A:$BB,H$34,0)) -> 0.76510871 | I43: =IF(VLOOKUP($B$8,'indice de fréquentationAE'!$A:$BB,I$34,0)=0,"-",VLOOKUP($B$8,'indice de fréquentationAE'!$A:$BB,I$34,0)) -> 0.82785492 | ... W43: =IF(VLOOKUP($B$8,'indice de fréquentationAE'!$A:$BB,W$34,0)=0,"-",VLOOKUP($B$8,'indice de fréquentationAE'!$A:$BB,W$34,0)) -> 1.1599164
A44: taux d'occupation des fauteuils (%) | B44: =IF(VLOOKUP($B$8,tmofAE!$A:$BB,B$34,0)=0,"-",VLOOKUP($B$8,tmofAE!$A:$BB,B$34,0)) -> 17.430645 | C44: =IF(VLOOKUP($B$8,tmofAE!$A:$BB,C$34,0)=0,"-",VLOOKUP($B$8,tmofAE!$A:$BB,C$34,0)) -> 15.964701 | D44: =IF(VLOOKUP($B$8,tmofAE!$A:$BB,D$34,0)=0,"-",VLOOKUP($B$8,tmofAE!$A:$BB,D$34,0)) -> 18.353814 | E44: =IF(VLOOKUP($B$8,tmofAE!$A:$BB,E$34,0)=0,"-",VLOOKUP($B$8,tmofAE!$A:$BB,E$34,0)) -> 16.048051 | F44: =IF(VLOOKUP($B$8,tmofAE!$A:$BB,F$34,0)=0,"-",VLOOKUP($B$8,tmofAE!$A:$BB,F$34,0)) -> 17.067429 | G44: =IF(VLOOKUP($B$8,tmofAE!$A:$BB,G$34,0)=0,"-",VLOOKUP($B$8,tmofAE!$A:$BB,G$34,0)) -> 16.374702 | H44: =IF(VLOOKUP($B$8,tmofAE!$A:$BB,H$34,0)=0,"-",VLOOKUP($B$8,tmofAE!$A:$BB,H$34,0)) -> 15.722567 | I44: =IF(VLOOKUP($B$8,tmofAE!$A:$BB,I$34,0)=0,"-",VLOOKUP($B$8,tmofAE!$A:$BB,I$34,0)) -> 15.829398 | ... W44: =IF(VLOOKUP($B$8,tmofAE!$A:$BB,W$34,0)=0,"-",VLOOKUP($B$8,tmofAE!$A:$BB,W$34,0)) -> 13.988221
A47: Résultats des établissements à moins de 80 000 entrées annuelles
B48: 2 | C48: 3 | D48: 4 | E48: 5 | F48: 6 | G48: 7 | H48: 8 | I48: 9 | J48: 10 | K48: 11 | L48: 12 | M48: 13 | N48: 14 | O48: 15 | P48: 16 | Q48: 17 | R48: 18 | S48: 19 | T48: 20 | U48: 21
B49: 2004 | C49: 2005 | D49: 2006 | E49: 2007 | F49: 2008 | G49: 2009 | H49: 2010 | I49: 2011 | J49: 2012 | K49: 2013 | L49: 2014 | M49: 2015 | N49: 2016 | O49: 2017 | P49: 2018 | Q49: 2019 | R49: 2020 | S49: 2021 | T49: 2022 | U49: 2023
A50: établissements | B50: =IF(VLOOKUP($B$8,étabP!$A:$BB,B$48,0)=0,"-",VLOOKUP($B$8,étabP!$A:$BB,B$48,0)) -> 258 | C50: =IF(VLOOKUP($B$8,étabP!$A:$BB,C$48,0)=0,"-",VLOOKUP($B$8,étabP!$A:$BB,C$48,0)) -> 262 | D50: =IF(VLOOKUP($B$8,étabP!$A:$BB,D$48,0)=0,"-",VLOOKUP($B$8,étabP!$A:$BB,D$48,0)) -> 263 | E50: =IF(VLOOKUP($B$8,étabP!$A:$BB,E$48,0)=0,"-",VLOOKUP($B$8,étabP!$A:$BB,E$48,0)) -> 259 | F50: =IF(VLOOKUP($B$8,étabP!$A:$BB,F$48,0)=0,"-",VLOOKUP($B$8,étabP!$A:$BB,F$48,0)) -> 268 | G50: =IF(VLOOKUP($B$8,étabP!$A:$BB,G$48,0)=0,"-",VLOOKUP($B$8,étabP!$A:$BB,G$48,0)) -> 271 | H50: =IF(VLOOKUP($B$8,étabP!$A:$BB,H$48,0)=0,"-",VLOOKUP($B$8,étabP!$A:$BB,H$48,0)) -> 266 | I50: =IF(VLOOKUP($B$8,étabP!$A:$BB,I$48,0)=0,"-",VLOOKUP($B$8,étabP!$A:$BB,I$48,0)) -> 263 | ... U50: =IF(VLOOKUP($B$8,étabP!$A:$BB,U$48,0)=0,"-",VLOOKUP($B$8,étabP!$A:$BB,U$48,0)) -> 243
A51: écrans | B51: =IF(VLOOKUP($B$8,écransP!$A:$BB,B$48,0)=0,"-",VLOOKUP($B$8,écransP!$A:$BB,B$48,0)) -> 332 | C51: =IF(VLOOKUP($B$8,écransP!$A:$BB,C$48,0)=0,"-",VLOOKUP($B$8,écransP!$A:$BB,C$48,0)) -> 340 | D51: =IF(VLOOKUP($B$8,écransP!$A:$BB,D$48,0)=0,"-",VLOOKUP($B$8,écransP!$A:$BB,D$48,0)) -> 349 | E51: =IF(VLOOKUP($B$8,écransP!$A:$BB,E$48,0)=0,"-",VLOOKUP($B$8,écransP!$A:$BB,E$48,0)) -> 337 | F51: =IF(VLOOKUP($B$8,écransP!$A:$BB,F$48,0)=0,"-",VLOOKUP($B$8,écransP!$A:$BB,F$48,0)) -> 356 | G51: =IF(VLOOKUP($B$8,écransP!$A:$BB,G$48,0)=0,"-",VLOOKUP($B$8,écransP!$A:$BB,G$48,0)) -> 358 | H51: =IF(VLOOKUP($B$8,écransP!$A:$BB,H$48,0)=0,"-",VLOOKUP($B$8,écransP!$A:$BB,H$48,0)) -> 350 | I51: =IF(VLOOKUP($B$8,écransP!$A:$BB,I$48,0)=0,"-",VLOOKUP($B$8,écransP!$A:$BB,I$48,0)) -> 349 | ... U51: =IF(VLOOKUP($B$8,écransP!$A:$BB,U$48,0)=0,"-",VLOOKUP($B$8,écransP!$A:$BB,U$48,0)) -> 351
A52: fauteuils | B52: =IF(VLOOKUP($B$8,fauteuilsP!$A:$BB,B$48,0)=0,"-",VLOOKUP($B$8,fauteuilsP!$A:$BB,B$48,0)) -> 58814 | C52: =IF(VLOOKUP($B$8,fauteuilsP!$A:$BB,C$48,0)=0,"-",VLOOKUP($B$8,fauteuilsP!$A:$BB,C$48,0)) -> 59729 | D52: =IF(VLOOKUP($B$8,fauteuilsP!$A:$BB,D$48,0)=0,"-",VLOOKUP($B$8,fauteuilsP!$A:$BB,D$48,0)) -> 59552 | E52: =IF(VLOOKUP($B$8,fauteuilsP!$A:$BB,E$48,0)=0,"-",VLOOKUP($B$8,fauteuilsP!$A:$BB,E$48,0)) -> 57195 | F52: =IF(VLOOKUP($B$8,fauteuilsP!$A:$BB,F$48,0)=0,"-",VLOOKUP($B$8,fauteuilsP!$A:$BB,F$48,0)) -> 59594 | G52: =IF(VLOOKUP($B$8,fauteuilsP!$A:$BB,G$48,0)=0,"-",VLOOKUP($B$8,fauteuilsP!$A:$BB,G$48,0)) -> 59802 | H52: =IF(VLOOKUP($B$8,fauteuilsP!$A:$BB,H$48,0)=0,"-",VLOOKUP($B$8,fauteuilsP!$A:$BB,H$48,0)) -> 58731 | I52: =IF(VLOOKUP($B$8,fauteuilsP!$A:$BB,I$48,0)=0,"-",VLOOKUP($B$8,fauteuilsP!$A:$BB,I$48,0)) -> 58938 | ... U52: =IF(VLOOKUP($B$8,fauteuilsP!$A:$BB,U$48,0)=0,"-",VLOOKUP($B$8,fauteuilsP!$A:$BB,U$48,0)) -> 57158
A53: séances (milliers) | B53: =IF(VLOOKUP($B$8,séancesP!$A:$BB,B$48,0)=0,"-",VLOOKUP($B$8,séancesP!$A:$BB,B$48,0)) -> 152708 | C53: =IF(VLOOKUP($B$8,séancesP!$A:$BB,C$48,0)=0,"-",VLOOKUP($B$8,séancesP!$A:$BB,C$48,0)) -> 159789 | D53: =IF(VLOOKUP($B$8,séancesP!$A:$BB,D$48,0)=0,"-",VLOOKUP($B$8,séancesP!$A:$BB,D$48,0)) -> 160408 | E53: =IF(VLOOKUP($B$8,séancesP!$A:$BB,E$48,0)=0,"-",VLOOKUP($B$8,séancesP!$A:$BB,E$48,0)) -> 155513 | F53: =IF(VLOOKUP($B$8,séancesP!$A:$BB,F$48,0)=0,"-",VLOOKUP($B$8,séancesP!$A:$BB,F$48,0)) -> 164944 | G53: =IF(VLOOKUP($B$8,séancesP!$A:$BB,G$48,0)=0,"-",VLOOKUP($B$8,séancesP!$A:$BB,G$48,0)) -> 170119 | H53: =IF(VLOOKUP($B$8,séancesP!$A:$BB,H$48,0)=0,"-",VLOOKUP($B$8,séancesP!$A:$BB,H$48,0)) -> 170944 | I53: =IF(VLOOKUP($B$8,séancesP!$A:$BB,I$48,0)=0,"-",VLOOKUP($B$8,séancesP!$A:$BB,I$48,0)) -> 174418 | ... U53: =IF(VLOOKUP($B$8,séancesP!$A:$BB,U$48,0)=0,"-",VLOOKUP($B$8,séancesP!$A:$BB,U$48,0)) -> 229332
A54: entrées (millions) | B54: =IF(VLOOKUP($B$8,entréesP!$A:$BB,B$48,0)=0,"-",VLOOKUP($B$8,entréesP!$A:$BB,B$48,0)) -> 5154994 | C54: =IF(VLOOKUP($B$8,entréesP!$A:$BB,C$48,0)=0,"-",VLOOKUP($B$8,entréesP!$A:$BB,C$48,0)) -> 4603050 | D54: =IF(VLOOKUP($B$8,entréesP!$A:$BB,D$48,0)=0,"-",VLOOKUP($B$8,entréesP!$A:$BB,D$48,0)) -> 5063518 | E54: =IF(VLOOKUP($B$8,entréesP!$A:$BB,E$48,0)=0,"-",VLOOKUP($B$8,entréesP!$A:$BB,E$48,0)) -> 4609782 | F54: =IF(VLOOKUP($B$8,entréesP!$A:$BB,F$48,0)=0,"-",VLOOKUP($B$8,entréesP!$A:$BB,F$48,0)) -> 4775050 | G54: =IF(VLOOKUP($B$8,entréesP!$A:$BB,G$48,0)=0,"-",VLOOKUP($B$8,entréesP!$A:$BB,G$48,0)) -> 4762755 | H54: =IF(VLOOKUP($B$8,entréesP!$A:$BB,H$48,0)=0,"-",VLOOKUP($B$8,entréesP!$A:$BB,H$48,0)) -> 4657782 | I54: =IF(VLOOKUP($B$8,entréesP!$A:$BB,I$48,0)=0,"-",VLOOKUP($B$8,entréesP!$A:$BB,I$48,0)) -> 4981750 | ... U54: =IF(VLOOKUP($B$8,entréesP!$A:$BB,U$48,0)=0,"-",VLOOKUP($B$8,entréesP!$A:$BB,U$48,0)) -> 4968513
A55: recettes (M€) | B55: =IF(VLOOKUP($B$8,recettesP!$A:$BB,B$48,0)=0,"-",VLOOKUP($B$8,recettesP!$A:$BB,B$48,0)) -> 26041889 | C55: =IF(VLOOKUP($B$8,recettesP!$A:$BB,C$48,0)=0,"-",VLOOKUP($B$8,recettesP!$A:$BB,C$48,0)) -> 23256302 | D55: =IF(VLOOKUP($B$8,recettesP!$A:$BB,D$48,0)=0,"-",VLOOKUP($B$8,recettesP!$A:$BB,D$48,0)) -> 26179286 | E55: =IF(VLOOKUP($B$8,recettesP!$A:$BB,E$48,0)=0,"-",VLOOKUP($B$8,recettesP!$A:$BB,E$48,0)) -> 23843335 | F55: =IF(VLOOKUP($B$8,recettesP!$A:$BB,F$48,0)=0,"-",VLOOKUP($B$8,recettesP!$A:$BB,F$48,0)) -> 25136548 | G55: =IF(VLOOKUP($B$8,recettesP!$A:$BB,G$48,0)=0,"-",VLOOKUP($B$8,recettesP!$A:$BB,G$48,0)) -> 24731128 | H55: =IF(VLOOKUP($B$8,recettesP!$A:$BB,H$48,0)=0,"-",VLOOKUP($B$8,recettesP!$A:$BB,H$48,0)) -> 24380093 | I55: =IF(VLOOKUP($B$8,recettesP!$A:$BB,I$48,0)=0,"-",VLOOKUP($B$8,recettesP!$A:$BB,I$48,0)) -> 26511323 | ... U55: =IF(VLOOKUP($B$8,recettesP!$A:$BB,U$48,0)=0,"-",VLOOKUP($B$8,recettesP!$A:$BB,U$48,0)) -> 26838867
A56: RME (€) | B56: =IF(VLOOKUP($B$8,RMEP!$A:$BB,B$48,0)=0,"-",VLOOKUP($B$8,RMEP!$A:$BB,B$48,0)) -> 5.0517787 | C56: =IF(VLOOKUP($B$8,RMEP!$A:$BB,C$48,0)=0,"-",VLOOKUP($B$8,RMEP!$A:$BB,C$48,0)) -> 5.0523679 | D56: =IF(VLOOKUP($B$8,RMEP!$A:$BB,D$48,0)=0,"-",VLOOKUP($B$8,RMEP!$A:$BB,D$48,0)) -> 5.1701773 | E56: =IF(VLOOKUP($B$8,RMEP!$A:$BB,E$48,0)=0,"-",VLOOKUP($B$8,RMEP!$A:$BB,E$48,0)) -> 5.1723346 | F56: =IF(VLOOKUP($B$8,RMEP!$A:$BB,F$48,0)=0,"-",VLOOKUP($B$8,RMEP!$A:$BB,F$48,0)) -> 5.2641434 | G56: =IF(VLOOKUP($B$8,RMEP!$A:$BB,G$48,0)=0,"-",VLOOKUP($B$8,RMEP!$A:$BB,G$48,0)) -> 5.1926097 | H56: =IF(VLOOKUP($B$8,RMEP!$A:$BB,H$48,0)=0,"-",VLOOKUP($B$8,RMEP!$A:$BB,H$48,0)) -> 5.2342709 | I56: =IF(VLOOKUP($B$8,RMEP!$A:$BB,I$48,0)=0,"-",VLOOKUP($B$8,RMEP!$A:$BB,I$48,0)) -> 5.3216888 | ... U56: =IF(VLOOKUP($B$8,RMEP!$A:$BB,U$48,0)=0,"-",VLOOKUP($B$8,RMEP!$A:$BB,U$48,0)) -> 5.4017906
A57: indice de fréquentation | B57: =IF(VLOOKUP($B$8,'indice de fréquentationP'!$A:$BB,B$48,0)=0,"-",VLOOKUP($B$8,'indice de fréquentationP'!$A:$BB,B$48,0)) -> 0.7006704 | C57: =IF(VLOOKUP($B$8,'indice de fréquentationP'!$A:$BB,C$48,0)=0,"-",VLOOKUP($B$8,'indice de fréquentationP'!$A:$BB,C$48,0)) -> 0.55791124 | D57: =IF(VLOOKUP($B$8,'indice de fréquentationP'!$A:$BB,D$48,0)=0,"-",VLOOKUP($B$8,'indice de fréquentationP'!$A:$BB,D$48,0)) -> 0.61372212 | E57: =IF(VLOOKUP($B$8,'indice de fréquentationP'!$A:$BB,E$48,0)=0,"-",VLOOKUP($B$8,'indice de fréquentationP'!$A:$BB,E$48,0)) -> 0.55872719 | F57: =IF(VLOOKUP($B$8,'indice de fréquentationP'!$A:$BB,F$48,0)=0,"-",VLOOKUP($B$8,'indice de fréquentationP'!$A:$BB,F$48,0)) -> 0.57875844 | G57: =IF(VLOOKUP($B$8,'indice de fréquentationP'!$A:$BB,G$48,0)=0,"-",VLOOKUP($B$8,'indice de fréquentationP'!$A:$BB,G$48,0)) -> 0.57726823 | H57: =IF(VLOOKUP($B$8,'indice de fréquentationP'!$A:$BB,H$48,0)=0,"-",VLOOKUP($B$8,'indice de fréquentationP'!$A:$BB,H$48,0)) -> 0.56454501 | I57: =IF(VLOOKUP($B$8,'indice de fréquentationP'!$A:$BB,I$48,0)=0,"-",VLOOKUP($B$8,'indice de fréquentationP'!$A:$BB,I$48,0)) -> 0.60381145 | ... U57: =IF(VLOOKUP($B$8,'indice de fréquentationP'!$A:$BB,U$48,0)=0,"-",VLOOKUP($B$8,'indice de fréquentationP'!$A:$BB,U$48,0)) -> 0.60220706
A58: taux d'occupation des fauteuils (%) | B58: =IF(VLOOKUP($B$8,tmofP!$A:$BA,B$48,0)=0,"-",VLOOKUP($B$8,tmofP!$A:$BA,B$48,0)) -> 16.667748 | C58: =IF(VLOOKUP($B$8,tmofP!$A:$BA,C$48,0)=0,"-",VLOOKUP($B$8,tmofP!$A:$BA,C$48,0)) -> 14.729664 | D58: =IF(VLOOKUP($B$8,tmofP!$A:$BA,D$48,0)=0,"-",VLOOKUP($B$8,tmofP!$A:$BA,D$48,0)) -> 16.558575 | E58: =IF(VLOOKUP($B$8,tmofP!$A:$BA,E$48,0)=0,"-",VLOOKUP($B$8,tmofP!$A:$BA,E$48,0)) -> 15.502638 | F58: =IF(VLOOKUP($B$8,tmofP!$A:$BA,F$48,0)=0,"-",VLOOKUP($B$8,tmofP!$A:$BA,F$48,0)) -> 15.334831 | G58: =IF(VLOOKUP($B$8,tmofP!$A:$BA,G$48,0)=0,"-",VLOOKUP($B$8,tmofP!$A:$BA,G$48,0)) -> 14.912913 | H58: =IF(VLOOKUP($B$8,tmofP!$A:$BA,H$48,0)=0,"-",VLOOKUP($B$8,tmofP!$A:$BA,H$48,0)) -> 14.479716 | I58: =IF(VLOOKUP($B$8,tmofP!$A:$BA,I$48,0)=0,"-",VLOOKUP($B$8,tmofP!$A:$BA,I$48,0)) -> 15.242004 | ... U58: =IF(VLOOKUP($B$8,tmofP!$A:$BA,U$48,0)=0,"-",VLOOKUP($B$8,tmofP!$A:$BA,U$48,0)) -> 12.156317
A61: Résultats des établissements de 80 000 à 450 000 entrées annuelles
B62: 2 | C62: 3 | D62: 4 | E62: 5 | F62: 6 | G62: 7 | H62: 8 | I62: 9 | J62: 10 | K62: 11 | L62: 12 | M62: 13 | N62: 14 | O62: 15 | P62: 16 | Q62: 17 | R62: 18 | S62: 19 | T62: 20 | U62: 21
B63: 2004 | C63: 2005 | D63: 2006 | E63: 2007 | F63: 2008 | G63: 2009 | H63: 2010 | I63: 2011 | J63: 2012 | K63: 2013 | L63: 2014 | M63: 2015 | N63: 2016 | O63: 2017 | P63: 2018 | Q63: 2019 | R63: 2020 | S63: 2021 | T63: 2022 | U63: 2023
A64: établissements | B64: =IF(VLOOKUP($B$8,étabM!$A:$BB,B$62,0)=0,"-",VLOOKUP($B$8,étabM!$A:$BB,B$62,0)) -> 63 | C64: =IF(VLOOKUP($B$8,étabM!$A:$BB,C$62,0)=0,"-",VLOOKUP($B$8,étabM!$A:$BB,C$62,0)) -> 58 | D64: =IF(VLOOKUP($B$8,étabM!$A:$BB,D$62,0)=0,"-",VLOOKUP($B$8,étabM!$A:$BB,D$62,0)) -> 60 | E64: =IF(VLOOKUP($B$8,étabM!$A:$BB,E$62,0)=0,"-",VLOOKUP($B$8,étabM!$A:$BB,E$62,0)) -> 71 | F64: =IF(VLOOKUP($B$8,étabM!$A:$BB,F$62,0)=0,"-",VLOOKUP($B$8,étabM!$A:$BB,F$62,0)) -> 65 | G64: =IF(VLOOKUP($B$8,étabM!$A:$BB,G$62,0)=0,"-",VLOOKUP($B$8,étabM!$A:$BB,G$62,0)) -> 58 | H64: =IF(VLOOKUP($B$8,étabM!$A:$BB,H$62,0)=0,"-",VLOOKUP($B$8,étabM!$A:$BB,H$62,0)) -> 58 | I64: =IF(VLOOKUP($B$8,étabM!$A:$BB,I$62,0)=0,"-",VLOOKUP($B$8,étabM!$A:$BB,I$62,0)) -> 54 | ... U64: =IF(VLOOKUP($B$8,étabM!$A:$BB,U$62,0)=0,"-",VLOOKUP($B$8,étabM!$A:$BB,U$62,0)) -> 50
A65: écrans | B65: =IF(VLOOKUP($B$8,écransM!$A:$BB,B$62,0)=0,"-",VLOOKUP($B$8,écransM!$A:$BB,B$62,0)) -> 207 | C65: =IF(VLOOKUP($B$8,écransM!$A:$BB,C$62,0)=0,"-",VLOOKUP($B$8,écransM!$A:$BB,C$62,0)) -> 219 | D65: =IF(VLOOKUP($B$8,écransM!$A:$BB,D$62,0)=0,"-",VLOOKUP($B$8,écransM!$A:$BB,D$62,0)) -> 217 | E65: =IF(VLOOKUP($B$8,écransM!$A:$BB,E$62,0)=0,"-",VLOOKUP($B$8,écransM!$A:$BB,E$62,0)) -> 260 | F65: =IF(VLOOKUP($B$8,écransM!$A:$BB,F$62,0)=0,"-",VLOOKUP($B$8,écransM!$A:$BB,F$62,0)) -> 239 | G65: =IF(VLOOKUP($B$8,écransM!$A:$BB,G$62,0)=0,"-",VLOOKUP($B$8,écransM!$A:$BB,G$62,0)) -> 220 | H65: =IF(VLOOKUP($B$8,écransM!$A:$BB,H$62,0)=0,"-",VLOOKUP($B$8,écransM!$A:$BB,H$62,0)) -> 217 | I65: =IF(VLOOKUP($B$8,écransM!$A:$BB,I$62,0)=0,"-",VLOOKUP($B$8,écransM!$A:$BB,I$62,0)) -> 218 | ... U65: =IF(VLOOKUP($B$8,écransM!$A:$BB,U$62,0)=0,"-",VLOOKUP($B$8,écransM!$A:$BB,U$62,0)) -> 235
A66: fauteuils | B66: =IF(VLOOKUP($B$8,fauteuilsM!$A:$BB,B$62,0)=0,"-",VLOOKUP($B$8,fauteuilsM!$A:$BB,B$62,0)) -> 33642 | C66: =IF(VLOOKUP($B$8,fauteuilsM!$A:$BB,C$62,0)=0,"-",VLOOKUP($B$8,fauteuilsM!$A:$BB,C$62,0)) -> 33966 | D66: =IF(VLOOKUP($B$8,fauteuilsM!$A:$BB,D$62,0)=0,"-",VLOOKUP($B$8,fauteuilsM!$A:$BB,D$62,0)) -> 36094 | E66: =IF(VLOOKUP($B$8,fauteuilsM!$A:$BB,E$62,0)=0,"-",VLOOKUP($B$8,fauteuilsM!$A:$BB,E$62,0)) -> 43376 | F66: =IF(VLOOKUP($B$8,fauteuilsM!$A:$BB,F$62,0)=0,"-",VLOOKUP($B$8,fauteuilsM!$A:$BB,F$62,0)) -> 39528 | G66: =IF(VLOOKUP($B$8,fauteuilsM!$A:$BB,G$62,0)=0,"-",VLOOKUP($B$8,fauteuilsM!$A:$BB,G$62,0)) -> 37030 | H66: =IF(VLOOKUP($B$8,fauteuilsM!$A:$BB,H$62,0)=0,"-",VLOOKUP($B$8,fauteuilsM!$A:$BB,H$62,0)) -> 35425 | I66: =IF(VLOOKUP($B$8,fauteuilsM!$A:$BB,I$62,0)=0,"-",VLOOKUP($B$8,fauteuilsM!$A:$BB,I$62,0)) -> 35907 | ... U66: =IF(VLOOKUP($B$8,fauteuilsM!$A:$BB,U$62,0)=0,"-",VLOOKUP($B$8,fauteuilsM!$A:$BB,U$62,0)) -> 37855
A67: séances (milliers) | B67: =IF(VLOOKUP($B$8,séancesM!$A:$BB,B$62,0)=0,"-",VLOOKUP($B$8,séancesM!$A:$BB,B$62,0)) -> 194101 | C67: =IF(VLOOKUP($B$8,séancesM!$A:$BB,C$62,0)=0,"-",VLOOKUP($B$8,séancesM!$A:$BB,C$62,0)) -> 244200 | D67: =IF(VLOOKUP($B$8,séancesM!$A:$BB,D$62,0)=0,"-",VLOOKUP($B$8,séancesM!$A:$BB,D$62,0)) -> 232502 | E67: =IF(VLOOKUP($B$8,séancesM!$A:$BB,E$62,0)=0,"-",VLOOKUP($B$8,séancesM!$A:$BB,E$62,0)) -> 287240 | F67: =IF(VLOOKUP($B$8,séancesM!$A:$BB,F$62,0)=0,"-",VLOOKUP($B$8,séancesM!$A:$BB,F$62,0)) -> 277162 | G67: =IF(VLOOKUP($B$8,séancesM!$A:$BB,G$62,0)=0,"-",VLOOKUP($B$8,séancesM!$A:$BB,G$62,0)) -> 266941 | H67: =IF(VLOOKUP($B$8,séancesM!$A:$BB,H$62,0)=0,"-",VLOOKUP($B$8,séancesM!$A:$BB,H$62,0)) -> 266023 | I67: =IF(VLOOKUP($B$8,séancesM!$A:$BB,I$62,0)=0,"-",VLOOKUP($B$8,séancesM!$A:$BB,I$62,0)) -> 266013 | ... U67: =IF(VLOOKUP($B$8,séancesM!$A:$BB,U$62,0)=0,"-",VLOOKUP($B$8,séancesM!$A:$BB,U$62,0)) -> 318894
A68: entrées (millions) | B68: =IF(VLOOKUP($B$8,entréesM!$A:$BB,B$62,0)=0,"-",VLOOKUP($B$8,entréesM!$A:$BB,B$62,0)) -> 5140731 | C68: =IF(VLOOKUP($B$8,entréesM!$A:$BB,C$62,0)=0,"-",VLOOKUP($B$8,entréesM!$A:$BB,C$62,0)) -> 5671137 | D68: =IF(VLOOKUP($B$8,entréesM!$A:$BB,D$62,0)=0,"-",VLOOKUP($B$8,entréesM!$A:$BB,D$62,0)) -> 5999803 | E68: =IF(VLOOKUP($B$8,entréesM!$A:$BB,E$62,0)=0,"-",VLOOKUP($B$8,entréesM!$A:$BB,E$62,0)) -> 6764109 | F68: =IF(VLOOKUP($B$8,entréesM!$A:$BB,F$62,0)=0,"-",VLOOKUP($B$8,entréesM!$A:$BB,F$62,0)) -> 6438381 | G68: =IF(VLOOKUP($B$8,entréesM!$A:$BB,G$62,0)=0,"-",VLOOKUP($B$8,entréesM!$A:$BB,G$62,0)) -> 6549195 | H68: =IF(VLOOKUP($B$8,entréesM!$A:$BB,H$62,0)=0,"-",VLOOKUP($B$8,entréesM!$A:$BB,H$62,0)) -> 6460181 | I68: =IF(VLOOKUP($B$8,entréesM!$A:$BB,I$62,0)=0,"-",VLOOKUP($B$8,entréesM!$A:$BB,I$62,0)) -> 6765415 | ... U68: =IF(VLOOKUP($B$8,entréesM!$A:$BB,U$62,0)=0,"-",VLOOKUP($B$8,entréesM!$A:$BB,U$62,0)) -> 6950976
A69: recettes (M€) | B69: =IF(VLOOKUP($B$8,recettesM!$A:$BB,B$62,0)=0,"-",VLOOKUP($B$8,recettesM!$A:$BB,B$62,0)) -> 27945133 | C69: =IF(VLOOKUP($B$8,recettesM!$A:$BB,C$62,0)=0,"-",VLOOKUP($B$8,recettesM!$A:$BB,C$62,0)) -> 32028710 | D69: =IF(VLOOKUP($B$8,recettesM!$A:$BB,D$62,0)=0,"-",VLOOKUP($B$8,recettesM!$A:$BB,D$62,0)) -> 34102789 | E69: =IF(VLOOKUP($B$8,recettesM!$A:$BB,E$62,0)=0,"-",VLOOKUP($B$8,recettesM!$A:$BB,E$62,0)) -> 39515413 | F69: =IF(VLOOKUP($B$8,recettesM!$A:$BB,F$62,0)=0,"-",VLOOKUP($B$8,recettesM!$A:$BB,F$62,0)) -> 38169801 | G69: =IF(VLOOKUP($B$8,recettesM!$A:$BB,G$62,0)=0,"-",VLOOKUP($B$8,recettesM!$A:$BB,G$62,0)) -> 39987203 | H69: =IF(VLOOKUP($B$8,recettesM!$A:$BB,H$62,0)=0,"-",VLOOKUP($B$8,recettesM!$A:$BB,H$62,0)) -> 40200365 | I69: =IF(VLOOKUP($B$8,recettesM!$A:$BB,I$62,0)=0,"-",VLOOKUP($B$8,recettesM!$A:$BB,I$62,0)) -> 42751479 | ... U69: =IF(VLOOKUP($B$8,recettesM!$A:$BB,U$62,0)=0,"-",VLOOKUP($B$8,recettesM!$A:$BB,U$62,0)) -> 48844591
A70: RME (€) | B70: =IF(VLOOKUP($B$8,RMEM!$A:$BB,B$62,0)=0,"-",VLOOKUP($B$8,RMEM!$A:$BB,B$62,0)) -> 5.4360232 | C70: =IF(VLOOKUP($B$8,RMEM!$A:$BB,C$62,0)=0,"-",VLOOKUP($B$8,RMEM!$A:$BB,C$62,0)) -> 5.6476699 | D70: =IF(VLOOKUP($B$8,RMEM!$A:$BB,D$62,0)=0,"-",VLOOKUP($B$8,RMEM!$A:$BB,D$62,0)) -> 5.6839848 | E70: =IF(VLOOKUP($B$8,RMEM!$A:$BB,E$62,0)=0,"-",VLOOKUP($B$8,RMEM!$A:$BB,E$62,0)) -> 5.8419243 | F70: =IF(VLOOKUP($B$8,RMEM!$A:$BB,F$62,0)=0,"-",VLOOKUP($B$8,RMEM!$A:$BB,F$62,0)) -> 5.9284781 | G70: =IF(VLOOKUP($B$8,RMEM!$A:$BB,G$62,0)=0,"-",VLOOKUP($B$8,RMEM!$A:$BB,G$62,0)) -> 6.1056669 | H70: =IF(VLOOKUP($B$8,RMEM!$A:$BB,H$62,0)=0,"-",VLOOKUP($B$8,RMEM!$A:$BB,H$62,0)) -> 6.2227924 | I70: =IF(VLOOKUP($B$8,RMEM!$A:$BB,I$62,0)=0,"-",VLOOKUP($B$8,RMEM!$A:$BB,I$62,0)) -> 6.3191214 | ... U70: =IF(VLOOKUP($B$8,RMEM!$A:$BB,U$62,0)=0,"-",VLOOKUP($B$8,RMEM!$A:$BB,U$62,0)) -> 7.0270119
A71: indice de fréquentation | B71: =IF(VLOOKUP($B$8,'indice de fréquentationM'!$A:$BB,B$62,0)=0,"-",VLOOKUP($B$8,'indice de fréquentationM'!$A:$BB,B$62,0)) -> 0.69873176 | C71: =IF(VLOOKUP($B$8,'indice de fréquentationM'!$A:$BB,C$62,0)=0,"-",VLOOKUP($B$8,'indice de fréquentationM'!$A:$BB,C$62,0)) -> 0.68736839 | D71: =IF(VLOOKUP($B$8,'indice de fréquentationM'!$A:$BB,D$62,0)=0,"-",VLOOKUP($B$8,'indice de fréquentationM'!$A:$BB,D$62,0)) -> 0.72720425 | E71: =IF(VLOOKUP($B$8,'indice de fréquentationM'!$A:$BB,E$62,0)=0,"-",VLOOKUP($B$8,'indice de fréquentationM'!$A:$BB,E$62,0)) -> 0.81984172 | F71: =IF(VLOOKUP($B$8,'indice de fréquentationM'!$A:$BB,F$62,0)=0,"-",VLOOKUP($B$8,'indice de fréquentationM'!$A:$BB,F$62,0)) -> 0.78036196 | G71: =IF(VLOOKUP($B$8,'indice de fréquentationM'!$A:$BB,G$62,0)=0,"-",VLOOKUP($B$8,'indice de fréquentationM'!$A:$BB,G$62,0)) -> 0.79379313 | H71: =IF(VLOOKUP($B$8,'indice de fréquentationM'!$A:$BB,H$62,0)=0,"-",VLOOKUP($B$8,'indice de fréquentationM'!$A:$BB,H$62,0)) -> 0.78300422 | I71: =IF(VLOOKUP($B$8,'indice de fréquentationM'!$A:$BB,I$62,0)=0,"-",VLOOKUP($B$8,'indice de fréquentationM'!$A:$BB,I$62,0)) -> 0.82000001 | ... U71: =IF(VLOOKUP($B$8,'indice de fréquentationM'!$A:$BB,U$62,0)=0,"-",VLOOKUP($B$8,'indice de fréquentationM'!$A:$BB,U$62,0)) -> 0.84249087
A72: taux d'occupation des fauteuils (%) | B72: =IF(VLOOKUP($B$8,tmofM!$A:$BB,B$62,0)=0,"-",VLOOKUP($B$8,tmofM!$A:$BB,B$62,0)) -> 16.985865 | C72: =IF(VLOOKUP($B$8,tmofM!$A:$BB,C$62,0)=0,"-",VLOOKUP($B$8,tmofM!$A:$BB,C$62,0)) -> 15.051493 | D72: =IF(VLOOKUP($B$8,tmofM!$A:$BB,D$62,0)=0,"-",VLOOKUP($B$8,tmofM!$A:$BB,D$62,0)) -> 16.146061 | E72: =IF(VLOOKUP($B$8,tmofM!$A:$BB,E$62,0)=0,"-",VLOOKUP($B$8,tmofM!$A:$BB,E$62,0)) -> 14.739067 | F72: =IF(VLOOKUP($B$8,tmofM!$A:$BB,F$62,0)=0,"-",VLOOKUP($B$8,tmofM!$A:$BB,F$62,0)) -> 14.477416 | G72: =IF(VLOOKUP($B$8,tmofM!$A:$BB,G$62,0)=0,"-",VLOOKUP($B$8,tmofM!$A:$BB,G$62,0)) -> 15.213878 | H72: =IF(VLOOKUP($B$8,tmofM!$A:$BB,H$62,0)=0,"-",VLOOKUP($B$8,tmofM!$A:$BB,H$62,0)) -> 15.520388 | I72: =IF(VLOOKUP($B$8,tmofM!$A:$BB,I$62,0)=0,"-",VLOOKUP($B$8,tmofM!$A:$BB,I$62,0)) -> 15.721344 | ... U72: =IF(VLOOKUP($B$8,tmofM!$A:$BB,U$62,0)=0,"-",VLOOKUP($B$8,tmofM!$A:$BB,U$62,0)) -> 13.919043
A75: Résultats des établissements à 450 000 entrées annuelles
B76: 2 | C76: 3 | D76: 4 | E76: 5 | F76: 6 | G76: 7 | H76: 8 | I76: 9 | J76: 10 | K76: 11 | L76: 12 | M76: 13 | N76: 14 | O76: 15 | P76: 16 | Q76: 17 | R76: 18 | S76: 19 | T76: 20 | U76: 21
B77: 2004 | C77: 2005 | D77: 2006 | E77: 2007 | F77: 2008 | G77: 2009 | H77: 2010 | I77: 2011 | J77: 2012 | K77: 2013 | L77: 2014 | M77: 2015 | N77: 2016 | O77: 2017 | P77: 2018 | Q77: 2019 | R77: 2020 | S77: 2021 | T77: 2022 | U77: 2023
A78: établissements | B78: =IF(VLOOKUP($B$8,étabG!$A:$BB,B$76,0)=0,"-",VLOOKUP($B$8,étabG!$A:$BB,B$76,0)) -> 25 | C78: =IF(VLOOKUP($B$8,étabG!$A:$BB,C$76,0)=0,"-",VLOOKUP($B$8,étabG!$A:$BB,C$76,0)) -> 19 | D78: =IF(VLOOKUP($B$8,étabG!$A:$BB,D$76,0)=0,"-",VLOOKUP($B$8,étabG!$A:$BB,D$76,0)) -> 20 | E78: =IF(VLOOKUP($B$8,étabG!$A:$BB,E$76,0)=0,"-",VLOOKUP($B$8,étabG!$A:$BB,E$76,0)) -> 15 | F78: =IF(VLOOKUP($B$8,étabG!$A:$BB,F$76,0)=0,"-",VLOOKUP($B$8,étabG!$A:$BB,F$76,0)) -> 17 | G78: =IF(VLOOKUP($B$8,étabG!$A:$BB,G$76,0)=0,"-",VLOOKUP($B$8,étabG!$A:$BB,G$76,0)) -> 20 | H78: =IF(VLOOKUP($B$8,étabG!$A:$BB,H$76,0)=0,"-",VLOOKUP($B$8,étabG!$A:$BB,H$76,0)) -> 20 | I78: =IF(VLOOKUP($B$8,étabG!$A:$BB,I$76,0)=0,"-",VLOOKUP($B$8,étabG!$A:$BB,I$76,0)) -> 22 | ... U78: =IF(VLOOKUP($B$8,étabG!$A:$BB,U$76,0)=0,"-",VLOOKUP($B$8,étabG!$A:$BB,U$76,0)) -> 29
A79: écrans | B79: =IF(VLOOKUP($B$8,écransG!$A:$BB,B$76,0)=0,"-",VLOOKUP($B$8,écransG!$A:$BB,B$76,0)) -> 203 | C79: =IF(VLOOKUP($B$8,écransG!$A:$BB,C$76,0)=0,"-",VLOOKUP($B$8,écransG!$A:$BB,C$76,0)) -> 169 | D79: =IF(VLOOKUP($B$8,écransG!$A:$BB,D$76,0)=0,"-",VLOOKUP($B$8,écransG!$A:$BB,D$76,0)) -> 180 | E79: =IF(VLOOKUP($B$8,écransG!$A:$BB,E$76,0)=0,"-",VLOOKUP($B$8,écransG!$A:$BB,E$76,0)) -> 155 | F79: =IF(VLOOKUP($B$8,écransG!$A:$BB,F$76,0)=0,"-",VLOOKUP($B$8,écransG!$A:$BB,F$76,0)) -> 178 | G79: =IF(VLOOKUP($B$8,écransG!$A:$BB,G$76,0)=0,"-",VLOOKUP($B$8,écransG!$A:$BB,G$76,0)) -> 204 | H79: =IF(VLOOKUP($B$8,écransG!$A:$BB,H$76,0)=0,"-",VLOOKUP($B$8,écransG!$A:$BB,H$76,0)) -> 206 | I79: =IF(VLOOKUP($B$8,écransG!$A:$BB,I$76,0)=0,"-",VLOOKUP($B$8,écransG!$A:$BB,I$76,0)) -> 213 | ... U79: =IF(VLOOKUP($B$8,écransG!$A:$BB,U$76,0)=0,"-",VLOOKUP($B$8,écransG!$A:$BB,U$76,0)) -> 278
A80: fauteuils | B80: =IF(VLOOKUP($B$8,fauteuilsG!$A:$BB,B$76,0)=0,"-",VLOOKUP($B$8,fauteuilsG!$A:$BB,B$76,0)) -> 39223 | C80: =IF(VLOOKUP($B$8,fauteuilsG!$A:$BB,C$76,0)=0,"-",VLOOKUP($B$8,fauteuilsG!$A:$BB,C$76,0)) -> 33294 | D80: =IF(VLOOKUP($B$8,fauteuilsG!$A:$BB,D$76,0)=0,"-",VLOOKUP($B$8,fauteuilsG!$A:$BB,D$76,0)) -> 35396 | E80: =IF(VLOOKUP($B$8,fauteuilsG!$A:$BB,E$76,0)=0,"-",VLOOKUP($B$8,fauteuilsG!$A:$BB,E$76,0)) -> 31578 | F80: =IF(VLOOKUP($B$8,fauteuilsG!$A:$BB,F$76,0)=0,"-",VLOOKUP($B$8,fauteuilsG!$A:$BB,F$76,0)) -> 35995 | G80: =IF(VLOOKUP($B$8,fauteuilsG!$A:$BB,G$76,0)=0,"-",VLOOKUP($B$8,fauteuilsG!$A:$BB,G$76,0)) -> 41292 | H80: =IF(VLOOKUP($B$8,fauteuilsG!$A:$BB,H$76,0)=0,"-",VLOOKUP($B$8,fauteuilsG!$A:$BB,H$76,0)) -> 42356 | I80: =IF(VLOOKUP($B$8,fauteuilsG!$A:$BB,I$76,0)=0,"-",VLOOKUP($B$8,fauteuilsG!$A:$BB,I$76,0)) -> 42951 | ... U80: =IF(VLOOKUP($B$8,fauteuilsG!$A:$BB,U$76,0)=0,"-",VLOOKUP($B$8,fauteuilsG!$A:$BB,U$76,0)) -> 52103
A81: séances (milliers) | B81: =IF(VLOOKUP($B$8,séancesG!$A:$BA,B$76,0)=0,"-",VLOOKUP($B$8,séancesG!$A:$BA,B$76,0)) -> 363905 | C81: =IF(VLOOKUP($B$8,séancesG!$A:$BA,C$76,0)=0,"-",VLOOKUP($B$8,séancesG!$A:$BA,C$76,0)) -> 305994 | D81: =IF(VLOOKUP($B$8,séancesG!$A:$BA,D$76,0)=0,"-",VLOOKUP($B$8,séancesG!$A:$BA,D$76,0)) -> 319775 | E81: =IF(VLOOKUP($B$8,séancesG!$A:$BA,E$76,0)=0,"-",VLOOKUP($B$8,séancesG!$A:$BA,E$76,0)) -> 279001 | F81: =IF(VLOOKUP($B$8,séancesG!$A:$BA,F$76,0)=0,"-",VLOOKUP($B$8,séancesG!$A:$BA,F$76,0)) -> 320426 | G81: =IF(VLOOKUP($B$8,séancesG!$A:$BA,G$76,0)=0,"-",VLOOKUP($B$8,séancesG!$A:$BA,G$76,0)) -> 360068 | H81: =IF(VLOOKUP($B$8,séancesG!$A:$BA,H$76,0)=0,"-",VLOOKUP($B$8,séancesG!$A:$BA,H$76,0)) -> 370102 | I81: =IF(VLOOKUP($B$8,séancesG!$A:$BA,I$76,0)=0,"-",VLOOKUP($B$8,séancesG!$A:$BA,I$76,0)) -> 394885 | ... U81: =IF(VLOOKUP($B$8,séancesG!$A:$BA,U$76,0)=0,"-",VLOOKUP($B$8,séancesG!$A:$BA,U$76,0)) -> 453300
A82: entrées (millions) | B82: =IF(VLOOKUP($B$8,entréesG!$A:$BA,B$76,0)=0,"-",VLOOKUP($B$8,entréesG!$A:$BA,B$76,0)) -> 13192512 | C82: =IF(VLOOKUP($B$8,entréesG!$A:$BA,C$76,0)=0,"-",VLOOKUP($B$8,entréesG!$A:$BA,C$76,0)) -> 10500489 | D82: =IF(VLOOKUP($B$8,entréesG!$A:$BA,D$76,0)=0,"-",VLOOKUP($B$8,entréesG!$A:$BA,D$76,0)) -> 11048208 | E82: =IF(VLOOKUP($B$8,entréesG!$A:$BA,E$76,0)=0,"-",VLOOKUP($B$8,entréesG!$A:$BA,E$76,0)) -> 9550106 | F82: =IF(VLOOKUP($B$8,entréesG!$A:$BA,F$76,0)=0,"-",VLOOKUP($B$8,entréesG!$A:$BA,F$76,0)) -> 10889884 | G82: =IF(VLOOKUP($B$8,entréesG!$A:$BA,G$76,0)=0,"-",VLOOKUP($B$8,entréesG!$A:$BA,G$76,0)) -> 12468580 | H82: =IF(VLOOKUP($B$8,entréesG!$A:$BA,H$76,0)=0,"-",VLOOKUP($B$8,entréesG!$A:$BA,H$76,0)) -> 13742089 | I82: =IF(VLOOKUP($B$8,entréesG!$A:$BA,I$76,0)=0,"-",VLOOKUP($B$8,entréesG!$A:$BA,I$76,0)) -> 13979802 | ... U82: =IF(VLOOKUP($B$8,entréesG!$A:$BA,U$76,0)=0,"-",VLOOKUP($B$8,entréesG!$A:$BA,U$76,0)) -> 9983406
A83: recettes (M€) | B83: =IF(VLOOKUP($B$8,recettesG!$A:$BA,B$76,0)=0,"-",VLOOKUP($B$8,recettesG!$A:$BA,B$76,0)) -> 81618766 | C83: =IF(VLOOKUP($B$8,recettesG!$A:$BA,C$76,0)=0,"-",VLOOKUP($B$8,recettesG!$A:$BA,C$76,0)) -> 66616179 | D83: =IF(VLOOKUP($B$8,recettesG!$A:$BA,D$76,0)=0,"-",VLOOKUP($B$8,recettesG!$A:$BA,D$76,0)) -> 71343793 | E83: =IF(VLOOKUP($B$8,recettesG!$A:$BA,E$76,0)=0,"-",VLOOKUP($B$8,recettesG!$A:$BA,E$76,0)) -> 62095510 | F83: =IF(VLOOKUP($B$8,recettesG!$A:$BA,F$76,0)=0,"-",VLOOKUP($B$8,recettesG!$A:$BA,F$76,0)) -> 71154904 | G83: =IF(VLOOKUP($B$8,recettesG!$A:$BA,G$76,0)=0,"-",VLOOKUP($B$8,recettesG!$A:$BA,G$76,0)) -> 83685814 | H83: =IF(VLOOKUP($B$8,recettesG!$A:$BA,H$76,0)=0,"-",VLOOKUP($B$8,recettesG!$A:$BA,H$76,0)) -> 96022704 | I83: =IF(VLOOKUP($B$8,recettesG!$A:$BA,I$76,0)=0,"-",VLOOKUP($B$8,recettesG!$A:$BA,I$76,0)) -> 96952516 | ... U83: =IF(VLOOKUP($B$8,recettesG!$A:$BA,U$76,0)=0,"-",VLOOKUP($B$8,recettesG!$A:$BA,U$76,0)) -> 86629762
A84: RME (€) | B84: =IF(VLOOKUP($B$8,RMEG!$A:$BA,B$76,0)=0,"-",VLOOKUP($B$8,RMEG!$A:$BA,B$76,0)) -> 6.1867494 | C84: =IF(VLOOKUP($B$8,RMEG!$A:$BA,C$76,0)=0,"-",VLOOKUP($B$8,RMEG!$A:$BA,C$76,0)) -> 6.3441025 | D84: =IF(VLOOKUP($B$8,RMEG!$A:$BA,D$76,0)=0,"-",VLOOKUP($B$8,RMEG!$A:$BA,D$76,0)) -> 6.4574991 | E84: =IF(VLOOKUP($B$8,RMEG!$A:$BA,E$76,0)=0,"-",VLOOKUP($B$8,RMEG!$A:$BA,E$76,0)) -> 6.5020755 | F84: =IF(VLOOKUP($B$8,RMEG!$A:$BA,F$76,0)=0,"-",VLOOKUP($B$8,RMEG!$A:$BA,F$76,0)) -> 6.5340369 | G84: =IF(VLOOKUP($B$8,RMEG!$A:$BA,G$76,0)=0,"-",VLOOKUP($B$8,RMEG!$A:$BA,G$76,0)) -> 6.7117357 | H84: =IF(VLOOKUP($B$8,RMEG!$A:$BA,H$76,0)=0,"-",VLOOKUP($B$8,RMEG!$A:$BA,H$76,0)) -> 6.9874896 | I84: =IF(VLOOKUP($B$8,RMEG!$A:$BA,I$76,0)=0,"-",VLOOKUP($B$8,RMEG!$A:$BA,I$76,0)) -> 6.9351852 | ... U84: =IF(VLOOKUP($B$8,RMEG!$A:$BA,U$76,0)=0,"-",VLOOKUP($B$8,RMEG!$A:$BA,U$76,0)) -> 8.6773754
A85: indice de fréquentation | B85: =IF(VLOOKUP($B$8,'indice de fréquentationG'!$A:$BB,B$76,0)=0,"-",VLOOKUP($B$8,'indice de fréquentationG'!$A:$BB,B$76,0)) -> 1.7931355 | C85: =IF(VLOOKUP($B$8,'indice de fréquentationG'!$A:$BB,C$76,0)=0,"-",VLOOKUP($B$8,'indice de fréquentationG'!$A:$BB,C$76,0)) -> 1.2727085 | D85: =IF(VLOOKUP($B$8,'indice de fréquentationG'!$A:$BB,D$76,0)=0,"-",VLOOKUP($B$8,'indice de fréquentationG'!$A:$BB,D$76,0)) -> 1.3390946 | E85: =IF(VLOOKUP($B$8,'indice de fréquentationG'!$A:$BB,E$76,0)=0,"-",VLOOKUP($B$8,'indice de fréquentationG'!$A:$BB,E$76,0)) -> 1.1575176 | F85: =IF(VLOOKUP($B$8,'indice de fréquentationG'!$A:$BB,F$76,0)=0,"-",VLOOKUP($B$8,'indice de fréquentationG'!$A:$BB,F$76,0)) -> 1.319905 | G85: =IF(VLOOKUP($B$8,'indice de fréquentationG'!$A:$BB,G$76,0)=0,"-",VLOOKUP($B$8,'indice de fréquentationG'!$A:$BB,G$76,0)) -> 1.5112503 | H85: =IF(VLOOKUP($B$8,'indice de fréquentationG'!$A:$BB,H$76,0)=0,"-",VLOOKUP($B$8,'indice de fréquentationG'!$A:$BB,H$76,0)) -> 1.6656056 | I85: =IF(VLOOKUP($B$8,'indice de fréquentationG'!$A:$BB,I$76,0)=0,"-",VLOOKUP($B$8,'indice de fréquentationG'!$A:$BB,I$76,0)) -> 1.6944175 | ... U85: =IF(VLOOKUP($B$8,'indice de fréquentationG'!$A:$BB,U$76,0)=0,"-",VLOOKUP($B$8,'indice de fréquentationG'!$A:$BB,U$76,0)) -> 1.2100356
A86: taux d'occupation des fauteuils (%) | B86: =IF(VLOOKUP($B$8,tmofG!$A:$BB,B$76,0)=0,"-",VLOOKUP($B$8,tmofG!$A:$BB,B$76,0)) -> 19.028027 | C86: =IF(VLOOKUP($B$8,tmofG!$A:$BB,C$76,0)=0,"-",VLOOKUP($B$8,tmofG!$A:$BB,C$76,0)) -> 17.720694 | D86: =IF(VLOOKUP($B$8,tmofG!$A:$BB,D$76,0)=0,"-",VLOOKUP($B$8,tmofG!$A:$BB,D$76,0)) -> 17.784156 | E86: =IF(VLOOKUP($B$8,tmofG!$A:$BB,E$76,0)=0,"-",VLOOKUP($B$8,tmofG!$A:$BB,E$76,0)) -> 17.061226 | F86: =IF(VLOOKUP($B$8,tmofG!$A:$BB,F$76,0)=0,"-",VLOOKUP($B$8,tmofG!$A:$BB,F$76,0)) -> 17.016427 | G86: =IF(VLOOKUP($B$8,tmofG!$A:$BB,G$76,0)=0,"-",VLOOKUP($B$8,tmofG!$A:$BB,G$76,0)) -> 17.366616 | H86: =IF(VLOOKUP($B$8,tmofG!$A:$BB,H$76,0)=0,"-",VLOOKUP($B$8,tmofG!$A:$BB,H$76,0)) -> 18.35148 | I86: =IF(VLOOKUP($B$8,tmofG!$A:$BB,I$76,0)=0,"-",VLOOKUP($B$8,tmofG!$A:$BB,I$76,0)) -> 17.565411 | ... U86: =IF(VLOOKUP($B$8,tmofG!$A:$BB,U$76,0)=0,"-",VLOOKUP($B$8,tmofG!$A:$BB,U$76,0)) -> 12.047568

Sheet établissements
A2: Retour au menu "Régions"
A5: Etablissements par région
B7: 1966 | C7: 1967 | D7: 1968 | E7: 1969 | F7: 1970 | G7: 1971 | H7: 1972 | I7: 1973 | J7: 1974 | K7: 1975 | L7: 1976 | M7: 1977 | N7: 1978 | O7: 1979 | P7: 1980 | Q7: 1981 | R7: 1982 | S7: 1983 | T7: 1984 | U7: 1985 | V7: 1986 | W7: 1987 | X7: 1988 | Y7: 1989 | Z7: 1990 | AA7: 1991 | AB7: 1992 | AC7: 1993 | AD7: 1994 | AE7: 1995 | AF7: 1996 | AG7: 1997 | AH7: 1998 | AI7: 1999 | AJ7: 2000 | AK7: 2001 | AL7: 2002 | AM7: 2003 | AN7: 2004 | AO7: 2005 | AP7: 2006 | AQ7: 2007 | AR7: 2008 | AS7: 2009 | AT7: 2010 | AU7: 2011 | AV7: 2012 | AW7: 2013 | AX7: 2014 | AY7: 2015 | AZ7: 2016 | BA7: 2017 | BB7: 2018 | BC7: 2019 | BD7: 2020 | BE7: 2021 | BF7: 2022 | BG7: 2023 | BH7: 2024
A8: AUVERGNE-RHONE-ALPES | AB8: 343 | AC8: 336 | AD8: 335 | AE8: 342 | AF8: 343 | AG8: 347 | AH8: 349 | AI8: 359 | AJ8: 353 | AK8: 352 | AL8: 350 | AM8: 349 | AN8: 346 | AO8: 339 | AP8: 343 | AQ8: 345 | AR8: 350 | AS8: 349 | AT8: 344 | AU8: 339 | AV8: 334 | AW8: 321 | AX8: 316 | AY8: 324 | AZ8: 324 | BA8: 325 | BB8: 324 | BC8: 323 | BD8: 322 | BE8: 320 | BF8: 323 | BG8: 322 | BH8: 320
A9: BOURGOGNE-FRANCHE-COMTE | AB9: 106 | AC9: 105 | AD9: 103 | AE9: 106 | AF9: 103 | AG9: 102 | AH9: 103 | AI9: 107 | AJ9: 108 | AK9: 107 | AL9: 108 | AM9: 101 | AN9: 100 | AO9: 100 | AP9: 96 | AQ9: 97 | AR9: 100 | AS9: 100 | AT9: 98 | AU9: 98 | AV9: 97 | AW9: 98 | AX9: 94 | AY9: 91 | AZ9: 91 | BA9: 92 | BB9: 92 | BC9: 91 | BD9: 92 | BE9: 90 | BF9: 92 | BG9: 91 | BH9: 91
A10: BRETAGNE | AB10: 136 | AC10: 135 | AD10: 137 | AE10: 136 | AF10: 137 | AG10: 134 | AH10: 131 | AI10: 135 | AJ10: 134 | AK10: 133 | AL10: 128 | AM10: 127 | AN10: 127 | AO10: 131 | AP10: 126 | AQ10: 125 | AR10: 127 | AS10: 127 | AT10: 124 | AU10: 125 | AV10: 123 | AW10: 123 | AX10: 122 | AY10: 123 | AZ10: 122 | BA10: 119 | BB10: 119 | BC10: 121 | BD10: 121 | BE10: 118 | BF10: 120 | BG10: 120 | BH10: 120
A11: CENTRE-VAL DE LOIRE | AB11: 64 | AC11: 64 | AD11: 64 | AE11: 64 | AF11: 67 | AG11: 66 | AH11: 70 | AI11: 68 | AJ11: 67 | AK11: 68 | AL11: 67 | AM11: 67 | AN11: 64 | AO11: 67 | AP11: 68 | AQ11: 67 | AR11: 70 | AS11: 67 | AT11: 68 | AU11: 69 | AV11: 69 | AW11: 69 | AX11: 67 | AY11: 68 | AZ11: 68 | BA11: 68 | BB11: 69 | BC11: 70 | BD11: 70 | BE11: 73 | BF11: 73 | BG11: 74 | BH11: 73
A12: CORSE | AB12: 21 | AC12: 20 | AD12: 20 | AE12: 22 | AF12: 23 | AG12: 25 | AH12: 24 | AI12: 25 | AJ12: 23 | AK12: 22 | AL12: 22 | AM12: 22 | AN12: 22 | AO12: 19 | AP12: 19 | AQ12: 20 | AR12: 20 | AS12: 21 | AT12: 21 | AU12: 21 | AV12: 19 | AW12: 18 | AX12: 20 | AY12: 21 | AZ12: 22 | BA12: 21 | BB12: 19 | BC12: 20 | BD12: 17 | BE12: 18 | BF12: 19 | BG12: 20 | BH12: 19
A13: GRAND EST | AB13: 140 | AC13: 130 | AD13: 131 | AE13: 132 | AF13: 134 | AG13: 134 | AH13: 131 | AI13: 133 | AJ13: 130 | AK13: 127 | AL13: 124 | AM13: 125 | AN13: 121 | AO13: 119 | AP13: 117 | AQ13: 117 | AR13: 117 | AS13: 118 | AT13: 118 | AU13: 118 | AV13: 118 | AW13: 119 | AX13: 121 | AY13: 122 | AZ13: 122 | BA13: 121 | BB13: 120 | BC13: 119 | BD13: 121 | BE13: 122 | BF13: 127 | BG13: 126 | BH13: 124
A14: HAUTS-DE-FRANCE | AB14: 130 | AC14: 128 | AD14: 131 | AE14: 131 | AF14: 135 | AG14: 133 | AH14: 136 | AI14: 133 | AJ14: 132 | AK14: 128 | AL14: 129 | AM14: 126 | AN14: 122 | AO14: 119 | AP14: 117 | AQ14: 114 | AR14: 114 | AS14: 114 | AT14: 110 | AU14: 111 | AV14: 111 | AW14: 113 | AX14: 113 | AY14: 116 | AZ14: 117 | BA14: 119 | BB14: 118 | BC14: 119 | BD14: 120 | BE14: 120 | BF14: 121 | BG14: 122 | BH14: 120
A15: ILE-DE-FRANCE | AB15: 314 | AC15: 316 | AD15: 311 | AE15: 313 | AF15: 315 | AG15: 313 | AH15: 316 | AI15: 315 | AJ15: 313 | AK15: 318 | AL15: 320 | AM15: 318 | AN15: 315 | AO15: 311 | AP15: 307 | AQ15: 304 | AR15: 307 | AS15: 305 | AT15: 304 | AU15: 304 | AV15: 309 | AW15: 310 | AX15: 308 | AY15: 307 | AZ15: 311 | BA15: 311 | BB15: 311 | BC15: 312 | BD15: 310 | BE15: 304 | BF15: 311 | BG15: 312 | BH15: 314
A16: NORMANDIE | AB16: 108 | AC16: 106 | AD16: 105 | AE16: 103 | AF16: 104 | AG16: 105 | AH16: 107 | AI16: 110 | AJ16: 112 | AK16: 107 | AL16: 106 | AM16: 107 | AN16: 107 | AO16: 105 | AP16: 105 | AQ16: 104 | AR16: 105 | AS16: 109 | AT16: 105 | AU16: 105 | AV16: 106 | AW16: 103 | AX16: 103 | AY16: 102 | AZ16: 102 | BA16: 102 | BB16: 103 | BC16: 103 | BD16: 104 | BE16: 103 | BF16: 104 | BG16: 104 | BH16: 103
A17: NOUVELLE AQUITAINE | AB17: 250 | AC17: 240 | AD17: 238 | AE17: 236 | AF17: 238 | AG17: 235 | AH17: 238 | AI17: 242 | AJ17: 244 | AK17: 242 | AL17: 242 | AM17: 242 | AN17: 239 | AO17: 239 | AP17: 236 | AQ17: 236 | AR17: 232 | AS17: 232 | AT17: 232 | AU17: 225 | AV17: 225 | AW17: 221 | AX17: 223 | AY17: 226 | AZ17: 232 | BA17: 233 | BB17: 229 | BC17: 229 | BD17: 229 | BE17: 228 | BF17: 230 | BG17: 229 | BH17: 230
A18: OCCITANIE | AB18: 212 | AC18: 211 | AD18: 218 | AE18: 217 | AF18: 216 | AG18: 220 | AH18: 215 | AI18: 222 | AJ18: 220 | AK18: 223 | AL18: 222 | AM18: 222 | AN18: 216 | AO18: 215 | AP18: 216 | AQ18: 217 | AR18: 216 | AS18: 214 | AT18: 213 | AU18: 212 | AV18: 215 | AW18: 214 | AX18: 210 | AY18: 209 | AZ18: 209 | BA18: 212 | BB18: 213 | BC18: 216 | BD18: 216 | BE18: 215 | BF18: 218 | BG18: 218 | BH18: 217
A19: PAYS DE LA LOIRE | AB19: 136 | AC19: 134 | AD19: 134 | AE19: 134 | AF19: 138 | AG19: 139 | AH19: 136 | AI19: 135 | AJ19: 135 | AK19: 134 | AL19: 134 | AM19: 134 | AN19: 131 | AO19: 128 | AP19: 129 | AQ19: 128 | AR19: 128 | AS19: 129 | AT19: 128 | AU19: 128 | AV19: 127 | AW19: 126 | AX19: 126 | AY19: 127 | AZ19: 127 | BA19: 126 | BB19: 125 | BC19: 126 | BD19: 125 | BE19: 124 | BF19: 124 | BG19: 124 | BH19: 125
A20: PROVENCE-ALPES-COTE D'AZUR | AB20: 180 | AC20: 185 | AD20: 179 | AE20: 183 | AF20: 188 | AG20: 189 | AH20: 190 | AI20: 189 | AJ20: 189 | AK20: 191 | AL20: 191 | AM20: 189 | AN20: 191 | AO20: 188 | AP20: 187 | AQ20: 182 | AR20: 186 | AS20: 188 | AT20: 185 | AU20: 179 | AV20: 182 | AW20: 192 | AX20: 197 | AY20: 197 | AZ20: 197 | BA20: 197 | BB20: 198 | BC20: 196 | BD20: 194 | BE20: 195 | BF20: 199 | BG20: 196 | BH20: 197
A21: TOTAL | B21: =SUM(B8:B20) -> 0 | C21: =SUM(C8:C20) -> 0 | D21: =SUM(D8:D20) -> 0 | E21: =SUM(E8:E20) -> 0 | F21: =SUM(F8:F20) -> 0 | G21: =SUM(G8:G20) -> 0 | H21: =SUM(H8:H20) -> 0 | I21: =SUM(I8:I20) -> 0 | ... AA21: =SUM(AA8:AA20) -> 0 | AB21: 2140 | AC21: 2110 | AD21: 2106 | AE21: 2119 | AF21: 2141 | AG21: 2142 | AH21: 2146 | AI21: 2173 | AJ21: 2160 | AK21: 2152 | AL21: 2143 | AM21: 2129 | AN21: 2101 | AO21: 2080 | AP21: 2066 | AQ21: 2056 | AR21: 2072 | AS21: 2073 | AT21: 2050 | AU21: 2034 | AV21: 2035 | AW21: 2027 | AX21: 2020 | AY21: 2033 | AZ21: 2044 | BA21: 2046 | BB21: 2040 | BC21: 2045 | BD21: 2041 | BE21: 2030 | BF21: 2061 | BG21: 2058 | BH21: 2053

Sheet écrans
A2: Retour au menu "Régions"
A5: Ecrans par région
B7: 1966 | C7: 1967 | D7: 1968 | E7: 1969 | F7: 1970 | G7: 1971 | H7: 1972 | I7: 1973 | J7: 1974 | K7: 1975 | L7: 1976 | M7: 1977 | N7: 1978 | O7: 1979 | P7: 1980 | Q7: 1981 | R7: 1982 | S7: 1983 | T7: 1984 | U7: 1985 | V7: 1986 | W7: 1987 | X7: 1988 | Y7: 1989 | Z7: 1990 | AA7: 1991 | AB7: 1992 | AC7: 1993 | AD7: 1994 | AE7: 1995 | AF7: 1996 | AG7: 1997 | AH7: 1998 | AI7: 1999 | AJ7: 2000 | AK7: 2001 | AL7: 2002 | AM7: 2003 | AN7: 2004 | AO7: 2005 | AP7: 2006 | AQ7: 2007 | AR7: 2008 | AS7: 2009 | AT7: 2010 | AU7: 2011 | AV7: 2012 | AW7: 2013 | AX7: 2014 | AY7: 2015 | AZ7: 2016 | BA7: 2017 | BB7: 2018 | BC7: 2019 | BD7: 2020 | BE7: 2021 | BF7: 2022 | BG7: 2023 | BH7: 2024
A8: AUVERGNE-RHONE-ALPES | B8: 586 | C8: 563 | D8: 543 | E8: 532 | F8: 506 | G8: 482 | H8: 472 | I8: 496 | J8: 498 | K8: 517 | L8: 540 | M8: 545 | N8: 547 | O8: 548 | P8: 573 | Q8: 624 | R8: 669 | S8: 693 | T8: 736 | U8: 742 | V8: 743 | W8: 728 | X8: 706 | Y8: 692 | Z8: 674 | AA8: 657 | AB8: 630 | AC8: 624 | AD8: 630 | AE8: 637 | AF8: 640 | AG8: 677 | AH8: 680 | AI8: 692 | AJ8: 733 | AK8: 750 | AL8: 758 | AM8: 758 | AN8: 742 | AO8: 728 | AP8: 746 | AQ8: 752 | AR8: 773 | AS8: 782 | AT8: 773 | AU8: 780 | AV8: 797 | AW8: 784 | AX8: 777 | AY8: 796 | AZ8: 802 | BA8: 827 | BB8: 833 | BC8: 830 | BD8: 831 | BE8: 840 | BF8: 852 | BG8: 864 | BH8: 860
A9: BOURGOGNE-FRANCHE-COMTE | B9: 245 | C9: 235 | D9: 227 | E9: 217 | F9: 214 | G9: 208 | H9: 211 | I9: 205 | J9: 203 | K9: 205 | L9: 215 | M9: 208 | N9: 208 | O9: 206 | P9: 211 | Q9: 241 | R9: 250 | S9: 269 | T9: 284 | U9: 289 | V9: 281 | W9: 272 | X9: 255 | Y9: 247 | Z9: 240 | AA9: 230 | AB9: 219 | AC9: 218 | AD9: 217 | AE9: 223 | AF9: 222 | AG9: 222 | AH9: 225 | AI9: 245 | AJ9: 254 | AK9: 253 | AL9: 267 | AM9: 250 | AN9: 247 | AO9: 256 | AP9: 249 | AQ9: 255 | AR9: 259 | AS9: 259 | AT9: 256 | AU9: 257 | AV9: 255 | AW9: 265 | AX9: 262 | AY9: 267 | AZ9: 266 | BA9: 268 | BB9: 278 | BC9: 280 | BD9: 280 | BE9: 272 | BF9: 283 | BG9: 281 | BH9: 277
A10: BRETAGNE | B10: 215 | C10: 214 | D10: 206 | E10: 205 | F10: 205 | G10: 192 | H10: 190 | I10: 190 | J10: 190 | K10: 192 | L10: 189 | M10: 189 | N10: 194 | O10: 201 | P10: 200 | Q10: 206 | R10: 226 | S10: 233 | T10: 247 | U10: 248 | V10: 250 | W10: 240 | X10: 241 | Y10: 236 | Z10: 231 | AA10: 231 | AB10: 221 | AC10: 219 | AD10: 224 | AE10: 225 | AF10: 230 | AG10: 227 | AH10: 225 | AI10: 252 | AJ10: 247 | AK10: 246 | AL10: 232 | AM10: 244 | AN10: 253 | AO10: 280 | AP10: 274 | AQ10: 276 | AR10: 291 | AS10: 290 | AT10: 287 | AU10: 291 | AV10: 294 | AW10: 293 | AX10: 294 | AY10: 299 | AZ10: 299 | BA10: 298 | BB10: 302 | BC10: 318 | BD10: 327 | BE10: 326 | BF10: 328 | BG10: 335 | BH10: 338
A11: CENTRE-VAL DE LOIRE | B11: 166 | C11: 153 | D11: 152 | E11: 147 | F11: 136 | G11: 133 | H11: 132 | I11: 131 | J11: 127 | K11: 128 | L11: 126 | M11: 137 | N11: 144 | O11: 142 | P11: 151 | Q11: 150 | R11: 147 | S11: 164 | T11: 167 | U11: 177 | V11: 172 | W11: 163 | X11: 167 | Y11: 160 | Z11: 152 | AA11: 144 | AB11: 136 | AC11: 136 | AD11: 138 | AE11: 141 | AF11: 152 | AG11: 147 | AH11: 163 | AI11: 156 | AJ11: 169 | AK11: 168 | AL11: 165 | AM11: 171 | AN11: 157 | AO11: 167 | AP11: 167 | AQ11: 167 | AR11: 196 | AS11: 188 | AT11: 191 | AU11: 192 | AV11: 192 | AW11: 195 | AX11: 193 | AY11: 194 | AZ11: 196 | BA11: 193 | BB11: 202 | BC11: 204 | BD11: 205 | BE11: 211 | BF11: 211 | BG11: 214 | BH11: 213
A12: CORSE | B12: 13 | C12: 13 | D12: 14 | E12: 14 | F12: 14 | G12: 14 | H12: 17 | I12: 16 | J12: 16 | K12: 19 | L12: 21 | M12: 23 | N12: 23 | O12: 24 | P12: 23 | Q12: 28 | R12: 32 | S12: 36 | T12: 36 | U12: 37 | V12: 39 | W12: 39 | X12: 36 | Y12: 35 | Z12: 34 | AA12: 35 | AB12: 31 | AC12: 30 | AD12: 29 | AE12: 31 | AF12: 32 | AG12: 34 | AH12: 33 | AI12: 34 | AJ12: 32 | AK12: 31 | AL12: 32 | AM12: 31 | AN12: 31 | AO12: 28 | AP12: 28 | AQ12: 29 | AR12: 28 | AS12: 29 | AT12: 29 | AU12: 28 | AV12: 23 | AW12: 22 | AX12: 29 | AY12: 32 | AZ12: 33 | BA12: 32 | BB12: 29 | BC12: 33 | BD12: 30 | BE12: 31 | BF12: 34 | BG12: 35 | BH12: 34
A13: GRAND EST | B13: 543 | C13: 514 | D13: 482 | E13: 451 | F13: 407 | G13: 376 | H13: 358 | I13: 366 | J13: 359 | K13: 353 | L13: 358 | M13: 340 | N13: 339 | O13: 339 | P13: 335 | Q13: 351 | R13: 349 | S13: 362 | T13: 392 | U13: 403 | V13: 393 | W13: 366 | X13: 349 | Y13: 343 | Z13: 327 | AA13: 321 | AB13: 308 | AC13: 287 | AD13: 293 | AE13: 311 | AF13: 312 | AG13: 322 | AH13: 321 | AI13: 362 | AJ13: 397 | AK13: 391 | AL13: 389 | AM13: 391 | AN13: 397 | AO13: 405 | AP13: 414 | AQ13: 416 | AR13: 413 | AS13: 416 | AT13: 415 | AU13: 424 | AV13: 431 | AW13: 432 | AX13: 434 | AY13: 440 | AZ13: 445 | BA13: 449 | BB13: 448 | BC13: 456 | BD13: 460 | BE13: 471 | BF13: 488 | BG13: 487 | BH13: 485
A14: HAUTS-DE-FRANCE | B14: 544 | C14: 481 | D14: 425 | E14: 391 | F14: 362 | G14: 342 | H14: 343 | I14: 342 | J14: 339 | K14: 342 | L14: 352 | M14: 334 | N14: 330 | O14: 337 | P14: 328 | Q14: 325 | R14: 320 | S14: 325 | T14: 345 | U14: 353 | V14: 353 | W14: 363 | X14: 338 | Y14: 325 | Z14: 300 | AA14: 297 | AB14: 300 | AC14: 296 | AD14: 304 | AE14: 311 | AF14: 353 | AG14: 348 | AH14: 352 | AI14: 382 | AJ14: 392 | AK14: 395 | AL14: 398 | AM14: 390 | AN14: 393 | AO14: 383 | AP14: 386 | AQ14: 388 | AR14: 387 | AS14: 395 | AT14: 388 | AU14: 393 | AV14: 388 | AW14: 398 | AX14: 411 | AY14: 420 | AZ14: 421 | BA14: 431 | BB14: 431 | BC14: 435 | BD14: 443 | BE14: 450 | BF14: 454 | BG14: 455 | BH14: 460
A15: ILE-DE-FRANCE | B15: 669 | C15: 641 | D15: 627 | E15: 612 | F15: 613 | G15: 638 | H15: 683 | I15: 732 | J15: 747 | K15: 781 | L15: 808 | M15: 815 | N15: 827 | O15: 856 | P15: 851 | Q15: 888 | R15: 892 | S15: 913 | T15: 923 | U15: 911 | V15: 895 | W15: 877 | X15: 857 | Y15: 815 | Z15: 787 | AA15: 773 | AB15: 765 | AC15: 772 | AD15: 774 | AE15: 786 | AF15: 809 | AG15: 833 | AH15: 874 | AI15: 888 | AJ15: 884 | AK15: 921 | AL15: 959 | AM15: 971 | AN15: 999 | AO15: 995 | AP15: 991 | AQ15: 988 | AR15: 996 | AS15: 1005 | AT15: 1005 | AU15: 1005 | AV15: 1015 | AW15: 1054 | AX15: 1076 | AY15: 1073 | AZ15: 1106 | BA15: 1124 | BB15: 1147 | BC15: 1185 | BD15: 1182 | BE15: 1167 | BF15: 1195 | BG15: 1196 | BH15: 1202
A16: NORMANDIE | B16: 271 | C16: 264 | D16: 261 | E16: 243 | F16: 233 | G16: 229 | H16: 220 | I16: 213 | J16: 210 | K16: 211 | L16: 219 | M16: 231 | N16: 229 | O16: 244 | P16: 231 | Q16: 228 | R16: 233 | S16: 242 | T16: 257 | U16: 269 | V16: 268 | W16: 257 | X16: 242 | Y16: 230 | Z16: 230 | AA16: 223 | AB16: 218 | AC16: 216 | AD16: 215 | AE16: 220 | AF16: 222 | AG16: 223 | AH16: 236 | AI16: 264 | AJ16: 274 | AK16: 274 | AL16: 270 | AM16: 273 | AN16: 275 | AO16: 262 | AP16: 263 | AQ16: 264 | AR16: 265 | AS16: 298 | AT16: 284 | AU16: 284 | AV16: 280 | AW16: 280 | AX16: 280 | AY16: 277 | AZ16: 278 | BA16: 284 | BB16: 288 | BC16: 292 | BD16: 293 | BE16: 291 | BF16: 300 | BG16: 303 | BH16: 302
A17: NOUVELLE AQUITAINE | B17: 525 | C17: 508 | D17: 479 | E17: 459 | F17: 445 | G17: 436 | H17: 428 | I17: 438 | J17: 428 | K17: 420 | L17: 417 | M17: 434 | N17: 433 | O17: 434 | P17: 449 | Q17: 474 | R17: 496 | S17: 522 | T17: 557 | U17: 563 | V17: 575 | W17: 578 | X17: 535 | Y17: 516 | Z17: 494 | AA17: 498 | AB17: 467 | AC17: 453 | AD17: 448 | AE17: 457 | AF17: 478 | AG17: 488 | AH17: 507 | AI17: 529 | AJ17: 534 | AK17: 550 | AL17: 559 | AM17: 556 | AN17: 547 | AO17: 555 | AP17: 548 | AQ17: 553 | AR17: 551 | AS17: 553 | AT17: 569 | AU17: 562 | AV17: 578 | AW17: 581 | AX17: 589 | AY17: 611 | AZ17: 634 | BA17: 637 | BB17: 638 | BC17: 660 | BD17: 664 | BE17: 675 | BF17: 681 | BG17: 680 | BH17: 682
A18: OCCITANIE | B18: 617 | C18: 592 | D18: 548 | E18: 520 | F18: 494 | G18: 491 | H18: 471 | I18: 478 | J18: 472 | K18: 462 | L18: 469 | M18: 485 | N18: 469 | O18: 468 | P18: 465 | Q18: 486 | R18: 508 | S18: 540 | T18: 574 | U18: 571 | V18: 564 | W18: 530 | X18: 494 | Y18: 459 | Z18: 442 | AA18: 428 | AB18: 393 | AC18: 391 | AD18: 399 | AE18: 396 | AF18: 404 | AG18: 418 | AH18: 441 | AI18: 457 | AJ18: 468 | AK18: 485 | AL18: 485 | AM18: 491 | AN18: 496 | AO18: 488 | AP18: 486 | AQ18: 498 | AR18: 502 | AS18: 503 | AT18: 511 | AU18: 504 | AV18: 504 | AW18: 518 | AX18: 518 | AY18: 519 | AZ18: 528 | BA18: 549 | BB18: 552 | BC18: 566 | BD18: 556 | BE18: 566 | BF18: 570 | BG18: 580 | BH18: 579
A19: PAYS DE LA LOIRE | B19: 307 | C19: 307 | D19: 299 | E19: 284 | F19: 261 | G19: 244 | H19: 235 | I19: 222 | J19: 226 | K19: 218 | L19: 235 | M19: 239 | N19: 240 | O19: 239 | P19: 246 | Q19: 243 | R19: 247 | S19: 255 | T19: 269 | U19: 272 | V19: 269 | W19: 266 | X19: 255 | Y19: 251 | Z19: 244 | AA19: 240 | AB19: 234 | AC19: 231 | AD19: 231 | AE19: 237 | AF19: 265 | AG19: 266 | AH19: 264 | AI19: 274 | AJ19: 291 | AK19: 293 | AL19: 295 | AM19: 303 | AN19: 285 | AO19: 282 | AP19: 284 | AQ19: 293 | AR19: 299 | AS19: 314 | AT19: 310 | AU19: 310 | AV19: 308 | AW19: 308 | AX19: 314 | AY19: 325 | AZ19: 325 | BA19: 327 | BB19: 327 | BC19: 332 | BD19: 342 | BE19: 345 | BF19: 347 | BG19: 346 | BH19: 359
... A21: TOTAL | B21: 5157 | C21: 4916 | D21: 4678 | E21: 4475 | F21: 4274 | G21: 4168 | H21: 4147 | I21: 4228 | J21: 4218 | K21: 4269 | L21: 4379 | M21: 4410 | N21: 4426 | O21: 4484 | P21: 4500 | Q21: 4695 | R21: 4835 | S21: 5050 | T21: 5320 | U21: 5369 | V21: 5337 | W21: 5201 | X21: 4966 | Y21: 4761 | Z21: 4590 | AA21: 4490 | AB21: 4297 | AC21: 4272 | AD21: 4291 | AE21: 4377 | AF21: 4520 | AG21: 4644 | AH21: 4763 | AI21: 4985 | AJ21: 5113 | AK21: 5197 | AL21: 5249 | AM21: 5275 | AN21: 5273 | AO21: 5275 | AP21: 5283 | AQ21: 5317 | AR21: 5396 | AS21: 5478 | AT21: 5468 | AU21: 5468 | AV21: 5508 | AW21: 5589 | AX21: 5647 | AY21: 5741 | AZ21: 5842 | BA21: 5913 | BB21: 5983 | BC21: 6114 | BD21: 6127 | BE21: 6192 | BF21: 6298 | BG21: 6327 | BH21: 6355

Sheet fauteuils
A2: Retour au menu "Régions"
A5: Fauteuils par région
B7: 1966 | C7: 1967 | D7: 1968 | E7: 1969 | F7: 1970 | G7: 1971 | H7: 1972 | I7: 1973 | J7: 1974 | K7: 1975 | L7: 1976 | M7: 1977 | N7: 1978 | O7: 1979 | P7: 1980 | Q7: 1981 | R7: 1982 | S7: 1983 | T7: 1984 | U7: 1985 | V7: 1986 | W7: 1987 | X7: 1988 | Y7: 1989 | Z7: 1990 | AA7: 1991 | AB7: 1992 | AC7: 1993 | AD7: 1994 | AE7: 1995 | AF7: 1996 | AG7: 1997 | AH7: 1998 | AI7: 1999 | AJ7: 2000 | AK7: 2001 | AL7: 2002 | AM7: 2003 | AN7: 2004 | AO7: 2005 | AP7: 2006 | AQ7: 2007 | AR7: 2008 | AS7: 2009 | AT7: 2010 | AU7: 2011 | AV7: 2012 | AW7: 2013 | AX7: 2014 | AY7: 2015 | AZ7: 2016 | BA7: 2017 | BB7: 2018 | BC7: 2019 | BD7: 2020 | BE7: 2021 | BF7: 2022 | BG7: 2023 | BH7: 2024
A8: AUVERGNE-RHONE-ALPES | B8: 252759 | C8: 244198 | D8: 237316 | E8: 232259 | F8: 220107 | G8: 207457 | H8: 199148 | I8: 197696 | J8: 194290 | K8: 194004 | L8: 185883 | M8: 178148 | N8: 169086 | O8: 162140 | P8: 159098 | Q8: 159281 | R8: 163698 | S8: 164113 | T8: 163647 | U8: 161368 | V8: 157166 | W8: 150376 | X8: 144649 | Y8: 139992 | Z8: 134699 | AA8: 131002 | AB8: 122219 | AC8: 120906 | AD8: 119541 | AE8: 121694 | AF8: 115060 | AG8: 123633 | AH8: 121874 | AI8: 123578 | AJ8: 133234 | AK8: 136517 | AL8: 137481 | AM8: 136981 | AN8: 131679 | AO8: 126989 | AP8: 131042 | AQ8: 132149 | AR8: 135117 | AS8: 138124 | AT8: 136512 | AU8: 137796 | AV8: 140756 | AW8: 139280 | AX8: 138815 | AY8: 140718 | AZ8: 141183 | BA8: 145660 | BB8: 145523 | BC8: 144645 | BD8: 144025 | BE8: 144296 | BF8: 146365 | BG8: 147116 | BH8: 145885
A9: BOURGOGNE-FRANCHE-COMTE | B9: 105681 | C9: 100547 | D9: 97213 | E9: 93126 | F9: 92150 | G9: 88840 | H9: 89972 | I9: 85494 | J9: 83116 | K9: 81105 | L9: 79192 | M9: 74900 | N9: 71477 | O9: 68724 | P9: 66552 | Q9: 67640 | R9: 67599 | S9: 68190 | T9: 67659 | U9: 65821 | V9: 64881 | W9: 60213 | X9: 56026 | Y9: 53205 | Z9: 50649 | AA9: 48300 | AB9: 43434 | AC9: 43016 | AD9: 42329 | AE9: 42845 | AF9: 39961 | AG9: 39742 | AH9: 39413 | AI9: 43156 | AJ9: 45585 | AK9: 44718 | AL9: 47696 | AM9: 44920 | AN9: 44651 | AO9: 46466 | AP9: 43689 | AQ9: 44900 | AR9: 45505 | AS9: 45505 | AT9: 44756 | AU9: 45560 | AV9: 45799 | AW9: 47136 | AX9: 45130 | AY9: 46931 | AZ9: 46006 | BA9: 46160 | BB9: 47857 | BC9: 48107 | BD9: 47933 | BE9: 46418 | BF9: 47722 | BG9: 48081 | BH9: 47131
A10: BRETAGNE | B10: 104157 | C10: 102237 | D10: 97493 | E10: 97085 | F10: 96149 | G10: 89585 | H10: 87683 | I10: 87302 | J10: 86159 | K10: 86280 | L10: 81789 | M10: 80588 | N10: 77936 | O10: 76601 | P10: 74656 | Q10: 71051 | R10: 72748 | S10: 70935 | T10: 71176 | U10: 64632 | V10: 68888 | W10: 63620 | X10: 61521 | Y10: 58075 | Z10: 54383 | AA10: 53513 | AB10: 50768 | AC10: 50429 | AD10: 51069 | AE10: 51064 | AF10: 51249 | AG10: 50372 | AH10: 50365 | AI10: 55031 | AJ10: 54528 | AK10: 54528 | AL10: 51410 | AM10: 53294 | AN10: 54676 | AO10: 55762 | AP10: 54264 | AQ10: 54377 | AR10: 56801 | AS10: 56587 | AT10: 55876 | AU10: 56528 | AV10: 56678 | AW10: 56545 | AX10: 56757 | AY10: 57670 | AZ10: 57979 | BA10: 57635 | BB10: 58228 | BC10: 60887 | BD10: 60743 | BE10: 59722 | BF10: 60466 | BG10: 60585 | BH10: 60644
A11: CENTRE-VAL DE LOIRE | B11: 74674 | C11: 71278 | D11: 70768 | E11: 69226 | F11: 66585 | G11: 64308 | H11: 63730 | I11: 62010 | J11: 59100 | K11: 57819 | L11: 57342 | M11: 56380 | N11: 55842 | O11: 53417 | P11: 54116 | Q11: 49305 | R11: 45573 | S11: 47429 | T11: 47405 | U11: 47049 | V11: 43667 | W11: 40460 | X11: 40570 | Y11: 38595 | Z11: 34869 | AA11: 32656 | AB11: 30498 | AC11: 30498 | AD11: 30485 | AE11: 30879 | AF11: 31906 | AG11: 30599 | AH11: 33570 | AI11: 30920 | AJ11: 33261 | AK11: 32801 | AL11: 32847 | AM11: 34360 | AN11: 30983 | AO11: 31873 | AP11: 32246 | AQ11: 32215 | AR11: 37953 | AS11: 36732 | AT11: 37235 | AU11: 37414 | AV11: 37414 | AW11: 37801 | AX11: 37333 | AY11: 37653 | AZ11: 37847 | BA11: 37284 | BB11: 39295 | BC11: 39603 | BD11: 39497 | BE11: 40747 | BF11: 40742 | BG11: 41099 | BH11: 40651
A12: CORSE | B12: 6661 | C12: 6667 | D12: 7002 | E12: 7002 | F12: 7012 | G12: 6958 | H12: 7906 | I12: 7211 | J12: 7211 | K12: 7298 | L12: 7925 | M12: 8118 | N12: 8028 | O12: 8478 | P12: 7814 | Q12: 8487 | R12: 9207 | S12: 9886 | T12: 9418 | U12: 9467 | V12: 9867 | W12: 9982 | X12: 9535 | Y12: 9305 | Z12: 9225 | AA12: 9625 | AB12: 8352 | AC12: 8252 | AD12: 8050 | AE12: 8344 | AF12: 7666 | AG12: 7840 | AH12: 7840 | AI12: 7666 | AJ12: 7369 | AK12: 6619 | AL12: 7192 | AM12: 6892 | AN12: 7316 | AO12: 6497 | AP12: 6497 | AQ12: 6497 | AR12: 6725 | AS12: 7023 | AT12: 7023 | AU12: 6952 | AV12: 6208 | AW12: 6140 | AX12: 7587 | AY12: 7915 | AZ12: 8012 | BA12: 7276 | BB12: 6682 | BC12: 7301 | BD12: 6137 | BE12: 6682 | BF12: 6987 | BG12: 7384 | BH12: 7085
A13: GRAND EST | B13: 250941 | C13: 239578 | D13: 232074 | E13: 217185 | F13: 199334 | G13: 184742 | H13: 171694 | I13: 165021 | J13: 158698 | K13: 152137 | L13: 147035 | M13: 136245 | N13: 126938 | O13: 122264 | P13: 117541 | Q13: 113894 | R13: 109296 | S13: 110339 | T13: 109695 | U13: 107426 | V13: 98727 | W13: 88932 | X13: 82457 | Y13: 79269 | Z13: 75010 | AA13: 72271 | AB13: 66754 | AC13: 61048 | AD13: 61402 | AE13: 66324 | AF13: 64651 | AG13: 66004 | AH13: 65812 | AI13: 76050 | AJ13: 83885 | AK13: 82317 | AL13: 82657 | AM13: 83180 | AN13: 82495 | AO13: 83859 | AP13: 85450 | AQ13: 85474 | AR13: 84856 | AS13: 85337 | AT13: 85045 | AU13: 86404 | AV13: 87458 | AW13: 87267 | AX13: 88003 | AY13: 88673 | AZ13: 89319 | BA13: 89646 | BB13: 88182 | BC13: 88088 | BD13: 88239 | BE13: 89823 | BF13: 91735 | BG13: 91926 | BH13: 91003
A14: HAUTS-DE-FRANCE | B14: 316575 | C14: 289194 | D14: 260535 | E14: 243074 | F14: 227105 | G14: 213904 | H14: 205049 | I14: 197109 | J14: 190566 | K14: 185797 | L14: 177972 | M14: 159229 | N14: 144595 | O14: 131547 | P14: 120609 | Q14: 108377 | R14: 100871 | S14: 97916 | T14: 99314 | U14: 96276 | V14: 89807 | W14: 89467 | X14: 80723 | Y14: 76756 | Z14: 69931 | AA14: 67346 | AB14: 67500 | AC14: 67310 | AD14: 67410 | AE14: 68814 | AF14: 79512 | AG14: 77906 | AH14: 77229 | AI14: 82914 | AJ14: 85237 | AK14: 85848 | AL14: 85327 | AM14: 83742 | AN14: 82878 | AO14: 79007 | AP14: 79210 | AQ14: 79319 | AR14: 79472 | AS14: 80882 | AT14: 79089 | AU14: 79727 | AV14: 78775 | AW14: 80330 | AX14: 81867 | AY14: 83890 | AZ14: 84170 | BA14: 85488 | BB14: 84174 | BC14: 85040 | BD14: 85773 | BE14: 85806 | BF14: 86566 | BG14: 86288 | BH14: 85216
A15: ILE-DE-FRANCE | B15: 421603 | C15: 392675 | D15: 382227 | E15: 365283 | F15: 351743 | G15: 332926 | H15: 319185 | I15: 310334 | J15: 301870 | K15: 292290 | L15: 274066 | M15: 258107 | N15: 247852 | O15: 244673 | P15: 233346 | Q15: 231151 | R15: 223690 | S15: 224257 | T15: 221700 | U15: 217968 | V15: 211337 | W15: 202314 | X15: 197381 | Y15: 189089 | Z15: 184365 | AA15: 181468 | AB15: 178963 | AC15: 175227 | AD15: 173319 | AE15: 172324 | AF15: 175463 | AG15: 178820 | AH15: 187708 | AI15: 190288 | AJ15: 187324 | AK15: 194197 | AL15: 202833 | AM15: 204390 | AN15: 209508 | AO15: 203580 | AP15: 202174 | AQ15: 200495 | AR15: 202343 | AS15: 204042 | AT15: 203630 | AU15: 203618 | AV15: 205414 | AW15: 212729 | AX15: 214842 | AY15: 214566 | AZ15: 221675 | BA15: 224123 | BB15: 227207 | BC15: 233359 | BD15: 230713 | BE15: 226749 | BF15: 229838 | BG15: 228385 | BH15: 223897
A16: NORMANDIE | B16: 129003 | C16: 126281 | D16: 124011 | E16: 116689 | F16: 110839 | G16: 108064 | H16: 102693 | I16: 98299 | J16: 95424 | K16: 93838 | L16: 93300 | M16: 88181 | N16: 83812 | O16: 84114 | P16: 77537 | Q16: 73921 | R16: 72911 | S16: 72110 | T16: 72219 | U16: 71378 | V16: 69543 | W16: 65708 | X16: 59274 | Y16: 55520 | Z16: 55367 | AA16: 53678 | AB16: 51726 | AC16: 50121 | AD16: 49558 | AE16: 50874 | AF16: 49605 | AG16: 49321 | AH16: 50801 | AI16: 57268 | AJ16: 59930 | AK16: 58368 | AL16: 58700 | AM16: 59016 | AN16: 59824 | AO16: 55417 | AP16: 55475 | AQ16: 55317 | AR16: 55517 | AS16: 61972 | AT16: 58603 | AU16: 58646 | AV16: 58199 | AW16: 57764 | AX16: 58014 | AY16: 58181 | AZ16: 57249 | BA16: 58950 | BB16: 59254 | BC16: 59448 | BD16: 59512 | BE16: 58507 | BF16: 59387 | BG16: 59120 | BH16: 58951
A17: NOUVELLE AQUITAINE | B17: 229946 | C17: 222368 | D17: 211250 | E17: 204343 | F17: 196909 | G17: 191310 | H17: 185603 | I17: 182815 | J17: 176127 | K17: 168397 | L17: 158913 | M17: 158637 | N17: 153450 | O17: 149540 | P17: 145334 | Q17: 140366 | R17: 138064 | S17: 138190 | T17: 140159 | U17: 135368 | V17: 132185 | W17: 130667 | X17: 119247 | Y17: 112630 | Z17: 107236 | AA17: 108697 | AB17: 100965 | AC17: 97221 | AD17: 96253 | AE17: 97127 | AF17: 98015 | AG17: 98271 | AH17: 100301 | AI17: 103538 | AJ17: 104500 | AK17: 107796 | AL17: 110106 | AM17: 109683 | AN17: 106909 | AO17: 104391 | AP17: 103355 | AQ17: 103226 | AR17: 103828 | AS17: 104369 | AT17: 106272 | AU17: 104705 | AV17: 106869 | AW17: 106719 | AX17: 107647 | AY17: 111410 | AZ17: 114567 | BA17: 115061 | BB17: 114925 | BC17: 117133 | BD17: 116785 | BE17: 117924 | BF17: 118216 | BG17: 117809 | BH17: 118083
A18: OCCITANIE | B18: 250675 | C18: 243371 | D18: 231492 | E18: 223342 | F18: 211438 | G18: 207807 | H18: 197954 | I18: 193657 | J18: 189617 | K18: 181604 | L18: 176527 | M18: 174090 | N18: 164699 | O18: 159067 | P18: 152100 | Q18: 148117 | R18: 144664 | S18: 142487 | T18: 143417 | U18: 139402 | V18: 134982 | W18: 123871 | X18: 115232 | Y18: 104713 | Z18: 97781 | AA18: 93295 | AB18: 81551 | AC18: 80084 | AD18: 81183 | AE18: 80133 | AF18: 78872 | AG18: 79569 | AH18: 84498 | AI18: 85766 | AJ18: 86851 | AK18: 89202 | AL18: 89530 | AM18: 90918 | AN18: 91055 | AO18: 86766 | AP18: 86399 | AQ18: 89282 | AR18: 89645 | AS18: 89966 | AT18: 91368 | AU18: 89643 | AV18: 90304 | AW18: 92142 | AX18: 91759 | AY18: 91016 | AZ18: 92963 | BA18: 95441 | BB18: 96166 | BC18: 97701 | BD18: 95216 | BE18: 96167 | BF18: 96932 | BG18: 97909 | BH18: 97498
A19: PAYS DE LA LOIRE | B19: 129435 | C19: 128727 | D19: 126057 | E19: 120749 | F19: 112569 | G19: 105285 | H19: 101798 | I19: 95806 | J19: 95687 | K19: 91906 | L19: 91100 | M19: 88031 | N19: 84590 | O19: 81029 | P19: 80558 | Q19: 77604 | R19: 75500 | S19: 76086 | T19: 75326 | U19: 72290 | V19: 70281 | W19: 68087 | X19: 63899 | Y19: 60920 | Z19: 58860 | AA19: 57921 | AB19: 55716 | AC19: 54091 | AD19: 53496 | AE19: 54540 | AF19: 57896 | AG19: 58138 | AH19: 56785 | AI19: 57501 | AJ19: 61296 | AK19: 62210 | AL19: 63042 | AM19: 63563 | AN19: 59716 | AO19: 56123 | AP19: 56232 | AQ19: 58070 | AR19: 58145 | AS19: 60400 | AT19: 59220 | AU19: 59220 | AV19: 58769 | AW19: 59156 | AX19: 59350 | AY19: 60802 | AZ19: 60985 | BA19: 60820 | BB19: 60819 | BC19: 61536 | BD19: 62986 | BE19: 62068 | BF19: 62386 | BG19: 61962 | BH19: 62987
... A21: TOTAL | B21: 2482883 | C21: 2364691 | D21: 2269674 | E21: 2176484 | F21: 2071815 | G21: 1974647 | H21: 1902292 | I21: 1844213 | J21: 1795087 | K21: 1744409 | L21: 1676801 | M21: 1600066 | N21: 1522792 | O21: 1472389 | P21: 1408834 | Q21: 1363090 | R21: 1336310 | S21: 1335041 | T21: 1335013 | U21: 1298928 | V21: 1259594 | W21: 1194229 | X21: 1124147 | Y21: 1065039 | Z21: 1016298 | AA21: 989613 | AB21: 931206 | AC21: 916642 | AD21: 908619 | AE21: 921975 | AF21: 920177 | AG21: 938179 | AH21: 956746 | AI21: 993307 | AJ21: 1020102 | AK21: 1030938 | AL21: 1044298 | AM21: 1047703 | AN21: 1038608 | AO21: 1009515 | AP21: 1008887 | AQ21: 1012600 | AR21: 1026237 | AS21: 1043468 | AT21: 1038960 | AU21: 1038632 | AV21: 1045783 | AW21: 1059685 | AX21: 1065535 | AY21: 1081588 | AZ21: 1098281 | BA21: 1106167 | BB21: 1113563 | BC21: 1128422 | BD21: 1121514 | BE21: 1123669 | BF21: 1136960 | BG21: 1136752 | BH21: 1128689

Sheet multiplexes
A2: Retour au menu "Régions"
A5: Multiplexes (8 écrans et plus) par région
B7: 1966 | C7: 1967 | D7: 1968 | E7: 1969 | F7: 1970 | G7: 1971 | H7: 1972 | I7: 1973 | J7: 1974 | K7: 1975 | L7: 1976 | M7: 1977 | N7: 1978 | O7: 1979 | P7: 1980 | Q7: 1981 | R7: 1982 | S7: 1983 | T7: 1984 | U7: 1985 | V7: 1986 | W7: 1987 | X7: 1988 | Y7: 1989 | Z7: 1990 | AA7: 1991 | AB7: 1992 | AC7: 1993 | AD7: 1994 | AE7: 1995 | AF7: 1996 | AG7: 1997 | AH7: 1998 | AI7: 1999 | AJ7: 2000 | AK7: 2001 | AL7: 2002 | AM7: 2003 | AN7: 2004 | AO7: 2005 | AP7: 2006 | AQ7: 2007 | AR7: 2008 | AS7: 2009 | AT7: 2010 | AU7: 2011 | AV7: 2012 | AW7: 2013 | AX7: 2014 | AY7: 2015 | AZ7: 2016 | BA7: 2017 | BB7: 2018 | BC7: 2019 | BD7: 2020 | BE7: 2021 | BF7: 2022 | BG7: 2023 | BH7: 2024
A8: AUVERGNE-RHONE-ALPES | AB8: 4 | AC8: 4 | AD8: 4 | AE8: 4 | AF8: 4 | AG8: 7 | AH8: 7 | AI8: 7 | AJ8: 11 | AK8: 13 | AL8: 15 | AM8: 15 | AN8: 15 | AO8: 15 | AP8: 16 | AQ8: 17 | AR8: 19 | AS8: 19 | AT8: 19 | AU8: 21 | AV8: 23 | AW8: 23 | AX8: 23 | AY8: 25 | AZ8: 25 | BA8: 28 | BB8: 28 | BC8: 28 | BD8: 28 | BE8: 28 | BF8: 29 | BG8: 30 | BH8: 30
A9: BOURGOGNE-FRANCHE-COMTE | AB9: 0 | AC9: 0 | AD9: 0 | AE9: 1 | AF9: 1 | AG9: 1 | AH9: 1 | AI9: 3 | AJ9: 4 | AK9: 4 | AL9: 5 | AM9: 6 | AN9: 6 | AO9: 8 | AP9: 8 | AQ9: 9 | AR9: 9 | AS9: 9 | AT9: 9 | AU9: 9 | AV9: 9 | AW9: 10 | AX9: 10 | AY9: 10 | AZ9: 10 | BA9: 10 | BB9: 11 | BC9: 11 | BD9: 11 | BE9: 11 | BF9: 12 | BG9: 12 | BH9: 12
A10: BRETAGNE | AB10: 2 | AC10: 2 | AD10: 2 | AE10: 2 | AF10: 2 | AG10: 2 | AH10: 2 | AI10: 4 | AJ10: 4 | AK10: 4 | AL10: 4 | AM10: 5 | AN10: 6 | AO10: 7 | AP10: 7 | AQ10: 7 | AR10: 7 | AS10: 7 | AT10: 7 | AU10: 7 | AV10: 8 | AW10: 8 | AX10: 8 | AY10: 9 | AZ10: 9 | BA10: 9 | BB10: 9 | BC10: 9 | BD10: 10 | BE10: 10 | BF10: 10 | BG10: 10 | BH10: 10
A11: CENTRE-VAL DE LOIRE | AB11: 0 | AC11: 0 | AD11: 0 | AE11: 1 | AF11: 2 | AG11: 2 | AH11: 3 | AI11: 3 | AJ11: 5 | AK11: 5 | AL11: 5 | AM11: 6 | AN11: 6 | AO11: 6 | AP11: 6 | AQ11: 6 | AR11: 10 | AS11: 10 | AT11: 10 | AU11: 10 | AV11: 10 | AW11: 10 | AX11: 10 | AY11: 10 | AZ11: 10 | BA11: 10 | BB11: 11 | BC11: 11 | BD11: 11 | BE11: 11 | BF11: 11 | BG11: 11 | BH11: 11
A12: CORSE | AB12: 0 | AC12: 0 | AD12: 0 | AE12: 0 | AF12: 0 | AG12: 0 | AH12: 0 | AI12: 0 | AJ12: 0 | AK12: 0 | AL12: 0 | AM12: 0 | AN12: 0 | AO12: 0 | AP12: 0 | AQ12: 0 | AR12: 0 | AS12: 0 | AT12: 0 | AU12: 0 | AV12: 0 | AW12: 0 | AX12: 0 | AY12: 0 | AZ12: 0 | BA12: 0 | BB12: 0 | BC12: 0 | BD12: 0 | BE12: 0 | BF12: 0 | BG12: 0 | BH12: 0
A13: GRAND EST | AB13: 0 | AC13: 0 | AD13: 1 | AE13: 3 | AF13: 3 | AG13: 4 | AH13: 4 | AI13: 8 | AJ13: 12 | AK13: 12 | AL13: 12 | AM13: 12 | AN13: 14 | AO13: 16 | AP13: 17 | AQ13: 18 | AR13: 17 | AS13: 17 | AT13: 17 | AU13: 19 | AV13: 20 | AW13: 20 | AX13: 20 | AY13: 21 | AZ13: 21 | BA13: 22 | BB13: 22 | BC13: 23 | BD13: 23 | BE13: 23 | BF13: 24 | BG13: 24 | BH13: 24
A14: HAUTS-DE-FRANCE | AB14: 4 | AC14: 4 | AD14: 4 | AE14: 5 | AF14: 7 | AG14: 7 | AH14: 7 | AI14: 10 | AJ14: 11 | AK14: 13 | AL14: 14 | AM14: 14 | AN14: 15 | AO14: 15 | AP14: 16 | AQ14: 17 | AR14: 17 | AS14: 18 | AT14: 18 | AU14: 18 | AV14: 18 | AW14: 18 | AX14: 18 | AY14: 18 | AZ14: 18 | BA14: 19 | BB14: 19 | BC14: 19 | BD14: 20 | BE14: 20 | BF14: 20 | BG14: 20 | BH14: 21
A15: ILE-DE-FRANCE | AB15: 7 | AC15: 7 | AD15: 8 | AE15: 9 | AF15: 9 | AG15: 11 | AH15: 14 | AI15: 15 | AJ15: 15 | AK15: 18 | AL15: 21 | AM15: 22 | AN15: 25 | AO15: 25 | AP15: 25 | AQ15: 25 | AR15: 25 | AS15: 26 | AT15: 26 | AU15: 26 | AV15: 26 | AW15: 30 | AX15: 31 | AY15: 32 | AZ15: 35 | BA15: 38 | BB15: 41 | BC15: 44 | BD15: 45 | BE15: 46 | BF15: 47 | BG15: 47 | BH15: 47
A16: NORMANDIE | AB16: 1 | AC16: 1 | AD16: 1 | AE16: 1 | AF16: 1 | AG16: 1 | AH16: 2 | AI16: 4 | AJ16: 5 | AK16: 6 | AL16: 6 | AM16: 6 | AN16: 6 | AO16: 6 | AP16: 6 | AQ16: 6 | AR16: 6 | AS16: 9 | AT16: 8 | AU16: 8 | AV16: 8 | AW16: 9 | AX16: 9 | AY16: 9 | AZ16: 9 | BA16: 9 | BB16: 9 | BC16: 10 | BD16: 10 | BE16: 10 | BF16: 11 | BG16: 11 | BH16: 11
A17: NOUVELLE AQUITAINE | AB17: 5 | AC17: 5 | AD17: 5 | AE17: 6 | AF17: 9 | AG17: 10 | AH17: 12 | AI17: 13 | AJ17: 13 | AK17: 15 | AL17: 16 | AM17: 17 | AN17: 17 | AO17: 18 | AP17: 17 | AQ17: 18 | AR17: 19 | AS17: 19 | AT17: 20 | AU17: 20 | AV17: 21 | AW17: 20 | AX17: 21 | AY17: 24 | AZ17: 25 | BA17: 25 | BB17: 25 | BC17: 25 | BD17: 24 | BE17: 26 | BF17: 27 | BG17: 27 | BH17: 27
A18: OCCITANIE | AB18: 4 | AC18: 4 | AD18: 4 | AE18: 4 | AF18: 5 | AG18: 6 | AH18: 8 | AI18: 10 | AJ18: 12 | AK18: 13 | AL18: 13 | AM18: 13 | AN18: 14 | AO18: 14 | AP18: 14 | AQ18: 15 | AR18: 15 | AS18: 15 | AT18: 16 | AU18: 16 | AV18: 16 | AW18: 18 | AX18: 18 | AY18: 20 | AZ18: 21 | BA18: 23 | BB18: 23 | BC18: 23 | BD18: 22 | BE18: 22 | BF18: 22 | BG18: 23 | BH18: 23
A19: PAYS DE LA LOIRE | AB19: 0 | AC19: 0 | AD19: 0 | AE19: 1 | AF19: 3 | AG19: 3 | AH19: 3 | AI19: 4 | AJ19: 6 | AK19: 7 | AL19: 8 | AM19: 8 | AN19: 8 | AO19: 8 | AP19: 8 | AQ19: 9 | AR19: 10 | AS19: 11 | AT19: 11 | AU19: 11 | AV19: 11 | AW19: 11 | AX19: 12 | AY19: 12 | AZ19: 12 | BA19: 13 | BB19: 13 | BC19: 13 | BD19: 13 | BE19: 13 | BF19: 14 | BG19: 14 | BH19: 14
A20: PROVENCE-ALPES-COTE D'AZUR | AB20: 4 | AC20: 6 | AD20: 6 | AE20: 7 | AF20: 7 | AG20: 10 | AH20: 10 | AI20: 11 | AJ20: 10 | AK20: 10 | AL20: 10 | AM20: 11 | AN20: 11 | AO20: 11 | AP20: 11 | AQ20: 11 | AR20: 10 | AS20: 11 | AT20: 11 | AU20: 11 | AV20: 11 | AW20: 11 | AX20: 11 | AY20: 13 | AZ20: 14 | BA20: 13 | BB20: 15 | BC20: 16 | BD20: 16 | BE20: 20 | BF20: 20 | BG20: 20 | BH20: 21
A21: TOTAL | B21: =SUM(B8:B20) -> 0 | C21: =SUM(C8:C20) -> 0 | D21: =SUM(D8:D20) -> 0 | E21: =SUM(E8:E20) -> 0 | F21: =SUM(F8:F20) -> 0 | G21: =SUM(G8:G20) -> 0 | H21: =SUM(H8:H20) -> 0 | I21: =SUM(I8:I20) -> 0 | ... AA21: =SUM(AA8:AA20) -> 0 | AB21: 31 | AC21: 33 | AD21: 35 | AE21: 44 | AF21: 53 | AG21: 64 | AH21: 73 | AI21: 92 | AJ21: 108 | AK21: 120 | AL21: 129 | AM21: 135 | AN21: 143 | AO21: 149 | AP21: 151 | AQ21: 158 | AR21: 164 | AS21: 171 | AT21: 172 | AU21: 176 | AV21: 181 | AW21: 188 | AX21: 191 | AY21: 203 | AZ21: 209 | BA21: 219 | BB21: 226 | BC21: 232 | BD21: 233 | BE21: 240 | BF21: 247 | BG21: 249 | BH21: 251

Sheet séances
A2: Retour au menu "Régions"
A5: Séances par région (milliers)
B7: 1966 | C7: 1967 | D7: 1968 | E7: 1969 | F7: 1970 | G7: 1971 | H7: 1972 | I7: 1973 | J7: 1974 | K7: 1975 | L7: 1976 | M7: 1977 | N7: 1978 | O7: 1979 | P7: 1980 | Q7: 1981 | R7: 1982 | S7: 1983 | T7: 1984 | U7: 1985 | V7: 1986 | W7: 1987 | X7: 1988 | Y7: 1989 | Z7: 1990 | AA7: 1991 | AB7: 1992 | AC7: 1993 | AD7: 1994 | AE7: 1995 | AF7: 1996 | AG7: 1997 | AH7: 1998 | AI7: 1999 | AJ7: 2000 | AK7: 2001 | AL7: 2002 | AM7: 2003 | AN7: 2004 | AO7: 2005 | AP7: 2006 | AQ7: 2007 | AR7: 2008 | AS7: 2009 | AT7: 2010 | AU7: 2011 | AV7: 2012 | AW7: 2013 | AX7: 2014 | AY7: 2015 | AZ7: 2016 | BA7: 2017 | BB7: 2018 | BC7: 2019 | BD7: 2020 | BE7: 2021 | BF7: 2022 | BG7: 2023 | BH7: 2024
A8: AUVERGNE-RHONE-ALPES | AB8: 476935 | AC8: 486367 | AD8: 493463 | AE8: 486970 | AF8: 520139 | AG8: 553251 | AH8: 587411 | AI8: 594707 | AJ8: 623848 | AK8: 707806 | AL8: 719367 | AM8: 719065 | AN8: 710716 | AO8: 709982 | AP8: 712686 | AQ8: 721759 | AR8: 762532 | AS8: 797125 | AT8: 807068 | AU8: 835310 | AV8: 875487 | AW8: 891283 | AX8: 932447 | AY8: 948774 | AZ8: 965568 | BA8: 994376 | BB8: 1053273 | BC8: 1056496 | BD8: 520604 | BE8: 607029 | BF8: 1016052 | BG8: 1001529 | BH8: 1036678
A9: BOURGOGNE-FRANCHE-COMTE | AB9: 155850 | AC9: 163938 | AD9: 166251 | AE9: 174926 | AF9: 182727 | AG9: 187764 | AH9: 190716 | AI9: 198628 | AJ9: 239929 | AK9: 239129 | AL9: 231708 | AM9: 244136 | AN9: 250132 | AO9: 261908 | AP9: 269022 | AQ9: 256021 | AR9: 282355 | AS9: 279295 | AT9: 281358 | AU9: 289338 | AV9: 289510 | AW9: 309495 | AX9: 327018 | AY9: 344766 | AZ9: 355737 | BA9: 357708 | BB9: 363946 | BC9: 369227 | BD9: 185290 | BE9: 206543 | BF9: 351583 | BG9: 349940 | BH9: 355170
A10: BRETAGNE | AB10: 154152 | AC10: 155806 | AD10: 162502 | AE10: 170536 | AF10: 172377 | AG10: 176182 | AH10: 170708 | AI10: 203450 | AJ10: 220213 | AK10: 214433 | AL10: 200373 | AM10: 219336 | AN10: 231184 | AO10: 249519 | AP10: 273708 | AQ10: 278387 | AR10: 297516 | AS10: 307654 | AT10: 309534 | AU10: 319699 | AV10: 326706 | AW10: 335091 | AX10: 339955 | AY10: 352196 | AZ10: 361438 | BA10: 364273 | BB10: 364751 | BC10: 380476 | BD10: 195773 | BE10: 241323 | BF10: 393882 | BG10: 396561 | BH10: 411371
A11: CENTRE-VAL DE LOIRE | AB11: 117170 | AC11: 111137 | AD11: 122489 | AE11: 130178 | AF11: 145625 | AG11: 148879 | AH11: 151943 | AI11: 166923 | AJ11: 176019 | AK11: 192486 | AL11: 185646 | AM11: 192592 | AN11: 195131 | AO11: 195592 | AP11: 204829 | AQ11: 204537 | AR11: 227594 | AS11: 244071 | AT11: 246883 | AU11: 251144 | AV11: 252435 | AW11: 253524 | AX11: 258028 | AY11: 259343 | AZ11: 258443 | BA11: 254711 | BB11: 265656 | BC11: 280136 | BD11: 139646 | BE11: 166641 | BF11: 273113 | BG11: 271965 | BH11: 286314
A12: CORSE | AB12: 7582 | AC12: 8105 | AD12: 8310 | AE12: 9081 | AF12: 8960 | AG12: 9217 | AH12: 10576 | AI12: 10993 | AJ12: 11503 | AK12: 12651 | AL12: 13100 | AM12: 14948 | AN12: 16048 | AO12: 14286 | AP12: 13567 | AQ12: 11254 | AR12: 10803 | AS12: 11262 | AT12: 11112 | AU12: 10920 | AV12: 9318 | AW12: 9740 | AX12: 11076 | AY12: 20760 | AZ12: 23185 | BA12: 21932 | BB12: 21337 | BC12: 25128 | BD12: 14493 | BE12: 18276 | BF12: 30326 | BG12: 33510 | BH12: 33901
A13: GRAND EST | AB13: 248416 | AC13: 243408 | AD13: 257895 | AE13: 295117 | AF13: 302691 | AG13: 312385 | AH13: 321758 | AI13: 345746 | AJ13: 379866 | AK13: 441557 | AL13: 441224 | AM13: 454379 | AN13: 481074 | AO13: 485148 | AP13: 506542 | AQ13: 534034 | AR13: 560368 | AS13: 549418 | AT13: 547398 | AU13: 565411 | AV13: 594013 | AW13: 601194 | AX13: 609794 | AY13: 616320 | AZ13: 640074 | BA13: 639791 | BB13: 643585 | BC13: 652583 | BD13: 321464 | BE13: 389372 | BF13: 653555 | BG13: 662735 | BH13: 679268
A14: HAUTS-DE-FRANCE | AB14: 222890 | AC14: 230390 | AD14: 239991 | AE14: 249901 | AF14: 287381 | AG14: 321530 | AH14: 300155 | AI14: 328339 | AJ14: 377324 | AK14: 400596 | AL14: 411323 | AM14: 416812 | AN14: 450718 | AO14: 442628 | AP14: 464493 | AQ14: 473296 | AR14: 485213 | AS14: 486371 | AT14: 510282 | AU14: 531257 | AV14: 539475 | AW14: 538594 | AX14: 563096 | AY14: 588908 | AZ14: 613436 | BA14: 613837 | BB14: 646684 | BC14: 641124 | BD14: 316060 | BE14: 385073 | BF14: 629685 | BG14: 616809 | BH14: 635035
A15: ILE-DE-FRANCE | AB15: 991767 | AC15: 989043 | AD15: 1014140 | AE15: 1026406 | AF15: 1127807 | AG15: 1179451 | AH15: 1181312.8 | AI15: 1281058 | AJ15: 1289024 | AK15: 1315894 | AL15: 1401539 | AM15: 1477243 | AN15: 1533514 | AO15: 1565820 | AP15: 1580357 | AQ15: 1574380 | AR15: 1612235 | AS15: 1624381 | AT15: 1639022 | AU15: 1671522 | AV15: 1677103 | AW15: 1685836 | AX15: 1773577 | AY15: 1814056 | AZ15: 1840944 | BA15: 1877993 | BB15: 1937707 | BC15: 1984372 | BD15: 966447 | BE15: 1116251 | BF15: 1856148 | BG15: 1851018 | BH15: 1888603
A16: NORMANDIE | AB16: 162805 | AC16: 164028 | AD16: 159195 | AE16: 166842 | AF16: 187320 | AG16: 197521 | AH16: 211164 | AI16: 253916 | AJ16: 266269 | AK16: 275740 | AL16: 280051 | AM16: 268376 | AN16: 301083 | AO16: 286972 | AP16: 290510 | AQ16: 290081 | AR16: 299340 | AS16: 322300 | AT16: 334404 | AU16: 345996 | AV16: 348453 | AW16: 353474 | AX16: 359907 | AY16: 360263 | AZ16: 359762 | BA16: 371826 | BB16: 383297 | BC16: 391597 | BD16: 190395 | BE16: 225203 | BF16: 367511 | BG16: 374232 | BH16: 390485
A17: NOUVELLE AQUITAINE | AB17: 315414 | AC17: 315685 | AD17: 329323 | AE17: 336224 | AF17: 365150 | AG17: 398785 | AH17: 420130 | AI17: 471182 | AJ17: 499233 | AK17: 508915 | AL17: 514380 | AM17: 528617 | AN17: 572934 | AO17: 564875 | AP17: 594675 | AQ17: 596482 | AR17: 628373 | AS17: 640588 | AT17: 663994 | AU17: 691063 | AV17: 692718 | AW17: 729001 | AX17: 758464 | AY17: 781236 | AZ17: 831774 | BA17: 863288 | BB17: 882571 | BC17: 892263 | BD17: 444271 | BE17: 546884 | BF17: 909643 | BG17: 896347 | BH17: 903288
A18: OCCITANIE | AB18: 257588 | AC18: 279055 | AD18: 288197 | AE18: 296615 | AF18: 307972 | AG18: 337304 | AH18: 383197 | AI18: 406783 | AJ18: 418613 | AK18: 443195 | AL18: 453465 | AM18: 455697 | AN18: 502047 | AO18: 500691 | AP18: 510963 | AQ18: 519850 | AR18: 552742 | AS18: 567798 | AT18: 591541 | AU18: 612587 | AV18: 613257 | AW18: 621038 | AX18: 659054 | AY18: 664768 | AZ18: 682634 | BA18: 708863 | BB18: 757826 | BC18: 745195 | BD18: 364047 | BE18: 448916 | BF18: 747317 | BG18: 728435 | BH18: 755179
A19: PAYS DE LA LOIRE | AB19: 155850 | AC19: 157701 | AD19: 157968 | AE19: 174174 | AF19: 206406 | AG19: 240704 | AH19: 231540 | AI19: 254698 | AJ19: 258095 | AK19: 282039 | AL19: 281475 | AM19: 279817 | AN19: 288909 | AO19: 287510 | AP19: 294052 | AQ19: 314860 | AR19: 328603 | AS19: 338101 | AT19: 360027 | AU19: 369580 | AV19: 372665 | AW19: 375955 | AX19: 394252 | AY19: 411418 | AZ19: 428124 | BA19: 428323 | BB19: 438315 | BC19: 437447 | BD19: 215023 | BE19: 262815 | BF19: 431514 | BG19: 431167 | BH19: 450620
A20: PROVENCE-ALPES-COTE D'AZUR | AB20: 335267 | AC20: 354121 | AD20: 378883 | AE20: 392499 | AF20: 396624 | AG20: 430449 | AH20: 466962 | AI20: 482574 | AJ20: 490232 | AK20: 499285 | AL20: 490588 | AM20: 502499 | AN20: 520925 | AO20: 522903 | AP20: 524280 | AQ20: 520979 | AR20: 534011 | AS20: 540188 | AT20: 542196 | AU20: 550669 | AV20: 560461 | AW20: 564446 | AX20: 594835 | AY20: 618015 | AZ20: 656410 | BA20: 669528 | BB20: 694435 | BC20: 716437 | BD20: 356738 | BE20: 427843 | BF20: 742388 | BG20: 721866 | BH20: 749722
A21: TOTAL | B21: =SUM(B8:B20) -> 0 | C21: =SUM(C8:C20) -> 0 | D21: =SUM(D8:D20) -> 0 | E21: =SUM(E8:E20) -> 0 | F21: =SUM(F8:F20) -> 0 | G21: =SUM(G8:G20) -> 0 | H21: =SUM(H8:H20) -> 0 | I21: =SUM(I8:I20) -> 0 | ... AA21: =SUM(AA8:AA20) -> 0 | AB21: 3601686 | AC21: 3658784 | AD21: 3778607 | AE21: 3909469 | AF21: 4211179 | AG21: 4493422 | AH21: 4627572.8 | AI21: 4998997 | AJ21: 5250168 | AK21: 5533726 | AL21: 5624239 | AM21: 5773517 | AN21: 6054415 | AO21: 6087834 | AP21: 6239684 | AQ21: 6295920 | AR21: 6581685 | AS21: 6708552 | AT21: 6844819 | AU21: 7044496 | AV21: 7151601 | AW21: 7268671 | AX21: 7581503 | AY21: 7780823 | AZ21: 8017529 | BA21: 8166449 | BB21: 8453383 | BC21: 8572481 | BD21: 4230251 | BE21: 5042169 | BF21: 8402717 | BG21: 8336114 | BH21: 8575634

Sheet entrées
A2: Retour au menu "Régions"
A5: Entrées par région (millions)
B7: 1966 | C7: 1967 | D7: 1968 | E7: 1969 | F7: 1970 | G7: 1971 | H7: 1972 | I7: 1973 | J7: 1974 | K7: 1975 | L7: 1976 | M7: 1977 | N7: 1978 | O7: 1979 | P7: 1980 | Q7: 1981 | R7: 1982 | S7: 1983 | T7: 1984 | U7: 1985 | V7: 1986 | W7: 1987 | X7: 1988 | Y7: 1989 | Z7: 1990 | AA7: 1991 | AB7: 1992 | AC7: 1993 | AD7: 1994 | AE7: 1995 | AF7: 1996 | AG7: 1997 | AH7: 1998 | AI7: 1999 | AJ7: 2000 | AK7: 2001 | AL7: 2002 | AM7: 2003 | AN7: 2004 | AO7: 2005 | AP7: 2006 | AQ7: 2007 | AR7: 2008 | AS7: 2009 | AT7: 2010 | AU7: 2011 | AV7: 2012 | AW7: 2013 | AX7: 2014 | AY7: 2015 | AZ7: 2016 | BA7: 2017 | BB7: 2018 | BC7: 2019 | BD7: 2020 | BE7: 2021 | BF7: 2022 | BG7: 2023 | BH7: 2024
A8: AUVERGNE-RHONE-ALPES | B8: 21911664 | C8: 20066356 | D8: 19271896 | E8: 17968172 | F8: 18166206 | G8: 17492467 | H8: 18196735 | I8: 17775071 | J8: 18358414 | K8: 18390913 | L8: 18350318 | M8: 17758345 | N8: 18887505 | O8: 18863358 | P8: 18331852 | Q8: 21032621 | R8: 23249386 | S8: 23369900 | T8: 22499245 | U8: 20815850 | V8: 20335022 | W8: 17023667 | X8: 15109520 | Y8: 14847196 | Z8: 14905719 | AA8: 14062986 | AB8: 13724983 | AC8: 15757406 | AD8: 14609116 | AE8: 15480249 | AF8: 16451686 | AG8: 17725886 | AH8: 20856788 | AI8: 18401197 | AJ8: 19052843 | AK8: 22871223 | AL8: 22556274 | AM8: 20639319 | AN8: 23488235 | AO8: 20774678 | AP8: 22111532 | AQ8: 20924021 | AR8: 22103315 | AS8: 23780457 | AT8: 24859981 | AU8: 25726850 | AV8: 24091568 | AW8: 23463970 | AX8: 25055757 | AY8: 24683508 | AZ8: 25690055 | BA8: 24745205 | BB8: 24302000 | BC8: 25643217 | BD8: 7778510 | BE8: 11369033 | BF8: 18192729 | BG8: 21902929 | BH8: 22355353
A9: BOURGOGNE-FRANCHE-COMTE | B9: 8187668 | C9: 7533834 | D9: 7211505 | E9: 6401716 | F9: 6579236 | G9: 6240679 | H9: 6716883 | I9: 6415802 | J9: 6472175 | K9: 6461987 | L9: 6091649 | M9: 5749328 | N9: 6245681 | O9: 6258341 | P9: 5856137 | Q9: 6474970 | R9: 7525325 | S9: 7378606 | T9: 7013714 | U9: 6201572 | V9: 6064364 | W9: 4682523 | X9: 4140233.4 | Y9: 4000194.5 | Z9: 3940739.9 | AA9: 3799653.7 | AB9: 3729608 | AC9: 4627667 | AD9: 4199413 | AE9: 4520782 | AF9: 4567110 | AG9: 4894376 | AH9: 5743218 | AI9: 4866624 | AJ9: 5250063 | AK9: 6076514 | AL9: 5774396 | AM9: 5451911 | AN9: 6373509 | AO9: 5585113 | AP9: 6361740 | AQ9: 5915479 | AR9: 6318966 | AS9: 6433510 | AT9: 6557451 | AU9: 6952917 | AV9: 6402001 | AW9: 6319861 | AX9: 7213467 | AY9: 7361679 | AZ9: 7704252 | BA9: 7504928 | BB9: 7174942 | BC9: 7654804 | BD9: 2314152 | BE9: 3338084 | BF9: 5262782 | BG9: 6203614 | BH9: 6338819
A10: BRETAGNE | B10: 7688431 | C10: 7103389 | D10: 6953046 | E10: 6302060 | F10: 6224683 | G10: 6040483 | H10: 6207522 | I10: 5862023 | J10: 5949683 | K10: 5924296 | L10: 5971736 | M10: 5559517 | N10: 6132955 | O10: 6355557 | P10: 6228628 | Q10: 6711026 | R10: 7613644 | S10: 7450945 | T10: 7257418 | U10: 6972557 | V10: 6825814 | W10: 5393440.8 | X10: 4973418.5 | Y10: 4778010.1 | Z10: 4842249.4 | AA10: 4809244.3 | AB10: 4683161 | AC10: 5485204 | AD10: 5214490 | AE10: 5366579 | AF10: 5544982 | AG10: 5962157 | AH10: 6947695 | AI10: 6088406 | AJ10: 6446957 | AK10: 7190698 | AL10: 6887273 | AM10: 6620556 | AN10: 7879333 | AO10: 7046380 | AP10: 8157535 | AQ10: 7762921 | AR10: 8448940 | AS10: 9130352 | AT10: 9297689 | AU10: 9989216 | AV10: 9467327 | AW10: 8741513 | AX10: 9616712 | AY10: 9728720 | AZ10: 10118782 | BA10: 10095775 | BB10: 9520072 | BC10: 10293340 | BD10: 3272412 | BE10: 4933665 | BF10: 7721331 | BG10: 9631184 | BH10: 9835002
A11: CENTRE-VAL DE LOIRE | B11: 6087855 | C11: 5808322 | D11: 5458678 | E11: 4974797 | F11: 5012712 | G11: 4764999 | H11: 4777991 | I11: 4582549 | J11: 4630132 | K11: 4662413 | L11: 4493214 | M11: 4455102 | N11: 5086111 | O11: 5068946 | P11: 4722694 | Q11: 5510576 | R11: 5937640 | S11: 6349539 | T11: 6133525 | U11: 5438720 | V11: 5305494 | W11: 3975683.1 | X11: 3713767.9 | Y11: 3500567.4 | Z11: 3568872.2 | AA11: 3328929.1 | AB11: 3178594 | AC11: 3656405 | AD11: 3575174 | AE11: 3877427 | AF11: 4201481 | AG11: 4494863 | AH11: 5179197 | AI11: 4465445 | AJ11: 4728823 | AK11: 5608053 | AL11: 5329330 | AM11: 4949898 | AN11: 5497078 | AO11: 4757148 | AP11: 5353680 | AQ11: 5075902 | AR11: 5749058 | AS11: 6321390 | AT11: 6439092 | AU11: 6883603 | AV11: 6440367 | AW11: 6020532 | AX11: 6658664 | AY11: 6537850 | AZ11: 6797805 | BA11: 6743842 | BB11: 6445817 | BC11: 7005746 | BD11: 2132381 | BE11: 3086892 | BF11: 4918831 | BG11: 5831646 | BH11: 5958593
A12: CORSE | B12: 802471 | C12: 684054 | D12: 650966 | E12: 610972 | F12: 577409 | G12: 537255 | H12: 551114 | I12: 546624 | J12: 561467 | K12: 573976 | L12: 604610 | M12: 594097 | N12: 591510 | O12: 584795 | P12: 2762150 | Q12: 606797 | R12: 685472 | S12: 643000 | T12: 529778 | U12: 434489 | V12: 433264 | W12: 358915 | X12: 296375 | Y12: 298913 | Z12: 277999.94 | AA12: 268599.02 | AB12: 275219 | AC12: 330431 | AD12: 278164 | AE12: 303490 | AF12: 302566 | AG12: 317708 | AH12: 389204 | AI12: 322306 | AJ12: 323897 | AK12: 360441 | AL12: 353588 | AM12: 326957 | AN12: 430824 | AO12: 291318 | AP12: 298696 | AQ12: 300667 | AR12: 303924 | AS12: 366512 | AT12: 392576 | AU12: 399455 | AV12: 351580 | AW12: 335358 | AX12: 390089 | AY12: 612350 | AZ12: 692385 | BA12: 691537 | BB12: 644614 | BC12: 728259 | BD12: 203701 | BE12: 328659 | BF12: 583080 | BG12: 751776 | BH12: 716201
A13: GRAND EST | B13: 25242422 | C13: 22102012 | D13: 20893987 | E13: 17815181 | F13: 17526069 | G13: 16380597 | H13: 15922919 | I13: 14234869 | J13: 14767279 | K13: 14670258 | L13: 13677260 | M13: 12930280 | N13: 13614031 | O13: 13416440 | P13: 12700332 | Q13: 13627545 | R13: 14666824 | S13: 14017302 | T13: 13289378 | U13: 12235397 | V13: 12143393 | W13: 9694809.3 | X13: 8532445.6 | Y13: 8324213 | Z13: 8634395.9 | AA13: 8186115.5 | AB13: 7789970 | AC13: 9209712 | AD13: 8584116 | AE13: 9515808 | AF13: 9867986 | AG13: 10924805 | AH13: 12485289 | AI13: 11130650 | AJ13: 12380434 | AK13: 14568630 | AL13: 14110544 | AM13: 13125353 | AN13: 15028244 | AO13: 13360483 | AP13: 14534792 | AQ13: 13989812 | AR13: 14931625 | AS13: 15590630 | AT13: 15436418 | AU13: 16485943 | AV13: 15461830 | AW13: 14593857 | AX13: 15894970 | AY13: 15748121 | AZ13: 16144230 | BA13: 15680982 | BB13: 14467115 | BC13: 15284597 | BD13: 4578597 | BE13: 6715865 | BF13: 10525068 | BG13: 12774799 | BH13: 12393974
A14: HAUTS-DE-FRANCE | B14: 20620152 | C14: 18222671 | D14: 16518958 | E14: 14348075 | F14: 14459627 | G14: 13968073 | H14: 14602693 | I14: 13096794 | J14: 13203704 | K14: 13139027 | L14: 11874382 | M14: 11064040 | N14: 11706468 | O14: 11123503 | P14: 10646033 | Q14: 12089040 | R14: 12952923 | S14: 12679531 | T14: 11705012 | U14: 10540667 | V14: 10113457 | W14: 7852938.8 | X14: 6932720.1 | Y14: 6713941 | Z14: 7107396.9 | AA14: 6710050.6 | AB14: 6747403 | AC14: 8601436 | AD14: 7463932 | AE14: 8071744 | AF14: 9105698 | AG14: 10884965 | AH14: 12739007 | AI14: 11291999 | AJ14: 12306331 | AK14: 13472771 | AL14: 13004616 | AM14: 12023354 | AN14: 13671484 | AO14: 12352292 | AP14: 13543247 | AQ14: 12934255 | AR14: 14465630 | AS14: 14318224 | AT14: 14877792 | AU14: 16397133 | AV14: 15106957 | AW14: 13829289 | AX14: 15719872 | AY14: 15858259 | AZ14: 16535184 | BA14: 16261531 | BB14: 16016380 | BC14: 16282233 | BD14: 4892201 | BE14: 7291565 | BF14: 11282881 | BG14: 13785520 | BH14: 13611157
A15: ILE-DE-FRANCE | B15: 67783512 | C15: 62436186 | D15: 60571494 | E15: 56374416 | F15: 57441769 | G15: 55909728 | H15: 59070947 | I15: 57887259 | J15: 59317099 | K15: 60591338 | L15: 60440193 | M15: 59214736 | N15: 60026987 | O15: 60129447 | P15: 59685829 | Q15: 63347562 | R15: 64635663 | S15: 63193720 | T15: 61634931 | U15: 56660402 | V15: 52386801 | W15: 45166486 | X15: 42928816 | Y15: 41775469 | Z15: 41043133 | AA15: 40548143 | AB15: 40879554 | AC15: 44187439 | AD15: 42079479 | AE15: 41285740 | AF15: 43154986 | AG15: 45596894 | AH15: 48458214 | AI15: 45425149 | AJ15: 50318641 | AK15: 55465651 | AL15: 55048574 | AM15: 53496578 | AN15: 58273942 | AO15: 53861974 | AP15: 55956323 | AQ15: 52145426 | AR15: 54921430 | AS15: 58311972 | AT15: 58373012 | AU15: 60294691 | AV15: 57603310 | AW15: 55518326 | AX15: 57269725 | AY15: 53867157 | AZ15: 55225673 | BA15: 54494981 | BB15: 51242865 | BC15: 54843000 | BD15: 17393341 | BE15: 24407970 | BF15: 38184424 | BG15: 43564685 | BH15: 42701105
A16: NORMANDIE | B16: 10197892 | C16: 9557141 | D16: 9201274 | E16: 8145106 | F16: 8271057 | G16: 7994912 | H16: 8241254 | I16: 7829294 | J16: 7888060 | K16: 7735257 | L16: 7435380 | M16: 6896848 | N16: 7391320 | O16: 7149345 | P16: 7039603 | Q16: 7874266 | R16: 8226165 | S16: 8283684 | T16: 7830904 | U16: 7335806 | V16: 7040412 | W16: 5458512.3 | X16: 4949650 | Y16: 4719448 | Z16: 4855842.8 | AA16: 4713668.1 | AB16: 4529460 | AC16: 5522136 | AD16: 5021586 | AE16: 5336803 | AF16: 5685662 | AG16: 6124159 | AH16: 7456086 | AI16: 6682608 | AJ16: 7272754 | AK16: 8041069 | AL16: 7859993 | AM16: 7117284 | AN16: 8582168 | AO16: 7462206 | AP16: 8559261 | AQ16: 7808913 | AR16: 8474687 | AS16: 8749527 | AT16: 9072648 | AU16: 9847059 | AV16: 8978594 | AW16: 8189737 | AX16: 9165823 | AY16: 9104853 | AZ16: 9164304 | BA16: 9070858 | BB16: 8784661 | BC16: 9262734 | BD16: 2887461 | BE16: 4342013 | BF16: 6546179 | BG16: 8117853 | BH16: 8211781
A17: NOUVELLE AQUITAINE | B17: 15658134 | C17: 13981326 | D17: 13501181 | E17: 12134273 | F17: 12136962 | G17: 11540788 | H17: 12011803 | I17: 11663743 | J17: 11979415 | K17: 12030846 | L17: 11819870 | M17: 11260362 | N17: 12066092 | O17: 12366132 | P17: 11793396 | Q17: 13111949 | R17: 14319895 | S17: 14631094 | T17: 14035150 | U17: 12909562 | V17: 12757174 | W17: 9700599.6 | X17: 8584375.2 | Y17: 8129358.9 | Z17: 8352903.6 | AA17: 7984261.3 | AB17: 7938122 | AC17: 9240962 | AD17: 8694022 | AE17: 9467895 | AF17: 9955457 | AG17: 10930364 | AH17: 13195496 | AI17: 11877843 | AJ17: 12914567 | AK17: 14526908 | AL17: 14477454 | AM17: 13301210 | AN17: 15371759 | AO17: 13436276 | AP17: 14847542 | AQ17: 14110775 | AR17: 14743927 | AS17: 15755678 | AT17: 16445462 | AU17: 17197477 | AV17: 15963874 | AW17: 15180862 | AX17: 16620520 | AY17: 16773055 | AZ17: 17786464 | BA17: 17764063 | BB17: 17224414 | BC17: 18333736 | BD17: 5558026 | BE17: 8535680 | BF17: 13586073 | BG17: 16114836 | BH17: 16534604
A18: OCCITANIE | B18: 16554489 | C18: 14552618 | D18: 14309669 | E18: 12781122 | F18: 12535359 | G18: 11921677 | H18: 12666880 | I18: 12261396 | J18: 12360568 | K18: 12969742 | L18: 12553988 | M18: 12260313 | N18: 12873781 | O18: 12834767 | P18: 12238597 | Q18: 13603136 | R18: 15010300 | S18: 14765400 | T18: 14217416 | U18: 12890007 | V18: 12469074 | W18: 9702705.7 | X18: 8605398.4 | Y18: 8337020.5 | Z18: 8581100.4 | AA18: 8201309.8 | AB18: 7987061 | AC18: 9393135 | AD18: 8851653 | AE18: 9506529 | AF18: 9806143 | AG18: 10891682 | AH18: 13106772 | AI18: 11977128 | AJ18: 12594620 | AK18: 14294267 | AL18: 14562970 | AM18: 13395420 | AN18: 15402957 | AO18: 13853151 | AP18: 14572927 | AQ18: 14182116 | AR18: 15045279 | AS18: 16374797 | AT18: 17062300 | AU18: 17762011 | AV18: 16405884 | AW18: 15751870 | AX18: 17146185 | AY18: 16952557 | AZ18: 17678236 | BA18: 17230418 | BB18: 16857290 | BC18: 17639371 | BD18: 5271806 | BE18: 7808719 | BF18: 13066331 | BG18: 15411071 | BH18: 15909760
A19: PAYS DE LA LOIRE | B19: 9542414 | C19: 8678199 | D19: 8463400 | E19: 7482683 | F19: 7303411 | G19: 6846084 | H19: 7141677 | I19: 6682503 | J19: 6710409 | K19: 6803584 | L19: 6855685 | M19: 6533666 | N19: 7065243 | O19: 7282944 | P19: 7051387 | Q19: 7840056 | R19: 8611380 | S19: 8470159 | T19: 8058808 | U19: 7449205 | V19: 7412422 | W19: 6040064.1 | X19: 5452731 | Y19: 5258201.7 | Z19: 5244995 | AA19: 5052075 | AB19: 4704549 | AC19: 5491125 | AD19: 5028126 | AE19: 5435056 | AF19: 6053964 | AG19: 7071186 | AH19: 8412321 | AI19: 7439098 | AJ19: 7743845 | AK19: 9119517 | AL19: 8882724 | AM19: 8323382 | AN19: 9503878 | AO19: 8372725 | AP19: 9322313 | AQ19: 8987857 | AR19: 9596336 | AS19: 10211397 | AT19: 10882578 | AU19: 11582508 | AV19: 10700620 | AW19: 10009135 | AX19: 11129660 | AY19: 11323650 | AZ19: 11713275 | BA19: 11691927 | BB19: 11258876 | BC19: 12053238 | BD19: 3848621 | BE19: 5612053 | BF19: 8952194 | BG19: 10779408 | BH19: 11409629
... A21: TOTAL | B21: 234174965 | C21: 211451427 | D21: 203238341 | E21: 183876445 | F21: 184424699 | G21: 176981166 | H21: 184403643 | I21: 175958150 | J21: 179398172 | K21: 181671085 | L21: 177294089 | M21: 170252694 | N21: 178538231 | O21: 178097720 | P21: 175426609 | Q21: 189226789 | R21: 201932906 | S21: 198865913 | T21: 190869477 | U21: 175081256 | V21: 168128550 | W21: 1.3694372e+08 | X21: 1.2474924e+08 | Y21: 1.2091368e+08 | Z21: 1.219245e+08 | AA21: 1.1749809e+08 | AB21: 115995055 | AC21: 132723734 | AD21: 124418795 | AE21: 130235475 | AF21: 136740581 | AG21: 149259035 | AH21: 1.7060262e+08 | AI21: 153608166 | AJ21: 165757516 | AK21: 187454335 | AL21: 184409634 | AM21: 1.7345727e+08 | AN21: 195845316 | AO21: 175630965 | AP21: 188761628 | AQ21: 178484145 | AR21: 190308477 | AS21: 201623826 | AT21: 207101103 | AU21: 217199041 | AV21: 203584017 | AW21: 193740612 | AX21: 209078803 | AY21: 205358716 | AZ21: 213204571 | BA21: 209413121 | BB21: 201212933 | BC21: 213223642 | BD21: 65263711 | BE21: 95502573 | BF21: 152071030 | BG21: 180431873 | BH21: 181524251

Sheet recettes
A2: Retour au menu "Régions"
A5: Recettes guichets par région (M€)
B7: 1966 | C7: 1967 | D7: 1968 | E7: 1969 | F7: 1970 | G7: 1971 | H7: 1972 | I7: 1973 | J7: 1974 | K7: 1975 | L7: 1976 | M7: 1977 | N7: 1978 | O7: 1979 | P7: 1980 | Q7: 1981 | R7: 1982 | S7: 1983 | T7: 1984 | U7: 1985 | V7: 1986 | W7: 1987 | X7: 1988 | Y7: 1989 | Z7: 1990 | AA7: 1991 | AB7: 1992 | AC7: 1993 | AD7: 1994 | AE7: 1995 | AF7: 1996 | AG7: 1997 | AH7: 1998 | AI7: 1999 | AJ7: 2000 | AK7: 2001 | AL7: 2002 | AM7: 2003 | AN7: 2004 | AO7: 2005 | AP7: 2006 | AQ7: 2007 | AR7: 2008 | AS7: 2009 | AT7: 2010 | AU7: 2011 | AV7: 2012 | AW7: 2013 | AX7: 2014 | AY7: 2015 | AZ7: 2016 | BA7: 2017 | BB7: 2018 | BC7: 2019 | BD7: 2020 | BE7: 2021 | BF7: 2022 | BG7: 2023 | BH7: 2024
A8: AUVERGNE-RHONE-ALPES | B8: 11430226 | C8: 11478893 | D8: 11365514 | E8: 11956259 | F8: 13135298 | G8: 14105633 | H8: 16212012 | I8: 17734351 | J8: 20665546 | K8: 23638909 | L8: 27049096 | M8: 28833539 | N8: 33478896 | O8: 36792585 | P8: 45259608 | Q8: 58207333 | R8: 71599154 | S8: 77037324 | T8: 78516739 | U8: 76985636 | V8: 79981038 | W8: 70344727 | X8: 65793363 | Y8: 67472589 | Z8: 70265099 | AA8: 69716322 | AB8: 69573632 | AC8: 79332115 | AD8: 73424213 | AE8: 77613595 | AF8: 82934199 | AG8: 89786369 | AH8: 1.0945098e+08 | AI8: 96202321 | AJ8: 1.0072173e+08 | AK8: 1.2315198e+08 | AL8: 1.2529539e+08 | AM8: 1.170149e+08 | AN8: 1.3560577e+08 | AO8: 1.2190119e+08 | AP8: 1.3162588e+08 | AQ8: 1.2545439e+08 | AR8: 1.3446124e+08 | AS8: 1.4840375e+08 | AT8: 1.6060286e+08 | AU8: 1.6621467e+08 | AV8: 1.5776432e+08 | AW8: 1.5414157e+08 | AX8: 1.6192968e+08 | AY8: 1.6159797e+08 | AZ8: 1.6860228e+08 | BA8: 1.6399307e+08 | BB8: 1.6147473e+08 | BC8: 1.7385495e+08 | BD8: 51790844 | BE8: 80165610 | BF8: 1.3086741e+08 | BG8: 1.6231314e+08 | BH8: 165919171
A9: BOURGOGNE-FRANCHE-COMTE | B9: 3552628.4 | C9: 3663063.7 | D9: 3596569.4 | E9: 3593348.8 | F9: 4027309 | G9: 4216850 | H9: 5167124.1 | I9: 5684610.7 | J9: 6579035.4 | K9: 7745709.6 | L9: 8565479.7 | M9: 8860469.5 | N9: 10599233 | O9: 11642686 | P9: 13904670 | Q9: 17474212 | R9: 22614240 | S9: 23993196 | T9: 24078895 | U9: 22630894 | V9: 23464821 | W9: 18986679 | X9: 17418789 | Y9: 17594914 | Z9: 17732444 | AA9: 17968255 | AB9: 18163693 | AC9: 22450421 | AD9: 20587202 | AE9: 22417165 | AF9: 22843476 | AG9: 24310461 | AH9: 29268135 | AI9: 24313104 | AJ9: 26306066 | AK9: 31044065 | AL9: 30573430 | AM9: 29700590 | AN9: 35344930 | AO9: 31129090 | AP9: 35846006 | AQ9: 33233734 | AR9: 36279422 | AS9: 37335530 | AT9: 39394617 | AU9: 41742190 | AV9: 38941571 | AW9: 38597772 | AX9: 43534976 | AY9: 45355986 | AZ9: 47727949 | BA9: 46718721 | BB9: 44611593 | BC9: 48520137 | BD9: 14396342 | BE9: 21723468 | BF9: 35370287 | BG9: 43191408 | BH9: 44243777
A10: BRETAGNE | B10: 3290325.4 | C10: 3327203.6 | D10: 3406457.9 | E10: 3541378.6 | F10: 3845390.8 | G10: 4151397.1 | H10: 4772076.7 | I10: 5333649.5 | J10: 6267826.2 | K10: 7092505.8 | L10: 8202186.3 | M10: 8390874.7 | N10: 10191235 | O10: 11902993 | P10: 14851213 | Q10: 17948028 | R10: 22577013 | S10: 24297220 | T10: 24778424 | U10: 25468699 | V10: 26229731 | W10: 21767057 | X10: 21256333 | Y10: 21109933 | Z10: 21800776 | AA10: 22550725 | AB10: 22516657 | AC10: 26668587 | AD10: 25777476 | AE10: 27092801 | AF10: 28444260 | AG10: 30639605 | AH10: 36051073 | AI10: 31214893 | AJ10: 33006911 | AK10: 37238772 | AL10: 36445253 | AM10: 35538413 | AN10: 42826850 | AO10: 38510139 | AP10: 45067906 | AQ10: 43468571 | AR10: 47907238 | AS10: 53172963 | AT10: 55472574 | AU10: 59982596 | AV10: 56890801 | AW10: 52596396 | AX10: 57295760 | AY10: 59057735 | AZ10: 61471876 | BA10: 62412091 | BB10: 59179971 | BC10: 65686823 | BD10: 20665659 | BE10: 32962498 | BF10: 52825803 | BG10: 67222374 | BH10: 69073555
A11: CENTRE-VAL DE LOIRE | B11: 2751508.3 | C11: 2877261.8 | D11: 2767922.9 | E11: 2906873.2 | F11: 3170796.7 | G11: 3340669.3 | H11: 3751421.1 | I11: 6319466.5 | J11: 4803778.8 | K11: 5625227.7 | L11: 6249249.4 | M11: 6776854.4 | N11: 8703301.6 | O11: 9605331.8 | P11: 11267418 | Q11: 14952582 | R11: 17838064 | S11: 21062207 | T11: 21358354 | U11: 20325438 | V11: 20863144 | W11: 16183546 | X11: 15791036 | Y11: 15635104 | Z11: 16472234 | AA11: 16024561 | AB11: 15530499 | AC11: 18161186 | AD11: 18026768 | AE11: 19827358 | AF11: 20988012 | AG11: 22686046 | AH11: 26805326 | AI11: 22343479 | AJ11: 23373400 | AK11: 28109094 | AL11: 27362965 | AM11: 26711500 | AN11: 30780531 | AO11: 26994531 | AP11: 30756842 | AQ11: 29054522 | AR11: 33374536 | AS11: 37821552 | AT11: 40336215 | AU11: 43283993 | AV11: 40623153 | AW11: 38843144 | AX11: 42554892 | AY11: 43069711 | AZ11: 44630706 | BA11: 44888083 | BB11: 42914739 | BC11: 48045271 | BD11: 14381587 | BE11: 22014449 | BF11: 35479546 | BG11: 42805816 | BH11: 44222129
A12: CORSE | B12: 335560.56 | C12: 321954.18 | D12: 326242.88 | E12: 375620.96 | F12: 429650.88 | G12: 423937.09 | H12: 439852.61 | I12: 516548.34 | J12: 545630.89 | K12: 602865.58 | L12: 751964.08 | M12: 823537.67 | N12: 902390.1 | O12: 992294.92 | P12: 1176925.8 | Q12: 1538612.4 | R12: 1980522.2 | S12: 2004279.1 | T12: 1817630.3 | U12: 1614969.4 | V12: 1743307.3 | W12: 1587832 | X12: 1366998.3 | Y12: 1474764.7 | Z12: 1421147.6 | AA12: 1404242.2 | AB12: 1469628.3 | AC12: 1802647.7 | AD12: 1548581.1 | AE12: 1683137.2 | AF12: 1713150.8 | AG12: 1815200.3 | AH12: 2248135.5 | AI12: 1880898.3 | AJ12: 1884616.8 | AK12: 2137238 | AL12: 2160578.9 | AM12: 2015696.3 | AN12: 2600074.2 | AO12: 1736854.1 | AP12: 1846367.2 | AQ12: 1983452.8 | AR12: 2041250.1 | AS12: 2451310.7 | AT12: 2700288.2 | AU12: 2816625.5 | AV12: 2436491.6 | AW12: 2293106.2 | AX12: 2667660.7 | AY12: 4072064.6 | AZ12: 4662745.5 | BA12: 4607682.4 | BB12: 4252600.3 | BC12: 4766582.7 | BD12: 1316801.3 | BE12: 2228805 | BF12: 3903821.6 | BG12: 5097109 | BH12: 4831027.2
A13: GRAND EST | B13: 9402968.8 | C13: 9316214.2 | D13: 9221229.1 | E13: 9075695.2 | F13: 9736253.1 | G13: 10156670 | H13: 11216343 | I13: 12162262 | J13: 15415305 | K13: 17941379 | L13: 19311897 | M13: 20082910 | N13: 23140739 | O13: 24950995 | P13: 30151371 | Q13: 36494549 | R13: 44192156 | S13: 45419333 | T13: 45940602 | U13: 45541459 | V13: 48244575 | W13: 40511023 | X13: 37571903 | Y13: 38170638 | Z13: 40581004 | AA13: 40502045 | AB13: 39789344 | AC13: 47225563 | AD13: 45044680 | AE13: 50753417 | AF13: 53033977 | AG13: 57468641 | AH13: 67067646 | AI13: 59975857 | AJ13: 68487219 | AK13: 81277107 | AL13: 80568254 | AM13: 75537701 | AN13: 86746429 | AO13: 77692168 | AP13: 85691693 | AQ13: 82497160 | AR13: 88731000 | AS13: 95588802 | AT13: 97984122 | AU13: 1.0481697e+08 | AV13: 99244922 | AW13: 93903467 | AX13: 1.0046628e+08 | AY13: 1.0130931e+08 | AZ13: 1.0448736e+08 | BA13: 1.0270147e+08 | BB13: 95976765 | BC13: 1.0397651e+08 | BD13: 30374899 | BE13: 47178711 | BF13: 75953548 | BG13: 95024025 | BH13: 92836094
A14: HAUTS-DE-FRANCE | B14: 7751359.6 | C14: 7835788.6 | D14: 7467929.5 | E14: 7391498.4 | F14: 8312132.5 | G14: 8879724.9 | H14: 10546116 | I14: 11254961 | J14: 13308786 | K14: 15806116 | L14: 17019172 | M14: 17477604 | N14: 20249687 | O14: 21196350 | P14: 25232167 | Q14: 31994694 | R14: 38335766 | S14: 40235881 | T14: 39138889 | U14: 37381295 | V14: 37677066 | W14: 30400787 | X14: 28591122 | Y14: 28761642 | Z14: 31341133 | AA14: 31531928 | AB14: 32134556 | AC14: 41261548 | AD14: 37203578 | AE14: 39505849 | AF14: 45206430 | AG14: 54838552 | AH14: 65805682 | AI14: 58168003 | AJ14: 64775420 | AK14: 71301135 | AL14: 70974054 | AM14: 67318623 | AN14: 77363270 | AO14: 70659500 | AP14: 78523836 | AQ14: 75619521 | AR14: 86226080 | AS14: 88379743 | AT14: 94847065 | AU14: 1.0239285e+08 | AV14: 95705759 | AW14: 87524107 | AX14: 97753861 | AY14: 1.0046804e+08 | AZ14: 1.0487952e+08 | BA14: 1.042157e+08 | BB14: 1.0478153e+08 | BC14: 1.0806171e+08 | BD14: 32020038 | BE14: 50169611 | BF14: 79345283 | BG14: 99678484 | BH14: 99017924
A15: ILE-DE-FRANCE | B15: 45833817 | C15: 45597846 | D15: 46154666 | E15: 48161540 | F15: 53036968 | G15: 56370645 | H15: 64851670 | I15: 70424143 | J15: 79052980 | K15: 89642030 | L15: 99879252 | M15: 1.0615267e+08 | N15: 1.154453e+08 | O15: 1.2632181e+08 | P15: 1.5560918e+08 | Q15: 1.8531771e+08 | R15: 2.1183366e+08 | S15: 2.243194e+08 | T15: 2.3203863e+08 | U15: 2.2701698e+08 | V15: 2.2032264e+08 | W15: 1.9844625e+08 | X15: 1.9799028e+08 | Y15: 2.0200076e+08 | Z15: 2.0627296e+08 | AA15: 2.1440924e+08 | AB15: 2.2336355e+08 | AC15: 2.428724e+08 | AD15: 2.3481151e+08 | AE15: 2.3481629e+08 | AF15: 2.4693262e+08 | AG15: 2.6130123e+08 | AH15: 2.8190271e+08 | AI15: 2.6783079e+08 | AJ15: 2.9547003e+08 | AK15: 3.2623054e+08 | AL15: 3.3029213e+08 | AM15: 3.2886527e+08 | AN15: 3.6123417e+08 | AO15: 3.3423972e+08 | AP15: 3.5122055e+08 | AQ15: 3.2658853e+08 | AR15: 3.4518614e+08 | AS15: 3.7084508e+08 | AT15: 3.7834778e+08 | AU15: 3.9069633e+08 | AV15: 3.8069458e+08 | AW15: 3.7047628e+08 | AX15: 3.7816567e+08 | AY15: 3.6169677e+08 | AZ15: 3.7303362e+08 | BA15: 3.7374969e+08 | BB15: 3.552957e+08 | BC15: 3.895526e+08 | BD15: 1.1948081e+08 | BE15: 1.7949666e+08 | BF15: 2.8747187e+08 | BG15: 3.3958485e+08 | BH15: 3.3404935e+08
A16: NORMANDIE | B16: 4602876.7 | C16: 4765440.1 | D16: 4727473.9 | E16: 4691861.2 | F16: 5184835.4 | G16: 5580345.4 | H16: 6523392.5 | I16: 7247998.7 | J16: 8385247.5 | K16: 9395621.1 | L16: 10428290 | M16: 10692440 | N16: 12605741 | O16: 13485503 | P16: 16760245 | Q16: 20641698 | R16: 24626855 | S16: 26719978 | T16: 26707501 | U16: 26719607 | V16: 27155362 | W16: 22020169 | X16: 20908963 | Y16: 20993176 | Z16: 22197850 | AA16: 22465421 | AB16: 22010400 | AC16: 26889851 | AD16: 24762220 | AE16: 27018415 | AF16: 28772516 | AG16: 30935132 | AH16: 37910609 | AI16: 32630797 | AJ16: 36199804 | AK16: 41246938 | AL16: 41785897 | AM16: 38656145 | AN16: 47434557 | AO16: 41944679 | AP16: 48244195 | AQ16: 44161554 | AR16: 47352564 | AS16: 48694154 | AT16: 51616746 | AU16: 56740895 | AV16: 52911418 | AW16: 49198656 | AX16: 55629509 | AY16: 56528480 | AZ16: 57799863 | BA16: 57809961 | BB16: 56980109 | BC16: 60994452 | BD16: 18539301 | BE16: 29497993 | BF16: 46066589 | BG16: 58249380 | BH16: 59042651
A17: NOUVELLE AQUITAINE | B17: 7534869.8 | C17: 7460954 | D17: 7467035.6 | E17: 7574401.5 | F17: 8258863 | G17: 8626122.3 | H17: 9955293.1 | I17: 11185155 | J17: 13310820 | K17: 15600729 | L17: 17463716 | M17: 18179025 | N17: 21395365 | O17: 24172245 | P17: 29267339 | Q17: 37062517 | R17: 44848668 | S17: 49345035 | T17: 49894044 | U17: 48154624 | V17: 50384182 | W17: 40586808 | X17: 37605749 | Y17: 36724955 | Z17: 38613088 | AA17: 39170660 | AB17: 39637546 | AC17: 46302723 | AD17: 43204952 | AE17: 46977427 | AF17: 48927770 | AG17: 54271576 | AH17: 66094829 | AI17: 58009566 | AJ17: 61415700 | AK17: 69777992 | AL17: 71029508 | AM17: 68531921 | AN17: 80536279 | AO17: 71496185 | AP17: 80541410 | AQ17: 77126104 | AR17: 82204383 | AS17: 91858377 | AT17: 99061625 | AU17: 1.0523177e+08 | AV17: 97803342 | AW17: 93093778 | AX17: 1.0097419e+08 | AY17: 1.0440602e+08 | AZ17: 1.1011913e+08 | BA17: 1.1172528e+08 | BB17: 1.0790643e+08 | BC17: 1.1625363e+08 | BD17: 34822906 | BE17: 55740768 | BF17: 90546481 | BG17: 1.1075175e+08 | BH17: 1.1504056e+08
A18: OCCITANIE | B18: 7136548.6 | C18: 7061387.6 | D18: 7191723.5 | E18: 7428609.5 | F18: 7938951.9 | G18: 8294923.9 | H18: 9733768.2 | I18: 10885508 | J18: 12815523 | K18: 15456225 | L18: 17297727 | M18: 16855721 | N18: 21851057 | O18: 24004872 | P18: 29457617 | Q18: 37044424 | R18: 45928635 | S18: 48822885 | T18: 49929721 | U18: 48112511 | V18: 49604871 | W18: 40808463 | X18: 38221300 | Y18: 38550418 | Z18: 40876402 | AA18: 40814951 | AB18: 41067507 | AC18: 48603030 | AD18: 45924058 | AE18: 49387577 | AF18: 50563365 | AG18: 56401388 | AH18: 67820543 | AI18: 60691147 | AJ18: 63671350 | AK18: 72738300 | AL18: 75412812 | AM18: 72547131 | AN18: 85140556 | AO18: 77672535 | AP18: 82774702 | AQ18: 80940714 | AR18: 86998413 | AS18: 97123865 | AT18: 1.0508698e+08 | AU18: 1.0993431e+08 | AV18: 1.0311219e+08 | AW18: 99807733 | AX18: 1.0769345e+08 | AY18: 1.0895493e+08 | AZ18: 1.1468326e+08 | BA18: 1.1396036e+08 | BB18: 1.115372e+08 | BC18: 1.1973683e+08 | BD18: 34712058 | BE18: 54970618 | BF18: 93477762 | BG18: 1.1270053e+08 | BH18: 1.1643175e+08
A19: PAYS DE LA LOIRE | B19: 4206852.1 | C19: 4293515.9 | D19: 4314628.2 | E19: 4393308.7 | F19: 4658642.4 | G19: 4727618.1 | H19: 5535363 | I19: 3741973.5 | J19: 6793208.4 | K19: 7970344.9 | L19: 9586228.5 | M19: 10293789 | N19: 12215833 | O19: 13668908 | P19: 16776416 | Q19: 21162172 | R19: 25736848 | S19: 27629703 | T19: 27480949 | U19: 27027793 | V19: 28350505 | W19: 23934191 | X19: 22865442 | Y19: 23047080 | Z19: 23622503 | AA19: 24016888 | AB19: 23138222 | AC19: 27190794 | AD19: 24908500 | AE19: 27974466 | AF19: 31022896 | AG19: 33873397 | AH19: 41503198 | AI19: 36247071 | AJ19: 38248270 | AK19: 46535883 | AL19: 47099756 | AM19: 45740910 | AN19: 54741315 | AO19: 48548969 | AP19: 54331283 | AQ19: 51983613 | AR19: 55915062 | AS19: 59315503 | AT19: 64867740 | AU19: 69464666 | AV19: 64875814 | AW19: 61352430 | AX19: 67696926 | AY19: 69658010 | AZ19: 71754603 | BA19: 71586459 | BB19: 69546316 | BC19: 76263339 | BD19: 23853065 | BE19: 36908031 | BF19: 60021829 | BG19: 73628209 | BH19: 78496806
... A21: TOTAL | B21: 1.1969507e+08 | C21: 1.1963031e+08 | D21: 1.1949423e+08 | E21: 1.2293606e+08 | F21: 1.3447165e+08 | G21: 1.422148e+08 | H21: 1.6437287e+08 | I21: 1.7909431e+08 | J21: 2.0720537e+08 | K21: 2.3976271e+08 | L21: 2.6778395e+08 | M21: 2.8029564e+08 | N21: 3.217953e+08 | O21: 3.5199086e+08 | P21: 4.3072187e+08 | Q21: 5.2931818e+08 | R21: 6.3071185e+08 | S21: 6.7133962e+08 | T21: 6.8260517e+08 | U21: 6.6592831e+08 | V21: 6.7574551e+08 | W21: 5.7747688e+08 | X21: 5.5372532e+08 | Y21: 5.6082944e+08 | Z21: 5.8328765e+08 | AA21: 5.9168833e+08 | AB21: 6.0082368e+08 | AC21: 6.8892031e+08 | AD21: 6.5351917e+08 | AE21: 6.9012653e+08 | AF21: 7.2597837e+08 | AG21: 7.9017107e+08 | AH21: 9.1702602e+08 | AI21: 8.2396594e+08 | AJ21: 8.9395115e+08 | AK21: 1.0210074e+09 | AL21: 1.0300089e+09 | AM21: 9.9610632e+08 | AN21: 1.1398396e+09 | AO21: 1.0318019e+09 | AP21: 1.1206493e+09 | AQ21: 1.0618692e+09 | AR21: 1.1428932e+09 | AS21: 1.2372357e+09 | AT21: 1.3099439e+09 | AU21: 1.3747356e+09 | AV21: 1.3064789e+09 | AW21: 1.2508735e+09 | AX21: 1.3333094e+09 | AY21: 1.3316512e+09 | AZ21: 1.3884469e+09 | BA21: 1.3805993e+09 | BB21: 1.3368911e+09 | BC21: 1.4486576e+09 | BD21: 4.3277824e+08 | BE21: 6.7257239e+08 | BF21: 1.0946544e+09 | BG21: 1.3340268e+09 | BH21: 1.3478074e+09

Sheet RME
A2: Retour au menu "Régions"
A5: Recette moyenne par entrée par région (€)
B7: 1966 | C7: 1967 | D7: 1968 | E7: 1969 | F7: 1970 | G7: 1971 | H7: 1972 | I7: 1973 | J7: 1974 | K7: 1975 | L7: 1976 | M7: 1977 | N7: 1978 | O7: 1979 | P7: 1980 | Q7: 1981 | R7: 1982 | S7: 1983 | T7: 1984 | U7: 1985 | V7: 1986 | W7: 1987 | X7: 1988 | Y7: 1989 | Z7: 1990 | AA7: 1991 | AB7: 1992 | AC7: 1993 | AD7: 1994 | AE7: 1995 | AF7: 1996 | AG7: 1997 | AH7: 1998 | AI7: 1999 | AJ7: 2000 | AK7: 2001 | AL7: 2002 | AM7: 2003 | AN7: 2004 | AO7: 2005 | AP7: 2006 | AQ7: 2007 | AR7: 2008 | AS7: 2009 | AT7: 2010 | AU7: 2011 | AV7: 2012 | AW7: 2013 | AX7: 2014 | AY7: 2015 | AZ7: 2016 | BA7: 2017 | BB7: 2018 | BC7: 2019 | BD7: 2020 | BE7: 2021 | BF7: 2022 | BG7: 2023 | BH7: 2024
A8: AUVERGNE-RHONE-ALPES | B8: 0.52165028 | C8: 0.57204672 | D8: 0.58974551 | E8: 0.66541321 | F8: 0.72306226 | G8: 0.80638326 | H8: 0.89092971 | I8: 0.99770917 | J8: 1.1256716 | K8: 1.2853581 | L8: 1.4740396 | M8: 1.6236614 | N8: 1.772542 | O8: 1.9504791 | P8: 2.4689054 | Q8: 2.7674788 | R8: 3.0796148 | S8: 3.2964336 | T8: 3.4897499 | U8: 3.6984143 | V8: 3.933167 | W8: 4.1321724 | X8: 4.3544309 | Y8: 4.5444669 | Z8: 4.7139691 | AA8: 4.957434 | AB8: 5.0691233 | AC8: 5.0345923 | AD8: 5.0259176 | AE8: 5.0137175 | AF8: 5.0410759 | AG8: 5.0652684 | AH8: 5.247739 | AI8: 5.2280469 | AJ8: 5.2864412 | AK8: 5.3845824 | AL8: 5.5547912 | AM8: 5.6695135 | AN8: 5.7733489 | AO8: 5.8677775 | AP8: 5.9528158 | AQ8: 5.9957114 | AR8: 6.0833064 | AS8: 6.2405762 | AT8: 6.4602969 | AU8: 6.4607471 | AV8: 6.5485284 | AW8: 6.5692876 | AX8: 6.4627733 | AY8: 6.546799 | AZ8: 6.5629396 | BA8: 6.6272666 | BB8: 6.6445039 | BC8: 6.7797635 | BD8: 6.6581959 | BE8: 7.051225 | BF8: 7.1933909 | BG8: 7.4105677 | BH8: 7.421899
A9: BOURGOGNE-FRANCHE-COMTE | B9: 0.43389992 | C9: 0.48621508 | D9: 0.49872661 | E9: 0.56131025 | F9: 0.61212411 | G9: 0.67570372 | H9: 0.76927409 | I9: 0.88603276 | J9: 1.0165107 | K9: 1.1986576 | L9: 1.406102 | M9: 1.5411313 | N9: 1.6970501 | O9: 1.8603471 | P9: 2.3743759 | Q9: 2.6987325 | R9: 3.0050849 | S9: 3.2517247 | T9: 3.4331162 | U9: 3.6492189 | V9: 3.8692962 | W9: 4.0547967 | X9: 4.2071998 | Y9: 4.3985145 | Z9: 4.4997753 | AA9: 4.7289192 | AB9: 4.8701347 | AC9: 4.8513476 | AD9: 4.9023998 | AE9: 4.9586918 | AF9: 5.0017354 | AG9: 4.9670194 | AH9: 5.0961212 | AI9: 4.9958871 | AJ9: 5.0106191 | AK9: 5.1088609 | AL9: 5.2946542 | AM9: 5.4477394 | AN9: 5.5455998 | AO9: 5.5735828 | AP9: 5.6346229 | AQ9: 5.6180969 | AR9: 5.7413543 | AS9: 5.803291 | AT9: 6.0076114 | AU9: 6.0035507 | AV9: 6.0827187 | AW9: 6.1073767 | AX9: 6.035236 | AY9: 6.1610926 | AZ9: 6.195014 | BA9: 6.2250725 | BB9: 6.2176939 | BC9: 6.3385211 | BD9: 6.2210011 | BE9: 6.5077654 | BF9: 6.7208344 | BG9: 6.9622978 | BH9: 6.979814
A10: BRETAGNE | B10: 0.42795798 | C10: 0.46839665 | D10: 0.48992311 | E10: 0.56193985 | F10: 0.61776492 | G10: 0.68726245 | H10: 0.76875711 | I10: 0.90986498 | J10: 1.0534723 | K10: 1.1971896 | L10: 1.3735012 | M10: 1.5092812 | N10: 1.6617169 | O10: 1.8728482 | P10: 2.3843473 | Q10: 2.6744089 | R10: 2.9653361 | S10: 3.2609582 | T10: 3.4142203 | U10: 3.6527057 | V10: 3.8427257 | W10: 4.0358386 | X10: 4.2739885 | Y10: 4.4181432 | Z10: 4.5022001 | AA10: 4.6890371 | AB10: 4.808004 | AC10: 4.8619134 | AD10: 4.9434319 | AE10: 5.0484305 | AF10: 5.12973 | AG10: 5.1390135 | AH10: 5.1889256 | AI10: 5.1269402 | AJ10: 5.1197659 | AK10: 5.1787424 | AL10: 5.2916812 | AM10: 5.3678894 | AN10: 5.4353395 | AO10: 5.4652373 | AP10: 5.5246966 | AQ10: 5.5995122 | AR10: 5.670207 | AS10: 5.8237583 | AT10: 5.9662754 | AU10: 6.0047351 | AV10: 6.0091725 | AW10: 6.0168527 | AX10: 5.9579366 | AY10: 6.0704527 | AZ10: 6.0750273 | BA10: 6.182001 | BB10: 6.2163365 | BC10: 6.3814878 | BD10: 6.3151152 | BE10: 6.6811383 | BF10: 6.8415411 | BG10: 6.9796584 | BH10: 7.0232375
A11: CENTRE-VAL DE LOIRE | B11: 0.45196679 | C11: 0.49536885 | D11: 0.50706836 | E11: 0.58431996 | F11: 0.63255114 | G11: 0.70108499 | H11: 0.78514611 | I11: 1.3790287 | J11: 1.0375036 | K11: 1.2065057 | L11: 1.3908194 | M11: 1.5211446 | N11: 1.7111899 | O11: 1.8949367 | P11: 2.385803 | Q11: 2.7134336 | R11: 3.0042347 | S11: 3.3171238 | T11: 3.4822315 | U11: 3.737173 | V11: 3.9323659 | W11: 4.0706328 | X11: 4.2520254 | Y11: 4.4664485 | Z11: 4.6155291 | AA11: 4.8137285 | AB11: 4.885965 | AC11: 4.9669514 | AD11: 5.0422072 | AE11: 5.1135348 | AF11: 4.9953843 | AG11: 5.0471051 | AH11: 5.1755757 | AI11: 5.00364 | AJ11: 4.9427521 | AK11: 5.0122733 | AL11: 5.1344099 | AM11: 5.3963738 | AN11: 5.599435 | AO11: 5.6745198 | AP11: 5.7449906 | AQ11: 5.7240115 | AR11: 5.8052182 | AS11: 5.9831068 | AT11: 6.2642707 | AU11: 6.287985 | AV11: 6.3075835 | AW11: 6.4517794 | AX11: 6.3909054 | AY11: 6.5877485 | AZ11: 6.5654583 | BA11: 6.6561587 | BB11: 6.6577656 | BC11: 6.8579807 | BD11: 6.7443795 | BE11: 7.1315902 | BF11: 7.2130037 | BG11: 7.340263 | BH11: 7.4215723
A12: CORSE | B12: 0.41815911 | C12: 0.47065609 | D12: 0.50116731 | E12: 0.61479243 | F12: 0.74410145 | G12: 0.78907984 | H12: 0.79811548 | I12: 0.94497926 | J12: 0.97179511 | K12: 1.0503324 | L12: 1.2437176 | M12: 1.3862007 | N12: 1.5255703 | O12: 1.6968252 | P12: 0.42609046 | Q12: 2.5356296 | R12: 2.8892824 | S12: 3.1170748 | T12: 3.4309282 | U12: 3.7169397 | V12: 4.0236605 | W12: 4.4239778 | X12: 4.6123941 | Y12: 4.9337588 | Z12: 5.1120431 | AA12: 5.2280242 | AB12: 5.3398503 | AC12: 5.4554437 | AD12: 5.5671516 | AE12: 5.5459396 | AF12: 5.6620731 | AG12: 5.7134232 | AH12: 5.7762395 | AI12: 5.8357533 | AJ12: 5.8185682 | AK12: 5.9295085 | AL12: 6.1104419 | AM12: 6.1650195 | AN12: 6.0351193 | AO12: 5.9620557 | AP12: 6.181426 | AQ12: 6.5968425 | AR12: 6.7163174 | AS12: 6.688214 | AT12: 6.8783832 | AU12: 7.051171 | AV12: 6.9301201 | AW12: 6.8377859 | AX12: 6.8385951 | AY12: 6.6498972 | AZ12: 6.7343249 | BA12: 6.6629585 | BB12: 6.5971268 | BC12: 6.5451751 | BD12: 6.464383 | BE12: 6.7815123 | BF12: 6.6951733 | BG12: 6.7800901 | BH12: 6.7453511
A13: GRAND EST | B13: 0.3725066 | C13: 0.42150978 | D13: 0.44133411 | E13: 0.50943604 | F13: 0.55552977 | G13: 0.62004271 | H13: 0.70441501 | I13: 0.85439933 | J13: 1.0438826 | K13: 1.2229764 | L13: 1.4119712 | M13: 1.553169 | N13: 1.6997713 | O13: 1.8597329 | P13: 2.3740617 | Q13: 2.6779988 | R13: 3.0130692 | S13: 3.2402336 | T13: 3.4569414 | U13: 3.7221072 | V13: 3.9729073 | W13: 4.1786303 | X13: 4.4034155 | Y13: 4.585495 | Z13: 4.699924 | AA13: 4.9476513 | AB13: 5.1077661 | AC13: 5.1278002 | AD13: 5.2474453 | AE13: 5.3335899 | AF13: 5.3743466 | AG13: 5.2603814 | AH13: 5.3717336 | AI13: 5.3883517 | AJ13: 5.5318916 | AK13: 5.5789122 | AL13: 5.7097908 | AM13: 5.7550986 | AN13: 5.7722265 | AO13: 5.8150718 | AP13: 5.8956257 | AQ13: 5.8969456 | AR13: 5.9424879 | AS13: 6.13117 | AT13: 6.3475945 | AU13: 6.3579601 | AV13: 6.4187047 | AW13: 6.4344516 | AX13: 6.3206333 | AY13: 6.4331045 | AZ13: 6.4721181 | BA13: 6.5494283 | BB13: 6.634133 | BC13: 6.8026989 | BD13: 6.6341062 | BE13: 7.0249641 | BF13: 7.2164425 | BG13: 7.4383969 | BH13: 7.4904219
A14: HAUTS-DE-FRANCE | B14: 0.37591186 | C14: 0.4300022 | D14: 0.45208236 | E14: 0.5151561 | F14: 0.5748511 | G14: 0.63571581 | H14: 0.72220349 | I14: 0.85936761 | J14: 1.0079585 | K14: 1.2029899 | L14: 1.433268 | M14: 1.5796765 | N14: 1.7297862 | O14: 1.9055463 | P14: 2.3701004 | Q14: 2.6465868 | R14: 2.9596228 | S14: 3.1732941 | T14: 3.3437718 | U14: 3.546388 | V14: 3.7254389 | W14: 3.8712625 | X14: 4.1240842 | Y14: 4.2838687 | Z14: 4.40965 | AA14: 4.6992087 | AB14: 4.7625073 | AC14: 4.7970535 | AD14: 4.9844476 | AE14: 4.8943387 | AF14: 4.9646309 | AG14: 5.038009 | AH14: 5.1656838 | AI14: 5.1512582 | AJ14: 5.2635851 | AK14: 5.2922398 | AL14: 5.4576047 | AM14: 5.5989887 | AN14: 5.6587325 | AO14: 5.7203554 | AP14: 5.7980066 | AQ14: 5.8464535 | AR14: 5.9607552 | AS14: 6.1725353 | AT14: 6.3750767 | AU14: 6.2445579 | AV14: 6.3352109 | AW14: 6.3288942 | AX14: 6.2184896 | AY14: 6.3353766 | AZ14: 6.3428096 | BA14: 6.408726 | BB14: 6.5421483 | BC14: 6.6367871 | BD14: 6.5451191 | BE14: 6.8804997 | BF14: 7.0323602 | BG14: 7.2306655 | BH14: 7.2747617
A15: ILE-DE-FRANCE | B15: 0.67617943 | C15: 0.73031119 | D15: 0.76198658 | E15: 0.85431554 | F15: 0.9233171 | G15: 1.0082439 | H15: 1.0978607 | I15: 1.2165741 | J15: 1.3327182 | K15: 1.4794529 | L15: 1.6525303 | M15: 1.7926732 | N15: 1.9232233 | O15: 2.100831 | P15: 2.6071378 | Q15: 2.9254118 | R15: 3.2773495 | S15: 3.5497103 | T15: 3.7647261 | U15: 4.006625 | V15: 4.2056898 | W15: 4.3936614 | X15: 4.6120601 | Y15: 4.8353918 | Z15: 5.0257606 | AA15: 5.2877697 | AB15: 5.4639429 | AC15: 5.4964127 | AD15: 5.5801906 | AE15: 5.6875884 | AF15: 5.7219951 | AG15: 5.7306805 | AH15: 5.8174391 | AI15: 5.8960906 | AJ15: 5.8719796 | AK15: 5.881668 | AL15: 6.0000124 | AM15: 6.1474075 | AN15: 6.1988971 | AO15: 6.2054858 | AP15: 6.2766909 | AQ15: 6.2630332 | AR15: 6.2850901 | AS15: 6.3596732 | AT15: 6.4815532 | AU15: 6.47978 | AV15: 6.6089012 | AW15: 6.6730448 | AX15: 6.6032387 | AY15: 6.7146066 | AZ15: 6.7547139 | BA15: 6.8584241 | BB15: 6.9335643 | BC15: 7.1030504 | BD15: 6.8693419 | BE15: 7.3540184 | BF15: 7.5285113 | BG15: 7.794957 | BH15: 7.8229672
A16: NORMANDIE | B16: 0.4513557 | C16: 0.49862612 | D16: 0.51378471 | E16: 0.57603439 | F16: 0.62686491 | G16: 0.69798709 | H16: 0.79155339 | I16: 0.92575381 | J16: 1.0630304 | K16: 1.2146489 | L16: 1.4025229 | M16: 1.5503372 | N16: 1.705479 | O16: 1.8862571 | P16: 2.3808509 | Q16: 2.6214124 | R16: 2.9937225 | S16: 3.2256154 | T16: 3.4105259 | U16: 3.6423546 | V16: 3.8570699 | W16: 4.0340971 | X16: 4.2243317 | Y16: 4.448227 | Z16: 4.5713692 | AA16: 4.7660168 | AB16: 4.8593872 | AC16: 4.8694655 | AD16: 4.9311552 | AE16: 5.0626592 | AF16: 5.0605392 | AG16: 5.0513274 | AH16: 5.0845187 | AI16: 4.8829435 | AJ16: 4.9774547 | AK16: 5.1295342 | AL16: 5.3162766 | AM16: 5.4313056 | AN16: 5.5271065 | AO16: 5.6209489 | AP16: 5.6364907 | AQ16: 5.6552755 | AR16: 5.5875296 | AS16: 5.565347 | AT16: 5.6892703 | AU16: 5.7622175 | AV16: 5.8930627 | AW16: 6.0073549 | AX16: 6.0692323 | AY16: 6.2086098 | AZ16: 6.3070652 | BA16: 6.3731524 | BB16: 6.4863185 | BC16: 6.5849297 | BD16: 6.4206239 | BE16: 6.7936216 | BF16: 7.0371722 | BG16: 7.1754663 | BH16: 7.1899934
A17: NOUVELLE AQUITAINE | B17: 0.48121122 | C17: 0.53363708 | D17: 0.55306537 | E17: 0.62421552 | F17: 0.68047202 | G17: 0.74744656 | H17: 0.82879257 | I17: 0.9589679 | J17: 1.1111411 | K17: 1.2967275 | L17: 1.477488 | M17: 1.6144264 | N17: 1.773181 | O17: 1.9547135 | P17: 2.4816718 | Q17: 2.8266215 | R17: 3.1319132 | S17: 3.3726142 | T17: 3.5549348 | U17: 3.7301517 | V17: 3.9494783 | W17: 4.1839484 | X17: 4.3807205 | Y17: 4.5175708 | Z17: 4.6227145 | AA17: 4.9059842 | AB17: 4.9933154 | AC17: 5.0105956 | AD17: 4.9695011 | AE17: 4.9617604 | AF17: 4.9146684 | AG17: 4.9652121 | AH17: 5.0088931 | AI17: 4.8838468 | AJ17: 4.7555369 | AK17: 4.8033616 | AL17: 4.9062154 | AM17: 5.1523073 | AN17: 5.2392364 | AO17: 5.321131 | AP17: 5.4245619 | AQ17: 5.4657596 | AR17: 5.5754741 | AS17: 5.8301761 | AT17: 6.023645 | AU17: 6.1190236 | AV17: 6.1265418 | AW17: 6.1323117 | AX17: 6.0752727 | AY17: 6.2246274 | AZ17: 6.1911759 | BA17: 6.2893989 | BB17: 6.2647372 | BC17: 6.3409677 | BD17: 6.2653371 | BE17: 6.5303254 | BF17: 6.6646544 | BG17: 6.8726575 | BH17: 6.9575637
A18: OCCITANIE | B18: 0.43109447 | C18: 0.48523142 | D18: 0.50257791 | E18: 0.58121732 | F18: 0.63332466 | G18: 0.69578499 | H18: 0.76844244 | I18: 0.88778702 | J18: 1.036807 | K18: 1.1917141 | L18: 1.3778671 | M18: 1.3748198 | N18: 1.6973302 | O18: 1.8703006 | P18: 2.406944 | Q18: 2.7232267 | R18: 3.0598079 | S18: 3.3065738 | T18: 3.5118703 | U18: 3.7325434 | V18: 3.9782322 | W18: 4.2058849 | X18: 4.4415491 | Y18: 4.6240043 | Z18: 4.7635384 | AA18: 4.9766381 | AB18: 5.1417545 | AC18: 5.174314 | AD18: 5.18819 | AE18: 5.1951219 | AF18: 5.1562949 | AG18: 5.178391 | AH18: 5.1744658 | AI18: 5.0672538 | AJ18: 5.0554404 | AK18: 5.0886345 | AL18: 5.1783951 | AM18: 5.4158161 | AN18: 5.5275462 | AO18: 5.6068496 | AP18: 5.6800327 | AQ18: 5.7072382 | AR18: 5.7824393 | AS18: 5.9313019 | AT18: 6.1590163 | AU18: 6.1892943 | AV18: 6.285074 | AW18: 6.3362466 | AX18: 6.2808986 | AY18: 6.4270499 | AZ18: 6.4872572 | BA18: 6.6139058 | BB18: 6.6165558 | BC18: 6.7880439 | BD18: 6.5844718 | BE18: 7.039646 | BF18: 7.1540942 | BG18: 7.3129587 | BH18: 7.3182596
A19: PAYS DE LA LOIRE | B19: 0.44085827 | C19: 0.49474734 | D19: 0.50979846 | E19: 0.58713014 | F19: 0.63787214 | G19: 0.69055801 | H19: 0.77507888 | I19: 0.55996585 | J19: 1.0123389 | K19: 1.1714921 | L19: 1.3982889 | M19: 1.5754997 | N19: 1.7290039 | O19: 1.8768383 | P19: 2.3791654 | Q19: 2.6992373 | R19: 2.9887019 | S19: 3.2620052 | T19: 3.4100514 | U19: 3.6282788 | V19: 3.824729 | W19: 3.9625723 | X19: 4.1933926 | Y19: 4.3830726 | Z19: 4.5038181 | AA19: 4.7538661 | AB19: 4.9182657 | AC19: 4.9517712 | AD19: 4.9538337 | AE19: 5.1470428 | AF19: 5.1243938 | AG19: 4.7903417 | AH19: 4.9336203 | AI19: 4.8725088 | AJ19: 4.9391833 | AK19: 5.102889 | AL19: 5.3024001 | AM19: 5.4954717 | AN19: 5.7598924 | AO19: 5.7984669 | AP19: 5.8280905 | AQ19: 5.7837605 | AR19: 5.8267095 | AS19: 5.8087549 | AT19: 5.9606961 | AU19: 5.9973769 | AV19: 6.0628089 | AW19: 6.1296436 | AX19: 6.0825691 | AY19: 6.151551 | AZ19: 6.1259215 | BA19: 6.1227255 | BB19: 6.1770212 | BC19: 6.3272076 | BD19: 6.1978213 | BE19: 6.576565 | BF19: 6.704706 | BG19: 6.8304501 | BH19: 6.8798737
... A21: TOTAL | B21: 0.51113523 | C21: 0.56575786 | D21: 0.58795122 | E21: 0.6685797 | F21: 0.72914123 | G21: 0.80355897 | H21: 0.89137542 | I21: 1.0178233 | J21: 1.1550027 | K21: 1.3197626 | L21: 1.5103941 | M21: 1.6463507 | N21: 1.8023888 | O21: 1.9763917 | P21: 2.4552824 | Q21: 2.7972687 | R21: 3.1233733 | S21: 3.3758406 | T21: 3.576293 | U21: 3.8035386 | V21: 4.0192193 | W21: 4.216892 | X21: 4.438707 | Y21: 4.6382629 | Z21: 4.7840069 | AA21: 5.0357272 | AB21: 5.1797353 | AC21: 5.1906339 | AD21: 5.252576 | AE21: 5.2990671 | AF21: 5.3091655 | AG21: 5.2939581 | AH21: 5.3752164 | AI21: 5.3640764 | AJ21: 5.3931259 | AK21: 5.4466995 | AL21: 5.5854396 | AM21: 5.742661 | AN21: 5.8201012 | AO21: 5.8748289 | AP21: 5.9368492 | AQ21: 5.9493758 | AR21: 6.0054773 | AS21: 6.1363565 | AT21: 6.3251422 | AU21: 6.3293816 | AV21: 6.4173941 | AW21: 6.4564343 | AX21: 6.3770664 | AY21: 6.4845127 | AZ21: 6.5122757 | BA21: 6.5927066 | BB21: 6.6441611 | BC21: 6.7940759 | BD21: 6.6312233 | BE21: 7.0424531 | BF21: 7.1983098 | BG21: 7.393521 | BH21: 7.4249442

Sheet indice de fréquentation
A2: Retour au menu "Régions"
A5: Indice de fréquentation par région
B7: 1966 | C7: 1967 | D7: 1968 | E7: 1969 | F7: 1970 | G7: 1971 | H7: 1972 | I7: 1973 | J7: 1974 | K7: 1975 | L7: 1976 | M7: 1977 | N7: 1978 | O7: 1979 | P7: 1980 | Q7: 1981 | R7: 1982 | S7: 1983 | T7: 1984 | U7: 1985 | V7: 1986 | W7: 1987 | X7: 1988 | Y7: 1989 | Z7: 1990 | AA7: 1991 | AB7: 1992 | AC7: 1993 | AD7: 1994 | AE7: 1995 | AF7: 1996 | AG7: 1997 | AH7: 1998 | AI7: 1999 | AJ7: 2000 | AK7: 2001 | AL7: 2002 | AM7: 2003 | AN7: 2004 | AO7: 2005 | AP7: 2006 | AQ7: 2007 | AR7: 2008 | AS7: 2009 | AT7: 2010 | AU7: 2011 | AV7: 2012 | AW7: 2013 | AX7: 2014 | AY7: 2015 | AZ7: 2016 | BA7: 2017 | BB7: 2018 | BC7: 2019 | BD7: 2020 | BE7: 2021 | BF7: 2022 | BG7: 2023 | BH7: 2024
A8: AUVERGNE-RHONE-ALPES | B8: 3.8407838 | C8: 3.5173292 | D8: 3.3780723 | E8: 3.1495492 | F8: 3.1842616 | G8: 3.0661653 | H8: 2.9776223 | I8: 2.9086233 | J8: 3.0040786 | K8: 3.0093966 | L8: 3.0027538 | M8: 2.9058863 | N8: 3.0906564 | O8: 2.9712509 | P8: 2.8875311 | Q8: 3.3129411 | R8: 3.6621136 | S8: 3.6810963 | T8: 3.5439556 | U8: 3.2787966 | V8: 3.2030592 | W8: 2.5515414 | X8: 2.2646452 | Y8: 2.2253274 | Z8: 2.2340991 | AA8: 2.1077885 | AB8: 2.057128 | AC8: 2.3617516 | AD8: 2.1896436 | AE8: 2.2260015 | AF8: 2.3656905 | AG8: 2.5489157 | AH8: 2.9991276 | AI8: 2.6460228 | AJ8: 2.7397271 | AK8: 3.2887958 | AL8: 3.2435073 | AM8: 2.8053107 | AN8: 3.1925374 | AO8: 2.5179884 | AP8: 2.6800213 | AQ8: 2.5360894 | AR8: 2.6790254 | AS8: 2.8823029 | AT8: 3.0131462 | AU8: 3.1182148 | AV8: 2.920011 | AW8: 2.8439431 | AX8: 3.0368752 | AY8: 2.9917569 | AZ8: 3.1137551 | BA8: 2.9992348 | BB8: 2.9455163 | BC8: 3.1080781 | BD8: 0.94279187 | BE8: 1.3779801 | BF8: 2.205044 | BG8: 2.6547377 | BH8: 2.7095736
A9: BOURGOGNE-FRANCHE-COMTE | B9: 3.281132 | C9: 3.0191141 | D9: 2.8899438 | E9: 2.5654283 | F9: 2.6365678 | G9: 2.5008943 | H9: 2.5527249 | I9: 2.4383003 | J9: 2.4597246 | K9: 2.4558527 | L9: 2.3151072 | M9: 2.1850095 | N9: 2.3736465 | O9: 2.3351121 | P9: 2.1850418 | Q9: 2.4159407 | R9: 2.8078492 | S9: 2.7531054 | T9: 2.6169569 | U9: 2.3139305 | V9: 2.2627354 | W9: 1.7298285 | X9: 1.5294946 | Y9: 1.4777612 | Z9: 1.4557973 | AA9: 1.4036769 | AB9: 1.3778005 | AC9: 1.7095635 | AD9: 1.5513569 | AE9: 1.6577093 | AF9: 1.6746971 | AG9: 1.7947011 | AH9: 2.1059599 | AI9: 1.7845248 | AJ9: 1.9251267 | AK9: 2.228175 | AL9: 2.1173924 | AM9: 1.9614994 | AN9: 2.2930737 | AO9: 1.9430508 | AP9: 2.2132379 | AQ9: 2.0579845 | AR9: 2.1983569 | AS9: 2.2382066 | AT9: 2.2813255 | AU9: 2.4189074 | AV9: 2.2272447 | AW9: 2.1986683 | AX9: 2.5095522 | AY9: 2.5611149 | AZ9: 2.6802955 | BA9: 2.610951 | BB9: 2.4961495 | BC9: 2.6630926 | BD9: 0.80508933 | BE9: 1.1613134 | BF9: 1.8309124 | BG9: 2.1582262 | BH9: 2.2052638
A10: BRETAGNE | B10: 3.1149611 | C10: 2.8779318 | D10: 2.8170205 | E10: 2.5532741 | F10: 2.5219248 | G10: 2.4472964 | H10: 2.3917114 | I10: 2.2585933 | J10: 2.292368 | K10: 2.2825866 | L10: 2.3008649 | M10: 2.14204 | N10: 2.3629813 | O10: 2.3470549 | P10: 2.300181 | Q10: 2.4783266 | R10: 2.811656 | S10: 2.7515726 | T10: 2.6801047 | U10: 2.5749079 | V10: 2.5207169 | W10: 1.9292343 | X10: 1.7789923 | Y10: 1.7090947 | Z10: 1.7320731 | AA10: 1.7202672 | AB10: 1.6751672 | AC10: 1.962058 | AD10: 1.8652236 | AE10: 1.8465985 | AF10: 1.9079856 | AG10: 2.0515323 | AH10: 2.3906483 | AI10: 2.0949736 | AJ10: 2.2183482 | AK10: 2.4742638 | AL10: 2.3698576 | AM10: 2.1394355 | AN10: 2.5462099 | AO10: 2.0345039 | AP10: 2.355328 | AQ10: 2.241391 | AR10: 2.4394655 | AS10: 2.6362098 | AT10: 2.6845251 | AU10: 2.88419 | AV10: 2.7335048 | AW10: 2.5239402 | AX10: 2.7766367 | AY10: 2.8089769 | AZ10: 2.9215996 | BA10: 2.9149568 | BB10: 2.7487338 | BC10: 2.9719998 | BD10: 0.9448447 | BE10: 1.4244989 | BF10: 2.2293827 | BG10: 2.7808153 | BH10: 2.8396637
A11: CENTRE-VAL DE LOIRE | B11: 3.0588578 | C11: 2.9184057 | D11: 2.7427262 | E11: 2.499599 | F11: 2.5186495 | G11: 2.3941855 | H11: 2.2197403 | I11: 2.1289426 | J11: 2.1510485 | K11: 2.1660455 | L11: 2.0874397 | M11: 2.0697338 | N11: 2.3628855 | O11: 2.2387716 | P11: 2.0858445 | Q11: 2.4338237 | R11: 2.6224425 | S11: 2.8043636 | T11: 2.7089579 | U11: 2.4020875 | V11: 2.3432463 | W11: 1.6767704 | X11: 1.566306 | Y11: 1.4763873 | Z11: 1.5051953 | AA11: 1.4039977 | AB11: 1.3405929 | AC11: 1.5421128 | AD11: 1.5078531 | AE11: 1.5888952 | AF11: 1.7216863 | AG11: 1.8419086 | AH11: 2.1223356 | AI11: 1.8298537 | AJ11: 1.9377809 | AK11: 2.2980725 | AL11: 2.1838572 | AM11: 1.9645828 | AN11: 2.181755 | AO11: 1.8069581 | AP11: 2.0335452 | AQ11: 1.9280339 | AR11: 2.1837259 | AS11: 2.4011208 | AT11: 2.4458288 | AU11: 2.6146722 | AV11: 2.4463131 | AW11: 2.2868427 | AX11: 2.5292312 | AY11: 2.4833411 | AZ11: 2.5820826 | BA11: 2.5615853 | BB11: 2.4483833 | BC11: 2.6610671 | BD11: 0.80996497 | BE11: 1.172527 | BF11: 1.8683719 | BG11: 2.2150962 | BH11: 2.2633158
A12: CORSE | B12: 2.9291753 | C12: 2.4969302 | D12: 2.3761525 | E12: 2.2301667 | F12: 2.1076552 | G12: 1.9610853 | H12: 1.9014291 | I12: 1.8859379 | J12: 1.9371485 | K12: 1.9803065 | L12: 2.0859986 | M12: 2.0497271 | N12: 2.0408015 | O12: 2.43484 | P12: 11.500429 | Q12: 2.5264471 | R12: 2.8540166 | S12: 2.6771811 | T12: 2.2057724 | U12: 1.8090291 | V12: 1.8039288 | W12: 1.4371719 | X12: 1.1867485 | Y12: 1.1969112 | Z12: 1.1131708 | AA12: 1.0755275 | AB12: 1.1020353 | AC12: 1.3231159 | AD12: 1.1138277 | AE12: 1.16639 | AF12: 1.1628388 | AG12: 1.2210334 | AH12: 1.4958109 | AI12: 1.2387047 | AJ12: 1.2448193 | AK12: 1.3852673 | AL12: 1.3589294 | AM12: 1.1116525 | AN12: 1.4647998 | AO12: 0.83529648 | AP12: 0.85645143 | AQ12: 0.86210288 | AR12: 0.87144168 | AS12: 1.0509003 | AT12: 1.1256337 | AU12: 1.1453578 | AV12: 1.0080858 | AW12: 0.96157243 | AX12: 1.1185027 | AY12: 1.7557919 | AZ12: 1.9852764 | BA12: 1.9828449 | BB12: 1.8483026 | BC12: 2.088138 | BD12: 0.58407214 | BE12: 0.94236438 | BF12: 1.671866 | BG12: 2.1555683 | BH12: 2.0535641
A13: GRAND EST | B13: 5.0829498 | C13: 4.45058 | D13: 4.2073256 | E13: 3.5873607 | F13: 3.5291435 | G13: 3.2984851 | H13: 3.0709678 | I13: 2.7454027 | J13: 2.8480857 | K13: 2.8293738 | L13: 2.6378596 | M13: 2.4937936 | N13: 2.625665 | O13: 2.5643592 | P13: 2.4274855 | Q13: 2.6047089 | R13: 2.8033521 | S13: 2.6792053 | T13: 2.5400731 | U13: 2.3386198 | V13: 2.3210346 | W13: 1.8368527 | X13: 1.6166224 | Y13: 1.577169 | Z13: 1.6359387 | AA13: 1.551004 | AB13: 1.4759473 | AC13: 1.7449424 | AD13: 1.6264122 | AE13: 1.7664772 | AF13: 1.8318542 | AG13: 2.0280379 | AH13: 2.31772 | AI13: 2.0662502 | AJ13: 2.2982552 | AK13: 2.7044633 | AL13: 2.619426 | AM13: 2.3907586 | AN13: 2.7373666 | AO13: 2.3569731 | AP13: 2.5641373 | AQ13: 2.4679954 | AR13: 2.6341441 | AS13: 2.7504017 | AT13: 2.7231966 | AU13: 2.9083472 | AV13: 2.7276796 | AW13: 2.5745572 | AX13: 2.8040915 | AY13: 2.7781853 | AZ13: 2.8480644 | BA13: 2.766341 | BB13: 2.5521982 | BC13: 2.6964133 | BD13: 0.80772752 | BE13: 1.184771 | BF13: 1.8567668 | BG13: 2.2536504 | BH13: 2.1864676
A14: HAUTS-DE-FRANCE | B14: 3.8224725 | C14: 3.3780381 | D14: 3.0622113 | E14: 2.6597826 | F14: 2.6804616 | G14: 2.5893395 | H14: 2.6111595 | I14: 2.3418844 | J14: 2.3610013 | K14: 2.3494362 | L14: 2.1233005 | M14: 1.9784004 | N14: 2.0932752 | O14: 1.9606898 | P14: 1.8765283 | Q14: 2.1308807 | R14: 2.2831534 | S14: 2.2349638 | T14: 2.0631898 | U14: 1.8579559 | V14: 1.7826535 | W14: 1.3596408 | X14: 1.2003162 | Y14: 1.1624372 | Z14: 1.2305593 | AA14: 1.1617637 | AB14: 1.1682308 | AC14: 1.489234 | AD14: 1.292289 | AE14: 1.3787431 | AF14: 1.5553539 | AG14: 1.8592724 | AH14: 2.1759632 | AI14: 1.9287983 | AJ14: 2.1020574 | AK14: 2.3012982 | AL14: 2.2213322 | AM14: 2.0333766 | AN14: 2.3121066 | AO14: 2.0288207 | AP14: 2.2244308 | AQ14: 2.124406 | AR14: 2.375929 | AS14: 2.3517181 | AT14: 2.4436252 | AU14: 2.6931716 | AV14: 2.4812647 | AW14: 2.2714122 | AX14: 2.5819339 | AY14: 2.6046635 | AZ14: 2.715846 | BA14: 2.6708995 | BB14: 2.6306343 | BC14: 2.6742997 | BD14: 0.80352686 | BE14: 1.197614 | BF14: 1.8531737 | BG14: 2.2642233 | BH14: 2.2355848
A15: ILE-DE-FRANCE | B15: 7.3290319 | C15: 6.7508571 | D15: 6.5492389 | E15: 6.0954336 | F15: 6.2108402 | G15: 6.0451896 | H15: 5.9797093 | I15: 5.8598854 | J15: 6.0046271 | K15: 6.1336174 | L15: 6.1183171 | M15: 5.994265 | N15: 6.0764885 | O15: 5.9693333 | P15: 5.9252933 | Q15: 6.2888108 | R15: 6.4166866 | S15: 6.2735382 | T15: 6.1187898 | U15: 5.6249449 | V15: 5.2006844 | W15: 4.236786 | X15: 4.0268842 | Y15: 3.9186958 | Z15: 3.85 | AA15: 3.8035681 | AB15: 3.8346557 | AC15: 4.1449477 | AD15: 3.9472132 | AE15: 3.7696949 | AF15: 3.940371 | AG15: 4.1633353 | AH15: 4.4245951 | AI15: 4.1476537 | AJ15: 4.5944659 | AK15: 5.0644262 | AL15: 5.0263439 | AM15: 4.6388078 | AN15: 5.0530637 | AO15: 4.3490618 | AP15: 4.5181691 | AQ15: 4.2104599 | AR15: 4.4346072 | AS15: 4.708375 | AT15: 4.7133037 | AU15: 4.8684688 | AV15: 4.6511544 | AW15: 4.4828033 | AX15: 4.6242192 | AY15: 4.3494803 | AZ15: 4.4591731 | BA15: 4.4001737 | BB15: 4.137583 | BC15: 4.4282744 | BD15: 1.4044178 | BE15: 1.970811 | BF15: 3.0831848 | BG15: 3.5176117 | BH15: 3.4478823
A16: NORMANDIE | B16: 3.6982114 | C16: 3.4658465 | D16: 3.3367932 | E16: 2.9537795 | F16: 2.9994549 | G16: 2.8993124 | H16: 2.8400029 | I16: 2.6980382 | J16: 2.7182894 | K16: 2.6656323 | L16: 2.5622922 | M16: 2.3767097 | N16: 2.5471088 | O16: 2.3780885 | P16: 2.341585 | Q16: 2.6192192 | R16: 2.7362714 | S16: 2.755404 | T16: 2.6047957 | U16: 2.4401111 | V16: 2.3418541 | W16: 1.7447336 | X16: 1.5820832 | Y16: 1.5085025 | Z16: 1.5520991 | AA16: 1.506655 | AB16: 1.4477756 | AC16: 1.7650699 | AD16: 1.6050764 | AE16: 1.6665089 | AF16: 1.7754461 | AG16: 1.9123744 | AH16: 2.3282916 | AI16: 2.0867597 | AJ16: 2.271043 | AK16: 2.5109626 | AL16: 2.4544185 | AM16: 2.1779728 | AN16: 2.6262445 | AO16: 2.1971484 | AP16: 2.5201619 | AQ16: 2.2992318 | AR16: 2.4952602 | AS16: 2.5761832 | AT16: 2.6713219 | AU16: 2.899337 | AV16: 2.6436289 | AW16: 2.4113604 | AX16: 2.6987561 | AY16: 2.6808042 | AZ16: 2.6983088 | BA16: 2.6707949 | BB16: 2.5865279 | BC16: 2.7272902 | BD16: 0.85017492 | BE16: 1.2784486 | BF16: 1.9274363 | BG16: 2.3901951 | BH16: 2.4178509
A17: NOUVELLE AQUITAINE | B17: 3.3479048 | C17: 2.9893823 | D17: 2.8867213 | E17: 2.5944593 | F17: 2.5950342 | G17: 2.4675648 | H17: 2.493529 | I17: 2.4212753 | J17: 2.4868056 | K17: 2.4974821 | L17: 2.4536857 | M17: 2.3375374 | N17: 2.5047989 | O17: 2.4922035 | P17: 2.3767774 | Q17: 2.6425115 | R17: 2.8859544 | S17: 2.9486718 | T17: 2.8285684 | U17: 2.6017235 | V17: 2.571012 | W17: 1.8969599 | X17: 1.6786813 | Y17: 1.5897026 | Z17: 1.6334169 | AA17: 1.5613286 | AB17: 1.552306 | AC17: 1.8070774 | AD17: 1.7001229 | AE17: 1.800197 | AF17: 1.8929006 | AG17: 2.0782665 | AH17: 2.5089518 | AI17: 2.2584173 | AJ17: 2.4555368 | AK17: 2.7621025 | AL17: 2.7526995 | AM17: 2.3859439 | AN17: 2.7573547 | AO17: 2.1770712 | AP17: 2.4057377 | AQ17: 2.2863598 | AR17: 2.388949 | AS17: 2.5528824 | AT17: 2.6646477 | AU17: 2.7864962 | AV17: 2.5866163 | AW17: 2.4597453 | AX17: 2.6930122 | AY17: 2.7177274 | AZ17: 2.8819294 | BA17: 2.8782997 | BB17: 2.7908608 | BC17: 2.9706035 | BD17: 0.90056339 | BE17: 1.3830308 | BF17: 2.2013427 | BG17: 2.6110766 | BH17: 2.6790913
A18: OCCITANIE | B18: 4.2530899 | C18: 3.73878 | D18: 3.6763629 | E18: 3.2836568 | F18: 3.2205167 | G18: 3.0628529 | H18: 3.1216319 | I18: 3.0217043 | J18: 3.0461443 | K18: 3.1962694 | L18: 3.0938108 | M18: 3.0214374 | N18: 3.1726207 | O18: 3.0186433 | P18: 2.8784284 | Q18: 3.199358 | R18: 3.5303127 | S18: 3.472714 | T18: 3.3438322 | U18: 3.0316353 | V18: 2.9326349 | W18: 2.1345044 | X18: 1.8931071 | Y18: 1.8340664 | Z18: 1.8877618 | AA18: 1.8042114 | AB18: 1.7570786 | AC18: 2.0664018 | AD18: 1.9472808 | AE18: 1.9611867 | AF18: 2.0229968 | AG18: 2.2469423 | AH18: 2.703913 | AI18: 2.4708686 | AJ18: 2.5982566 | AK18: 2.9488919 | AL18: 3.0043251 | AM18: 2.5222191 | AN18: 2.9002176 | AO18: 2.2719346 | AP18: 2.3899788 | AQ18: 2.3258853 | AR18: 2.4674452 | AS18: 2.6854878 | AT18: 2.7982392 | AU18: 2.9129927 | AV18: 2.6905861 | AW18: 2.583327 | AX18: 2.8119965 | AY18: 2.7802412 | AZ18: 2.8992535 | BA18: 2.8258108 | BB18: 2.7646173 | BC18: 2.8928796 | BD18: 0.86458299 | BE18: 1.28064 | BF18: 2.1428951 | BG18: 2.5274355 | BH18: 2.6092212
A19: PAYS DE LA LOIRE | B19: 3.694363 | C19: 3.3597806 | D19: 3.2766208 | E19: 2.8969344 | F19: 2.8275289 | G19: 2.6504739 | H19: 2.580866 | I19: 2.4149293 | J19: 2.425014 | K19: 2.4586857 | L19: 2.477514 | M19: 2.3611424 | N19: 2.5532442 | O19: 2.4853088 | P19: 2.4062899 | Q19: 2.6754236 | R19: 2.9386384 | S19: 2.8904466 | T19: 2.7500729 | U19: 2.5420455 | V19: 2.5294933 | W19: 1.9744501 | X19: 1.7824555 | Y19: 1.7188654 | Z19: 1.7145482 | AA19: 1.6514841 | AB19: 1.5378806 | AC19: 1.7950062 | AD19: 1.6436554 | AE19: 1.6868259 | AF19: 1.8789104 | AG19: 2.1946158 | AH19: 2.6108509 | AI19: 2.3088011 | AJ19: 2.4033825 | AK19: 2.8303365 | AL19: 2.7568454 | AM19: 2.4123444 | AN19: 2.7544846 | AO19: 2.1343497 | AP19: 2.3764157 | AQ19: 2.2911572 | AR19: 2.4462689 | AS19: 2.6030583 | AT19: 2.7741538 | AU19: 2.9525778 | AV19: 2.7277696 | AW19: 2.5514983 | AX19: 2.8371392 | AY19: 2.8865905 | AZ19: 2.9859125 | BA19: 2.9804706 | BB19: 2.8700785 | BC19: 3.0725749 | BD19: 0.98107879 | BE19: 1.4306075 | BF19: 2.2820661 | BG19: 2.747854 | BH19: 2.908508
... A21: TOTAL | B21: 4.7069736 | C21: 4.250225 | D21: 4.08514 | E21: 3.6959612 | F21: 3.7069812 | G21: 3.5573644 | H21: 3.5020531 | I21: 3.3416628 | J21: 3.406993 | K21: 3.4501585 | L21: 3.3670339 | M21: 3.2333091 | N21: 3.3906617 | O21: 3.2777794 | P21: 3.2286192 | Q21: 3.4826031 | R21: 3.7164514 | S21: 3.6600052 | T21: 3.5128357 | U21: 3.2222632 | V21: 3.0943029 | W21: 2.418881 | X21: 2.2034859 | Y21: 2.1357373 | Z21: 2.1535917 | AA21: 2.0754065 | AB21: 2.048858 | AC21: 2.344342 | AD21: 2.1976492 | AE21: 2.2255342 | AF21: 2.336697 | AG21: 2.5506191 | AH21: 2.9153498 | AI21: 2.6249394 | AJ21: 2.832554 | AK21: 3.203321 | AL21: 3.1512915 | AM21: 2.8250581 | AN21: 3.189687 | AO21: 2.6421059 | AP21: 2.8396371 | AQ21: 2.6850277 | AR21: 2.8629071 | AS21: 3.0331297 | AT21: 3.1155271 | AU21: 3.2674356 | AV21: 3.0626178 | AW21: 2.9145385 | AX21: 3.1452787 | AY21: 3.0893155 | AZ21: 3.2073447 | BA21: 3.150308 | BB21: 3.0269484 | BC21: 3.2076316 | BD21: 0.98179517 | BE21: 1.4366937 | BF21: 2.2876818 | BG21: 2.7143284 | BH21: 2.7307616

Sheet taux d'occupation des fauteuils
A2: Retour au menu "Régions"
A5: Taux d'occupation des fauteuils par région
B7: 1966 | C7: 1967 | D7: 1968 | E7: 1969 | F7: 1970 | G7: 1971 | H7: 1972 | I7: 1973 | J7: 1974 | K7: 1975 | L7: 1976 | M7: 1977 | N7: 1978 | O7: 1979 | P7: 1980 | Q7: 1981 | R7: 1982 | S7: 1983 | T7: 1984 | U7: 1985 | V7: 1986 | W7: 1987 | X7: 1988 | Y7: 1989 | Z7: 1990 | AA7: 1991 | AB7: 1992 | AC7: 1993 | AD7: 1994 | AE7: 1995 | AF7: 1996 | AG7: 1997 | AH7: 1998 | AI7: 1999 | AJ7: 2000 | AK7: 2001 | AL7: 2002 | AM7: 2003 | AN7: 2004 | AO7: 2005 | AP7: 2006 | AQ7: 2007 | AR7: 2008 | AS7: 2009 | AT7: 2010 | AU7: 2011 | AV7: 2012 | AW7: 2013 | AX7: 2014 | AY7: 2015 | AZ7: 2016 | BA7: 2017 | BB7: 2018 | BC7: 2019 | BD7: 2020 | BE7: 2021 | BF7: 2022 | BG7: 2023 | BH7: 2024
A8: AUVERGNE-RHONE-ALPES | AB8: 16.170276 | AC8: 17.955469 | AD8: 16.668852 | AE8: 17.958504 | AF8: 17.874886 | AG8: 17.867771 | AH8: 19.769925 | AI8: 17.028203 | AJ8: 16.560396 | AK8: 17.383748 | AL8: 16.716636 | AM8: 15.464743 | AN8: 18.025679 | AO8: 16.237558 | AP8: 17.036813 | AQ8: 15.907558 | AR8: 15.84271 | AS8: 16.224754 | AT8: 16.76072 | AU8: 16.587263 | AV8: 14.914163 | AW8: 14.324886 | AX8: 14.633636 | AY8: 14.192503 | AZ8: 14.614773 | BA8: 13.732233 | BB8: 12.860441 | BC8: 13.60619 | BD8: 8.3838295 | BE8: 10.750273 | BF8: 10.276271 | BG8: 12.61859 | BH8: 12.44526
A9: BOURGOGNE-FRANCHE-COMTE | AB9: 13.440747 | AC9: 15.325843 | AD9: 13.948312 | AE9: 14.424453 | AF9: 14.016622 | AG9: 14.69649 | AH9: 17.442894 | AI9: 14.161281 | AJ9: 12.496102 | AK9: 14.901047 | AL9: 14.607967 | AM9: 12.48889 | AN9: 14.464329 | AO9: 12.259656 | AP9: 13.451314 | AQ9: 13.166037 | AR9: 12.811537 | AS9: 13.274094 | AT9: 13.392443 | AU9: 13.709663 | AV9: 12.493847 | AW9: 11.593649 | AX9: 12.541536 | AY9: 12.236632 | AZ9: 12.39491 | BA9: 11.996215 | BB9: 11.267483 | BC9: 12.006255 | BD9: 7.1988989 | BE9: 9.5534512 | BF9: 8.8795042 | BG9: 10.524285 | BH9: 10.494057
A10: BRETAGNE | AB10: 15.369458 | AC10: 17.387108 | AD10: 15.848438 | AE10: 15.752445 | AF10: 16.059805 | AG10: 16.547261 | AH10: 19.759999 | AI10: 14.848155 | AJ10: 14.503705 | AK10: 16.540934 | AL10: 16.95744 | AM10: 14.826928 | AN10: 16.962937 | AO10: 14.9294 | AP10: 15.646637 | AQ10: 14.782737 | AR10: 14.873792 | AS10: 15.713314 | AT10: 15.929623 | AU10: 16.493189 | AV10: 15.300995 | AW10: 13.804608 | AX10: 15.002881 | AY10: 14.644465 | AZ10: 14.858133 | BA10: 14.737143 | BB10: 13.895494 | BC10: 14.452123 | BD10: 9.2199813 | BE10: 11.46903 | BF10: 11.066868 | BG10: 13.912907 | BH10: 13.827227
A11: CENTRE-VAL DE LOIRE | AB11: 13.078967 | AC11: 15.322774 | AD11: 13.993511 | AE11: 14.569922 | AF11: 14.034244 | AG11: 14.562766 | AH11: 16.954172 | AI11: 13.403134 | AJ11: 13.444372 | AK11: 14.562979 | AL11: 14.23767 | AM11: 12.84929 | AN11: 14.174764 | AO11: 12.3626 | AP11: 13.24481 | AQ11: 12.483584 | AR11: 12.592145 | AS11: 13.105846 | AT11: 13.267809 | AU11: 13.989305 | AV11: 13.109102 | AW11: 12.240342 | AX11: 13.354506 | AY11: 13.089095 | AZ11: 13.754197 | BA11: 13.95094 | BB11: 12.591507 | BC11: 13.016677 | BD11: 7.9708313 | BE11: 9.938881 | BF11: 9.6361985 | BG11: 11.501316 | BH11: 11.289111
A12: CORSE | AB12: 12.330208 | AC12: 13.802851 | AD12: 11.489727 | AE12: 12.731279 | AF12: 11.831346 | AG12: 12.238067 | AH12: 13.802818 | AI12: 10.762901 | AJ12: 10.365164 | AK12: 11.26689 | AL12: 11.431049 | AM12: 9.3188465 | AN12: 11.776568 | AO12: 9.1937661 | AP12: 9.8981021 | AQ12: 10.925067 | AR12: 11.21619 | AS12: 13.149987 | AT12: 14.666041 | AU12: 14.96012 | AV12: 14.953946 | AW12: 13.610616 | AX12: 14.246208 | AY12: 13.969061 | AZ12: 16.206459 | BA12: 17.55785 | BB12: 16.557795 | BC12: 16.168457 | BD12: 8.1552721 | BE12: 10.815691 | BF12: 11.64816 | BG12: 14.19992 | BH12: 13.380209
A13: GRAND EST | AB13: 15.570938 | AC13: 18.720754 | AD13: 16.764553 | AE13: 15.980818 | AF13: 16.053705 | AG13: 17.283737 | AH13: 19.634117 | AI13: 16.130941 | AJ13: 15.635432 | AK13: 15.624396 | AL13: 15.048489 | AM13: 13.43005 | AN13: 14.811854 | AO13: 13.113858 | AP13: 13.500822 | AQ13: 12.35105 | AR13: 12.672463 | AS13: 13.58688 | AT13: 13.564547 | AU13: 14.036287 | AV13: 12.685303 | AW13: 11.893194 | AX13: 12.729214 | AY13: 12.559984 | AZ13: 12.447584 | BA13: 12.255412 | BB13: 11.397447 | BC13: 12.051298 | BD13: 7.3815383 | BE13: 9.0439306 | BF13: 8.505153 | BG13: 10.288592 | BH13: 9.6947324
A14: HAUTS-DE-FRANCE | AB14: 15.103898 | AC14: 18.294248 | AD14: 15.57115 | AE14: 16.214169 | AF14: 15.366495 | AG14: 15.747696 | AH14: 20.256026 | AI14: 16.536235 | AJ14: 15.632064 | AK14: 16.136313 | AL14: 15.22188 | AM14: 13.858005 | AN14: 14.738689 | AO14: 13.616932 | AP14: 14.359518 | AQ14: 13.434114 | AR14: 14.753521 | AS14: 14.52092 | AT14: 14.376032 | AU14: 15.242806 | AV14: 13.931941 | AW14: 12.770769 | AX14: 13.949617 | AY14: 13.657107 | AZ14: 13.707472 | BA14: 13.59639 | BB14: 12.92437 | BC14: 13.190137 | BD14: 8.0450014 | BE14: 10.076774 | BF14: 9.5580459 | BG14: 12.000796 | BH14: 11.654053
A15: ILE-DE-FRANCE | AB15: 20.03985 | AC15: 21.066369 | AD15: 20.041022 | AE15: 19.574424 | AF15: 18.907558 | AG15: 19.067607 | AH15: 20.634533 | AI15: 17.579654 | AJ15: 19.41102 | AK15: 21.100204 | AL15: 19.493109 | AM15: 18.12946 | AN15: 18.98979 | AO15: 17.586965 | AP15: 18.054405 | AQ15: 16.874652 | AR15: 17.251281 | AS15: 18.335317 | AT15: 18.167687 | AU15: 18.357906 | AV15: 17.712266 | AW15: 16.926267 | AX15: 16.684513 | AY15: 15.493296 | AZ15: 15.613609 | BA15: 15.241565 | BB15: 13.931492 | BC15: 14.67229 | BD15: 9.6968656 | BE15: 11.949208 | BF15: 11.340759 | BG15: 13.075806 | BH15: 12.905056
A16: NORMANDIE | AB16: 13.520006 | AC16: 15.903276 | AD16: 14.935231 | AE16: 15.156266 | AF16: 14.596645 | AG16: 14.912263 | AH16: 17.606601 | AI16: 12.833194 | AJ16: 13.218989 | AK16: 14.024757 | AL16: 13.614435 | AM16: 12.761539 | AN16: 13.803912 | AO16: 12.723023 | AP16: 14.375041 | AQ16: 13.156769 | AR16: 13.880743 | AS16: 13.417691 | AT16: 13.493498 | AU16: 14.062773 | AV16: 12.810695 | AW16: 11.599745 | AX16: 12.73541 | AY16: 12.583486 | AZ16: 12.821501 | BA16: 12.224417 | BB16: 11.443794 | BC16: 11.985113 | BD16: 7.6892302 | BE16: 9.9961279 | BF16: 9.325039 | BG16: 11.573999 | BH16: 11.218847
A17: NOUVELLE AQUITAINE | AB17: 12.851753 | AC17: 14.632547 | AD17: 13.362889 | AE17: 14.234841 | AF17: 13.743535 | AG17: 13.897253 | AH17: 16.155692 | AI17: 13.208426 | AJ17: 13.666832 | AK17: 15.131883 | AL17: 14.82489 | AM17: 13.255946 | AN17: 14.302803 | AO17: 12.98101 | AP17: 13.680428 | AQ17: 12.973129 | AR17: 12.855729 | AS17: 13.4798 | AT17: 13.653218 | AU17: 13.772849 | AV17: 12.787628 | AW17: 11.637026 | AX17: 12.298994 | AY17: 12.094874 | AZ17: 12.12504 | BA17: 11.718297 | BB17: 11.14399 | BC17: 11.792403 | BD17: 7.2070632 | BE17: 9.0742248 | BF17: 8.7507658 | BG17: 10.573453 | BH17: 10.73881
A18: OCCITANIE | AB18: 16.691503 | AC18: 17.830674 | AD18: 16.379801 | AE18: 16.98529 | AF18: 16.960432 | AG18: 16.88435 | AH18: 17.903135 | AI18: 15.430189 | AJ18: 16.022465 | AK18: 17.202274 | AL18: 17.135545 | AM18: 15.60286 | AN18: 16.26754 | AO18: 15.058591 | AP18: 15.45181 | AQ18: 14.753707 | AR18: 14.72327 | AS18: 15.844658 | AT18: 15.816832 | AU18: 15.864944 | AV18: 14.672185 | AW18: 14.023996 | AX18: 14.530444 | AY18: 14.551543 | AZ18: 14.680018 | BA18: 13.973028 | BB18: 12.789439 | BC18: 13.662428 | BD18: 8.3025917 | BE18: 10.164293 | BF18: 10.263359 | BG18: 12.412475 | BH18: 12.439923
A19: PAYS DE LA LOIRE | AB19: 15.032516 | AC19: 17.034038 | AD19: 15.909867 | AE19: 15.951399 | AF19: 14.893831 | AG19: 14.764967 | AH19: 18.545626 | AI19: 15.102432 | AJ19: 15.306707 | AK19: 16.246616 | AL19: 15.858157 | AM19: 15.172909 | AN19: 17.138156 | AO19: 15.29963 | AP19: 16.617074 | AQ19: 15.109205 | AR19: 15.584503 | AS19: 16.296508 | AT19: 16.598292 | AU19: 17.010858 | AV19: 15.721329 | AW19: 14.62468 | AX19: 15.526862 | AY19: 15.257954 | AZ19: 15.11426 | BA19: 15.233357 | BB19: 14.357525 | BC19: 15.424913 | BD19: 10.034172 | BE19: 12.189485 | BF19: 11.945858 | BG19: 14.459002 | BH19: 14.794802
... A21: TOTAL | AB21: 16.467304 | AC21: 18.154834 | AD21: 16.763898 | AE21: 17.021935 | AF21: 16.629742 | AG21: 16.86613 | AH21: 19.011514 | AI21: 15.775718 | AJ21: 16.161839 | AK21: 17.355665 | AL21: 16.735887 | AM21: 15.345888 | AN21: 16.644271 | AO21: 15.142681 | AP21: 15.820551 | AQ21: 14.82106 | AR21: 15.120523 | AS21: 15.808314 | AT21: 15.931555 | AU21: 16.183768 | AV21: 15.050763 | AW21: 14.139439 | AX21: 14.681229 | AY21: 14.152254 | AZ21: 14.277223 | BA21: 13.879709 | BB21: 12.938704 | BC21: 13.618701 | BD21: 8.5025946 | BE21: 10.615589 | BF21: 10.212061 | BG21: 12.280877 | BH21: 12.115906

Sheet étabAE
A2: Retour au menu "Régions"
A5: Etablissements Art et Essai par région
B7: 2002 | C7: 2003 | D7: 2004 | E7: 2005 | F7: 2006 | G7: 2007 | H7: 2008 | I7: 2009 | J7: 2010 | K7: 2011 | L7: 2012 | M7: 2013 | N7: 2014 | O7: 2015 | P7: 2016 | Q7: 2017 | R7: 2018 | S7: 2019 | T7: 2020 | U7: 2021 | V7: 2022 | W7: 2023 | X7: 2024
A8: AUVERGNE-RHONE-ALPES | B8: 143 | C8: 146 | D8: 154 | E8: 152 | F8: 154 | G8: 157 | H8: 161 | I8: 156 | J8: 165 | K8: 166 | L8: 163 | M8: 166 | N8: 168 | O8: 177 | P8: 172 | Q8: 177 | R8: 181 | S8: 185 | T8: 186 | U8: 189 | V8: 180 | W8: 185 | X8: 189
A9: BOURGOGNE-FRANCHE-COMTE | B9: 44 | C9: 46 | D9: 47 | E9: 50 | F9: 51 | G9: 50 | H9: 52 | I9: 45 | J9: 52 | K9: 51 | L9: 52 | M9: 54 | N9: 58 | O9: 61 | P9: 58 | Q9: 59 | R9: 57 | S9: 61 | T9: 63 | U9: 72 | V9: 72 | W9: 74 | X9: 75
A10: BRETAGNE | B10: 75 | C10: 80 | D10: 82 | E10: 85 | F10: 83 | G10: 85 | H10: 84 | I10: 76 | J10: 87 | K10: 87 | L10: 88 | M10: 93 | N10: 97 | O10: 97 | P10: 96 | Q10: 102 | R10: 100 | S10: 96 | T10: 95 | U10: 102 | V10: 102 | W10: 102 | X10: 99
A11: CENTRE-VAL DE LOIRE | B11: 26 | C11: 28 | D11: 29 | E11: 34 | F11: 32 | G11: 33 | H11: 34 | I11: 30 | J11: 35 | K11: 37 | L11: 39 | M11: 41 | N11: 41 | O11: 41 | P11: 41 | Q11: 43 | R11: 39 | S11: 40 | T11: 43 | U11: 44 | V11: 43 | W11: 43 | X11: 44
A12: CORSE | B12: 5 | C12: 4 | D12: 5 | E12: 5 | F12: 4 | G12: 5 | H12: 4 | I12: 1 | J12: 1 | K12: 2 | L12: 3 | M12: 2 | N12: 2 | O12: 2 | P12: 2 | Q12: 3 | R12: 3 | S12: 3 | T12: 3 | U12: 6 | V12: 5 | W12: 6 | X12: 7
A13: GRAND EST | B13: 56 | C13: 54 | D13: 58 | E13: 55 | F13: 57 | G13: 58 | H13: 56 | I13: 55 | J13: 55 | K13: 58 | L13: 63 | M13: 61 | N13: 62 | O13: 65 | P13: 66 | Q13: 68 | R13: 64 | S13: 64 | T13: 69 | U13: 71 | V13: 72 | W13: 72 | X13: 66
A14: HAUTS-DE-FRANCE | B14: 56 | C14: 47 | D14: 49 | E14: 45 | F14: 47 | G14: 50 | H14: 51 | I14: 39 | J14: 44 | K14: 44 | L14: 46 | M14: 46 | N14: 48 | O14: 46 | P14: 51 | Q14: 49 | R14: 45 | S14: 46 | T14: 52 | U14: 56 | V14: 54 | W14: 57 | X14: 53
A15: ILE-DE-FRANCE | B15: 148 | C15: 146 | D15: 155 | E15: 161 | F15: 161 | G15: 155 | H15: 142 | I15: 142 | J15: 153 | K15: 156 | L15: 154 | M15: 156 | N15: 157 | O15: 156 | P15: 153 | Q15: 155 | R15: 151 | S15: 162 | T15: 162 | U15: 166 | V15: 165 | W15: 168 | X15: 167
A16: NORMANDIE | B16: 47 | C16: 51 | D16: 51 | E16: 57 | F16: 57 | G16: 55 | H16: 53 | I16: 52 | J16: 57 | K16: 60 | L16: 62 | M16: 62 | N16: 61 | O16: 59 | P16: 59 | Q16: 64 | R16: 58 | S16: 59 | T16: 66 | U16: 68 | V16: 68 | W16: 69 | X16: 68
A17: NOUVELLE AQUITAINE | B17: 137 | C17: 129 | D17: 142 | E17: 145 | F17: 151 | G17: 153 | H17: 148 | I17: 140 | J17: 143 | K17: 144 | L17: 152 | M17: 157 | N17: 160 | O17: 160 | P17: 165 | Q17: 169 | R17: 163 | S17: 171 | T17: 171 | U17: 179 | V17: 178 | W17: 179 | X17: 179
A18: OCCITANIE | B18: 104 | C18: 106 | D18: 119 | E18: 124 | F18: 122 | G18: 129 | H18: 122 | I18: 115 | J18: 120 | K18: 125 | L18: 134 | M18: 139 | N18: 138 | O18: 140 | P18: 146 | Q18: 150 | R18: 150 | S18: 151 | T18: 150 | U18: 156 | V18: 155 | W18: 155 | X18: 161
A19: PAYS DE LA LOIRE | B19: 63 | C19: 66 | D19: 67 | E19: 66 | F19: 62 | G19: 66 | H19: 59 | I19: 58 | J19: 70 | K19: 70 | L19: 73 | M19: 71 | N19: 77 | O19: 77 | P19: 77 | Q19: 82 | R19: 82 | S19: 86 | T19: 84 | U19: 88 | V19: 87 | W19: 88 | X19: 90
... A21: TOTAL | B21: 968 | C21: 970 | D21: 1026 | E21: 1054 | F21: 1058 | G21: 1070 | H21: 1040 | I21: 984 | J21: 1058 | K21: 1075 | L21: 1105 | M21: 1127 | N21: 1145 | O21: 1158 | P21: 1163 | Q21: 1204 | R21: 1179 | S21: 1217 | T21: 1237 | U21: 1290 | V21: 1274 | W21: 1294 | X21: 1290

Sheet écransAE
A2: Retour au menu "Régions"
A5: Ecrans des établissements Art et Essai par région
B7: 2002 | C7: 2003 | D7: 2004 | E7: 2005 | F7: 2006 | G7: 2007 | H7: 2008 | I7: 2009 | J7: 2010 | K7: 2011 | L7: 2012 | M7: 2013 | N7: 2014 | O7: 2015 | P7: 2016 | Q7: 2017 | R7: 2018 | S7: 2019 | T7: 2020 | U7: 2021 | V7: 2022 | W7: 2023 | X7: 2024
A8: AUVERGNE-RHONE-ALPES | B8: 262 | C8: 264 | D8: 289 | E8: 286 | F8: 292 | G8: 296 | H8: 290 | I8: 297 | J8: 297 | K8: 304 | L8: 294 | M8: 305 | N8: 319 | O8: 341 | P8: 323 | Q8: 356 | R8: 374 | S8: 391 | T8: 393 | U8: 400 | V8: 397 | W8: 406 | X8: 412
A9: BOURGOGNE-FRANCHE-COMTE | B9: 119 | C9: 114 | D9: 119 | E9: 134 | F9: 128 | G9: 138 | H9: 144 | I9: 131 | J9: 143 | K9: 143 | L9: 137 | M9: 142 | N9: 155 | O9: 160 | P9: 146 | Q9: 152 | R9: 144 | S9: 156 | T9: 166 | U9: 179 | V9: 179 | W9: 195 | X9: 192
A10: BRETAGNE | B10: 122 | C10: 129 | D10: 131 | E10: 132 | F10: 136 | G10: 141 | H10: 149 | I10: 145 | J10: 156 | K10: 156 | L10: 157 | M10: 164 | N10: 169 | O10: 171 | P10: 178 | Q10: 185 | R10: 187 | S10: 181 | T10: 180 | U10: 201 | V10: 201 | W10: 205 | X10: 188
A11: CENTRE-VAL DE LOIRE | B11: 54 | C11: 53 | D11: 53 | E11: 64 | F11: 67 | G11: 75 | H11: 78 | I11: 73 | J11: 95 | K11: 101 | L11: 103 | M11: 103 | N11: 105 | O11: 106 | P11: 106 | Q11: 109 | R11: 104 | S11: 94 | T11: 109 | U11: 113 | V11: 112 | W11: 112 | X11: 111
A12: CORSE | B12: 11 | C12: 10 | D12: 11 | E12: 11 | F12: 9 | G12: 11 | H12: 7 | I12: 2 | J12: 2 | K12: 3 | L12: 4 | M12: 3 | N12: 3 | O12: 3 | P12: 3 | Q12: 9 | R12: 9 | S12: 9 | T12: 9 | U12: 17 | V12: 15 | W12: 17 | X12: 21
A13: GRAND EST | B13: 135 | C13: 136 | D13: 150 | E13: 153 | F13: 166 | G13: 158 | H13: 156 | I13: 155 | J13: 161 | K13: 156 | L13: 166 | M13: 160 | N13: 172 | O13: 186 | P13: 192 | Q13: 196 | R13: 189 | S13: 194 | T13: 224 | U13: 220 | V13: 210 | W13: 215 | X13: 200
A14: HAUTS-DE-FRANCE | B14: 136 | C14: 116 | D14: 124 | E14: 115 | F14: 132 | G14: 160 | H14: 153 | I14: 130 | J14: 148 | K14: 148 | L14: 147 | M14: 139 | N14: 159 | O14: 163 | P14: 173 | Q14: 178 | R14: 162 | S14: 139 | T14: 162 | U14: 176 | V14: 176 | W14: 178 | X14: 157
A15: ILE-DE-FRANCE | B15: 301 | C15: 293 | D15: 302 | E15: 317 | F15: 325 | G15: 318 | H15: 302 | I15: 298 | J15: 311 | K15: 332 | L15: 324 | M15: 320 | N15: 328 | O15: 316 | P15: 322 | Q15: 323 | R15: 315 | S15: 348 | T15: 352 | U15: 364 | V15: 366 | W15: 372 | X15: 367
A16: NORMANDIE | B16: 99 | C16: 116 | D16: 118 | E16: 122 | F16: 126 | G16: 127 | H16: 121 | I16: 124 | J16: 130 | K16: 133 | L16: 139 | M16: 136 | N16: 134 | O16: 129 | P16: 127 | Q16: 135 | R16: 130 | S16: 118 | T16: 143 | U16: 150 | V16: 157 | W16: 161 | X16: 165
A17: NOUVELLE AQUITAINE | B17: 229 | C17: 213 | D17: 227 | E17: 251 | F17: 252 | G17: 269 | H17: 265 | I17: 247 | J17: 253 | K17: 259 | L17: 273 | M17: 286 | N17: 291 | O17: 293 | P17: 305 | Q17: 325 | R17: 311 | S17: 333 | T17: 341 | U17: 367 | V17: 369 | W17: 371 | X17: 359
A18: OCCITANIE | B18: 181 | C18: 174 | D18: 194 | E18: 200 | F18: 209 | G18: 215 | H18: 212 | I18: 201 | J18: 210 | K18: 217 | L18: 227 | M18: 243 | N18: 242 | O18: 251 | P18: 263 | Q18: 267 | R18: 266 | S18: 285 | T18: 275 | U18: 303 | V18: 292 | W18: 305 | X18: 314
A19: PAYS DE LA LOIRE | B19: 113 | C19: 124 | D19: 110 | E19: 112 | F19: 123 | G19: 131 | H19: 114 | I19: 119 | J19: 139 | K19: 135 | L19: 134 | M19: 143 | N19: 151 | O19: 154 | P19: 143 | Q19: 153 | R19: 159 | S19: 169 | T19: 169 | U19: 181 | V19: 180 | W19: 180 | X19: 188
... A21: TOTAL | B21: 1903 | C21: 1881 | D21: 1965 | E21: 2046 | F21: 2118 | G21: 2190 | H21: 2144 | I21: 2077 | J21: 2209 | K21: 2246 | L21: 2261 | M21: 2304 | N21: 2381 | O21: 2427 | P21: 2440 | Q21: 2558 | R21: 2526 | S21: 2606 | T21: 2709 | U21: 2863 | V21: 2843 | W21: 2916 | X21: 2860

Sheet fauteuilsAE
A2: Retour au menu "Régions"
A5: Fauteuils des établissements Art et Essai par région
B7: 2002 | C7: 2003 | D7: 2004 | E7: 2005 | F7: 2006 | G7: 2007 | H7: 2008 | I7: 2009 | J7: 2010 | K7: 2011 | L7: 2012 | M7: 2013 | N7: 2014 | O7: 2015 | P7: 2016 | Q7: 2017 | R7: 2018 | S7: 2019 | T7: 2020 | U7: 2021 | V7: 2022 | W7: 2023 | X7: 2024
A8: AUVERGNE-RHONE-ALPES | B8: 43983 | C8: 45223 | D8: 49000 | E8: 45947 | F8: 48347 | G8: 48032 | H8: 47336 | I8: 48498 | J8: 48092 | K8: 49606 | L8: 46849 | M8: 49170 | N8: 51177 | O8: 54430 | P8: 51779 | Q8: 55560 | R8: 58177 | S8: 61122 | T8: 61542 | U8: 62361 | V8: 61568 | W8: 63176 | X8: 64005
A9: BOURGOGNE-FRANCHE-COMTE | B9: 19535 | C9: 19270 | D9: 20785 | E9: 22974 | F9: 21856 | G9: 24186 | H9: 25127 | I9: 23091 | J9: 25450 | K9: 25451 | L9: 24520 | M9: 25063 | N9: 27136 | O9: 27970 | P9: 25712 | Q9: 26494 | R9: 25424 | S9: 27451 | T9: 28718 | U9: 30655 | V9: 30540 | W9: 32478 | X9: 32429
A10: BRETAGNE | B10: 26498 | C10: 28375 | D10: 28452 | E10: 26610 | F10: 26675 | G10: 27648 | H10: 28663 | I10: 27767 | J10: 30141 | K10: 29654 | L10: 29981 | M10: 31037 | N10: 32025 | O10: 32469 | P10: 33918 | Q10: 35044 | R10: 35179 | S10: 33743 | T10: 33086 | U10: 36447 | V10: 36452 | W10: 36382 | X10: 33401
A11: CENTRE-VAL DE LOIRE | B11: 10087 | C11: 10008 | D11: 9644 | E11: 11018 | F11: 11247 | G11: 13204 | H11: 13771 | I11: 13022 | J11: 16073 | K11: 16972 | L11: 17118 | M11: 17323 | N11: 17624 | O11: 18000 | P11: 17839 | Q11: 18406 | R11: 17693 | S11: 16167 | T11: 18373 | U11: 18671 | V11: 18543 | W11: 18543 | X11: 18053
A12: CORSE | B12: 2456 | C12: 2231 | D12: 2456 | E12: 2294 | F12: 1679 | G12: 2294 | H12: 1550 | I12: 344 | J12: 344 | K12: 642 | L12: 867 | M12: 642 | N12: 642 | O12: 642 | P12: 642 | Q12: 1789 | R12: 1789 | S12: 1789 | T12: 1789 | U12: 2804 | V12: 2822 | W12: 3054 | X12: 3022
A13: GRAND EST | B13: 24515 | C13: 24545 | D13: 26587 | E13: 27457 | F13: 29079 | G13: 27700 | H13: 27164 | I13: 27562 | J13: 28211 | K13: 26947 | L13: 29131 | M13: 27819 | N13: 29382 | O13: 32176 | P13: 33075 | Q13: 33391 | R13: 31802 | S13: 32794 | T13: 37547 | U13: 37263 | V13: 35499 | W13: 36243 | X13: 32837
A14: HAUTS-DE-FRANCE | B14: 24872 | C14: 20164 | D14: 21710 | E14: 19752 | F14: 23231 | G14: 27539 | H14: 26032 | I14: 21937 | J14: 24789 | K14: 24789 | L14: 24486 | M14: 23013 | N14: 26241 | O14: 26932 | P14: 28709 | Q14: 28649 | R14: 25720 | S14: 21671 | T14: 25795 | U14: 27579 | V14: 27459 | W14: 27517 | X14: 25200
A15: ILE-DE-FRANCE | B15: 58895 | C15: 56296 | D15: 56978 | E15: 56771 | F15: 57758 | G15: 56167 | H15: 51910 | I15: 51312 | J15: 53885 | K15: 57949 | L15: 56844 | M15: 57353 | N15: 58118 | O15: 55595 | P15: 55997 | Q15: 56338 | R15: 54873 | S15: 59978 | T15: 60835 | U15: 62674 | V15: 62686 | W15: 63164 | X15: 63411
A16: NORMANDIE | B16: 21035 | C16: 23949 | D16: 25325 | E16: 24933 | F16: 25731 | G16: 25432 | H16: 23891 | I16: 24148 | J16: 25289 | K16: 26044 | L16: 27234 | M16: 26779 | N16: 26134 | O16: 25267 | P16: 24016 | Q16: 26375 | R16: 24787 | S16: 22829 | T16: 26848 | U16: 28113 | V16: 28491 | W16: 28744 | X16: 29319
A17: NOUVELLE AQUITAINE | B17: 46876 | C17: 43818 | D17: 46739 | E17: 48524 | F17: 48033 | G17: 50158 | H17: 50553 | I17: 47142 | J17: 47907 | K17: 49060 | L17: 51480 | M17: 53981 | N17: 54796 | O17: 54962 | P17: 55660 | Q17: 59360 | R17: 56739 | S17: 59946 | T17: 61067 | U17: 64687 | V17: 64456 | W17: 64805 | X17: 62108
A18: OCCITANIE | B18: 31238 | C18: 29659 | D18: 34432 | E18: 32694 | F18: 33214 | G18: 35096 | H18: 33461 | I18: 32171 | J18: 33815 | K18: 35087 | L18: 37046 | M18: 39190 | N18: 39256 | O18: 40187 | P18: 41784 | Q18: 42429 | R18: 42295 | S18: 46026 | T18: 44797 | U18: 47805 | V18: 45416 | W18: 46347 | X18: 48092
A19: PAYS DE LA LOIRE | B19: 24040 | C19: 26919 | D19: 23494 | E19: 21516 | F19: 22868 | G19: 24414 | H19: 21025 | I19: 21373 | J19: 25254 | K19: 24781 | L19: 24142 | M19: 25508 | N19: 27024 | O19: 27489 | P19: 25983 | Q19: 27228 | R19: 28362 | S19: 29841 | T19: 29601 | U19: 31504 | V19: 31233 | W19: 31193 | X19: 32163
... A21: TOTAL | B21: 354953 | C21: 351407 | D21: 366174 | E21: 361953 | F21: 371664 | G21: 383668 | H21: 372071 | I21: 360462 | J21: 382426 | K21: 389674 | L21: 391856 | M21: 399634 | N21: 411281 | O21: 417954 | P21: 418033 | Q21: 435356 | R21: 428039 | S21: 440021 | T21: 456166 | U21: 476674 | V21: 471192 | W21: 478552 | X21: 468967

Sheet séances AE
A2: Retour au menu "Régions"
A5: Séances des établissements Art et Essai par région (milliers)
B7: 2002 | C7: 2003 | D7: 2004 | E7: 2005 | F7: 2006 | G7: 2007 | H7: 2008 | I7: 2009 | J7: 2010 | K7: 2011 | L7: 2012 | M7: 2013 | N7: 2014 | O7: 2015 | P7: 2016 | Q7: 2017 | R7: 2018 | S7: 2019 | T7: 2020 | U7: 2021 | V7: 2022 | W7: 2023 | X7: 2024
A8: AUVERGNE-RHONE-ALPES | B8: 219005 | C8: 218719 | D8: 245659 | E8: 245246 | F8: 255577 | G8: 255434 | H8: 245404 | I8: 265398 | J8: 258337 | K8: 260835 | L8: 258269 | M8: 277241 | N8: 313495 | O8: 341665 | P8: 321328 | Q8: 366783 | R8: 407745 | S8: 441535 | T8: 221969 | U8: 268209 | V8: 446477 | W8: 438720 | X8: 458710
A9: BOURGOGNE-FRANCHE-COMTE | B9: 108400 | C9: 105026 | D9: 111934 | E9: 130993 | F9: 124464 | G9: 146048 | H9: 161571 | I9: 152614 | J9: 165968 | K9: 170663 | L9: 155582 | M9: 167037 | N9: 195284 | O9: 198179 | P9: 181487 | Q9: 190608 | R9: 183577 | S9: 188385 | T9: 105202 | U9: 125608 | V9: 207425 | W9: 226244 | X9: 229625
A10: BRETAGNE | B10: 89318 | C10: 91837 | D10: 91355 | E10: 86885 | F10: 92819 | G10: 103382 | H10: 111524 | I10: 124016 | J10: 127440 | K10: 128961 | L10: 130580 | M10: 136061 | N10: 145169 | O10: 152341 | P10: 173107 | Q10: 177195 | R10: 182859 | S10: 184558 | T10: 90108 | U10: 123636 | V10: 201740 | W10: 201405 | X10: 181545
A11: CENTRE-VAL DE LOIRE | B11: 53032 | C11: 45580 | D11: 46826 | E11: 55413 | F11: 67099 | G11: 69616 | H11: 71774 | I11: 73172 | J11: 102963 | K11: 113032 | L11: 115014 | M11: 111113 | N11: 117749 | O11: 123232 | P11: 125474 | Q11: 126209 | R11: 127343 | S11: 110586 | T11: 67226 | U11: 84263 | V11: 134558 | W11: 133513 | X11: 139528
A12: CORSE | B12: 5169 | C12: 5513 | D12: 5898 | E12: 5986 | F12: 5717 | G12: 5410 | H12: 2819 | I12: 2026 | J12: 2041 | K12: 2784 | L12: 3005 | M12: 3198 | N12: 3419 | O12: 3534 | P12: 3639 | Q12: 13331 | R12: 13528 | S12: 13866 | T12: 6480 | U12: 14639 | V12: 20748 | W12: 23116 | X12: 30576
A13: GRAND EST | B13: 128502 | C13: 135394 | D13: 156562 | E13: 157162 | F13: 174365 | G13: 166842 | H13: 172234 | I13: 173669 | J13: 183410 | K13: 176774 | L13: 200037 | M13: 193155 | N13: 211222 | O13: 236130 | P13: 247955 | Q13: 257974 | R13: 245120 | S13: 243542 | T13: 147227 | U13: 176931 | V13: 264551 | W13: 272561 | X13: 262992
A14: HAUTS-DE-FRANCE | B14: 130382 | C14: 121241 | D14: 128498 | E14: 121618 | F14: 144368 | G14: 183102 | H14: 177615 | I14: 160324 | J14: 187644 | K14: 189679 | L14: 195657 | M14: 179564 | N14: 201121 | O14: 229608 | P14: 245943 | Q14: 254999 | R14: 247467 | S14: 204928 | T14: 117149 | U14: 149893 | V14: 241951 | W14: 235712 | X14: 210362
A15: ILE-DE-FRANCE | B15: 374289.09 | C15: 364437.68 | D15: 368407.51 | E15: 391145.2 | F15: 405408.74 | G15: 405654.3 | H15: 399013.56 | I15: 391479.16 | J15: 397609.31 | K15: 433514.98 | L15: 425793.22 | M15: 422852.54 | N15: 436937.43 | O15: 425373.37 | P15: 433039.73 | Q15: 442802.42 | R15: 436671.42 | S15: 489508.72 | T15: 254963.09 | U15: 315484.18 | V15: 515399.35 | W15: 515446.93 | X15: 510981.08
A16: NORMANDIE | B16: 83721 | C16: 100228 | D16: 112507 | E16: 108671 | F16: 115904 | G16: 117524 | H16: 117274 | I16: 120428 | J16: 127238 | K16: 133656 | L16: 143322 | M16: 141308 | N16: 143787 | O16: 141733 | P16: 143104 | Q16: 154702 | R16: 154279 | S16: 143146 | T16: 84355 | U16: 105147 | V16: 173016 | W16: 184334 | X16: 199536
A17: NOUVELLE AQUITAINE | B17: 159479 | C17: 148644 | D17: 164531 | E17: 196116 | F17: 195179 | G17: 228360 | H17: 228321 | I17: 212665 | J17: 216787 | K17: 228671 | L17: 239100 | M17: 257825 | N17: 273589 | O17: 285361 | P17: 306421 | Q17: 350017 | R17: 334577 | S17: 360024 | T17: 184493 | U17: 243666 | V17: 407583 | W17: 407311 | X17: 387052
A18: OCCITANIE | B18: 130643 | C18: 123673 | D18: 140374 | E18: 149156 | F18: 167414 | G18: 172681 | H18: 178737 | I18: 170875 | J18: 181512 | K18: 196077 | L18: 203813 | M18: 218125 | N18: 245253 | O18: 257987 | P18: 277084 | Q18: 285037 | R18: 288523 | S18: 320829 | T18: 154104 | U18: 209528 | V18: 325657 | W18: 334046 | X18: 357683
A19: PAYS DE LA LOIRE | B19: 80151 | C19: 97816 | D19: 81927 | E19: 83702 | F19: 108729 | G19: 117470 | H19: 105905 | I19: 111570 | J19: 129754 | K19: 132967 | L19: 126197 | M19: 149914 | N19: 157666 | O19: 167482 | P19: 149134 | Q19: 157553 | R19: 169206 | S19: 179517 | T19: 95516 | U19: 117433 | V19: 195027 | W19: 195347 | X19: 209095
... A21: TOTAL | B21: 1710040.1 | C21: 1704119.7 | D21: 1803413.5 | E21: 1893661.2 | F21: 2026159.7 | G21: 2142008.3 | H21: 2151251.6 | I21: 2140476.2 | J21: 2272527.3 | K21: 2361581 | L21: 2383672.2 | M21: 2453410.5 | N21: 2636841.4 | O21: 2755493.4 | P21: 2809606.7 | Q21: 2997762.4 | R21: 3014950.4 | S21: 3120660.7 | T21: 1648148.1 | U21: 2080422.2 | V21: 3368175.3 | W21: 3407415.9 | X21: 3406617.1

Sheet entréesAE
A2: Retour au menu "Régions"
A5: Entrées des établissements Art et Essai par région (millions)
B7: 2002 | C7: 2003 | D7: 2004 | E7: 2005 | F7: 2006 | G7: 2007 | H7: 2008 | I7: 2009 | J7: 2010 | K7: 2011 | L7: 2012 | M7: 2013 | N7: 2014 | O7: 2015 | P7: 2016 | Q7: 2017 | R7: 2018 | S7: 2019 | T7: 2020 | U7: 2021 | V7: 2022 | W7: 2023 | X7: 2024
A8: AUVERGNE-RHONE-ALPES | B8: 6212021 | C8: 5885761 | D8: 7507173 | E8: 6319761 | F8: 7249463 | G8: 6820146 | H8: 6312534 | I8: 6830222 | J8: 6681179 | K8: 7170255 | L8: 6062366 | M8: 6300384 | N8: 7629691 | O8: 8050173 | P8: 7886480 | Q8: 8521098 | R8: 9100632 | S8: 10517238 | T8: 3446213 | U8: 4758165 | V8: 7807496 | W8: 9569897 | X8: 10192365
A9: BOURGOGNE-FRANCHE-COMTE | B9: 2795820 | C9: 2498007 | D9: 3075591 | E9: 2771146 | F9: 2933752 | G9: 3240798 | H9: 3539400 | I9: 3410035 | J9: 3681544 | K9: 3944380 | L9: 3250751 | M9: 3074776 | N9: 4084717 | O9: 4124412 | P9: 3978772 | Q9: 4023420 | R9: 3585787 | S9: 3803673 | T9: 1343605 | U9: 1910045 | V9: 3026249 | W9: 4047658 | X9: 4194858
A10: BRETAGNE | B10: 3359949 | C10: 3171888 | D10: 3744593 | E10: 2966091 | F10: 3224232 | G10: 3256304 | H10: 3490180 | I10: 3734195 | J10: 3873794 | K10: 4119757 | L10: 3869384 | M10: 3642580 | N10: 4166475 | O10: 4227895 | P10: 5012082 | Q10: 4957142 | R10: 4776554 | S10: 5094105 | T10: 1643301 | U10: 2459789 | V10: 3923340 | W10: 5011454 | X10: 4528562
A11: CENTRE-VAL DE LOIRE | B11: 1399336 | C11: 1150496 | D11: 1316806 | E11: 1346127 | F11: 1666958 | G11: 1696721 | H11: 1806444 | I11: 1954547 | J11: 2587235 | K11: 3045905 | L11: 2858578 | M11: 2634484 | N11: 3023544 | O11: 3034392 | P11: 3234382 | Q11: 3256917 | R11: 2944195 | S11: 2826889 | T11: 1025902 | U11: 1445422 | V11: 2331897 | W11: 2755464 | X11: 2842648
A12: CORSE | B12: 169322 | C12: 153280 | D12: 200507 | E12: 149365 | F12: 154338 | G12: 148430 | H12: 67731 | I12: 56986 | J12: 70276 | K12: 97968 | L12: 105164 | M12: 99705 | N12: 107389 | O12: 103680 | P12: 90691 | Q12: 454993 | R12: 419215 | S12: 428356 | T12: 109450 | U12: 274270 | V12: 392844 | W12: 509748 | X12: 618783
A13: GRAND EST | B13: 3350594 | C13: 3163728 | D13: 4037786 | E13: 3527544 | F13: 4023180 | G13: 3560886 | H13: 3849833 | I13: 3995091 | J13: 4009817 | K13: 4052443 | L13: 4157024 | M13: 3881167 | N13: 4637353 | O13: 5290363 | P13: 5642456 | Q13: 5645998 | R13: 5072217 | S13: 5340566 | T13: 2002609 | U13: 2833463 | V13: 4017675 | W13: 5003324 | X13: 4676932
A14: HAUTS-DE-FRANCE | B14: 3298300 | C14: 2842276 | D14: 3266841 | E14: 2766139 | F14: 3407011 | G14: 3807026 | H14: 3997360 | I14: 3566005 | J14: 4142130 | K14: 4537359 | L14: 4283533 | M14: 3671511 | N14: 4726808 | O14: 5064964 | P14: 5616407 | Q14: 5638799 | R14: 5039717 | S14: 4348006 | T14: 1529316 | U14: 2328396 | V14: 3613163 | W14: 4547838 | X14: 4052003
A15: ILE-DE-FRANCE | B15: 11207916 | C15: 9900828.5 | D15: 10949407 | E15: 10331575 | F15: 10878458 | G15: 10069827 | H15: 9750296.6 | I15: 9753723.5 | J15: 9854058.2 | K15: 10917218 | L15: 10216005 | M15: 10094926 | N15: 10542628 | O15: 9077663.8 | P15: 9956015.3 | Q15: 9716966.7 | R15: 9142532.2 | S15: 11229614 | T15: 4188629.4 | U15: 5407811.2 | V15: 9074488.1 | W15: 10611043 | X15: 10702773
A16: NORMANDIE | B16: 2107896 | C16: 2700163 | D16: 3181022 | E16: 2858304 | F16: 3354567 | G16: 3019309 | H16: 3068861 | I16: 3053585 | J16: 3184096 | K16: 3620858 | L16: 3424661 | M16: 3095816 | N16: 3445959 | O16: 3307379 | P16: 3485358 | Q16: 3616641 | R16: 3427433 | S16: 3348506 | T16: 1330855 | U16: 2009648 | V16: 3039049 | W16: 3974503 | X16: 4336419
A17: NOUVELLE AQUITAINE | B17: 4998359 | C17: 4074103 | D17: 5036521 | E17: 4815863 | F17: 5233886 | G17: 5593474 | H17: 5547101 | I17: 5333949 | J17: 5515561 | K17: 6193340 | L17: 5791567 | M17: 5701252 | N17: 6402875 | O17: 6420656 | P17: 7104817 | Q17: 7541634 | R17: 7140342 | S17: 7828706 | T17: 2626752 | U17: 4109472 | V17: 6656748 | W17: 7926704 | X17: 7797339
A18: OCCITANIE | B18: 3894205 | C18: 3478957 | D18: 4162304 | E18: 4025600 | F18: 4603723 | G18: 4607175 | H18: 4509694 | I18: 4386180 | J18: 4640174 | K18: 5281300 | L18: 4954378 | M18: 5022680 | N18: 5751689 | O18: 5977071 | P18: 6690297 | Q18: 6533524 | R18: 6366947 | S18: 7293950 | T18: 2359236 | U18: 3371048 | V18: 5495698 | W18: 6768078 | X18: 7299718
A19: PAYS DE LA LOIRE | B19: 2280169 | C19: 2790571 | D19: 2645672 | E19: 2407230 | F19: 3520218 | G19: 3521105 | H19: 3207684 | I19: 3373122 | J19: 3840863 | K19: 4225158 | L19: 3417506 | M19: 3727480 | N19: 4261603 | O19: 4404956 | P19: 4171984 | Q19: 4327744 | R19: 4419057 | S19: 4997271 | T19: 1704930 | U19: 2429500 | V19: 3982616 | W19: 4848807 | X19: 5346967
... A21: TOTAL | B21: 48950855 | C21: 45522607 | D21: 53308881 | E21: 48223810 | F21: 54588986 | G21: 53397770 | H21: 53397449 | I21: 53835477 | J21: 56895925 | K21: 62094221 | L21: 56572212 | M21: 55121433 | N21: 62999853 | O21: 62905648 | P21: 67155940 | Q21: 68554991 | R21: 65816997 | S21: 71966526 | T21: 24869448 | U21: 35354823 | V21: 56782183 | W21: 69810690 | X21: 70758126

Sheet recettesAE
A2: Retour au menu "Régions"
A5: Recettes guichets des établissements Art et Essai par région (M€)
B7: 2002 | C7: 2003 | D7: 2004 | E7: 2005 | F7: 2006 | G7: 2007 | H7: 2008 | I7: 2009 | J7: 2010 | K7: 2011 | L7: 2012 | M7: 2013 | N7: 2014 | O7: 2015 | P7: 2016 | Q7: 2017 | R7: 2018 | S7: 2019 | T7: 2020 | U7: 2021 | V7: 2022 | W7: 2023 | X7: 2024
A8: AUVERGNE-RHONE-ALPES | B8: 30500300 | C8: 29114928 | D8: 38250058 | E8: 32208680 | F8: 37582187 | G8: 35741167 | H8: 32816361 | I8: 36490896 | J8: 36117824 | K8: 39298156 | L8: 32854200 | M8: 34341847 | N8: 41686367 | O8: 44814218 | P8: 42998034 | Q8: 47717530 | R8: 51207988 | S8: 60766429 | T8: 19751168 | U8: 27713801 | V8: 45445077 | W8: 57922442 | X8: 62838242
A9: BOURGOGNE-FRANCHE-COMTE | B9: 14287267 | C9: 13000617 | D9: 16470379 | E9: 15035364 | F9: 16109383 | G9: 17623305 | H9: 19654378 | I9: 19134744 | J9: 21339038 | K9: 22810138 | L9: 19009272 | M9: 17990040 | N9: 24171636 | O9: 24986707 | P9: 23760867 | Q9: 24229574 | R9: 21463357 | S9: 23188810 | T9: 8082866 | U9: 12050489 | V9: 19288695 | W9: 26883965 | X9: 28016280
A10: BRETAGNE | B10: 16895822 | C10: 15982270 | D10: 18968879 | E10: 14883106 | F10: 16291410 | G10: 16733890 | H10: 18358176 | I10: 20114247 | J10: 21132413 | K10: 22831931 | L10: 21295380 | M10: 19632454 | N10: 21991514 | O10: 22626082 | P10: 27592428 | Q10: 27491996 | R10: 26619661 | S10: 28871188 | T10: 9189154 | U10: 14291125 | V10: 22612236 | W10: 29744772 | X10: 26734540
A11: CENTRE-VAL DE LOIRE | B11: 6603401 | C11: 5334924 | D11: 6146881 | E11: 6382676 | F11: 8253410 | G11: 8562216 | H11: 9348238 | I11: 11018387 | J11: 15167136 | K11: 18175527 | L11: 17192514 | M11: 15798619 | N11: 17640133 | O11: 18278325 | P11: 19505194 | Q11: 19717733 | R11: 17810228 | S11: 17092139 | T11: 6160807 | U11: 9038078 | V11: 14240941 | W11: 17298896 | X11: 18173265
A12: CORSE | B12: 1067385 | C12: 958536 | D12: 1244035 | E12: 910255 | F12: 947726 | G12: 901088 | H12: 377977 | I12: 352889 | J12: 484918 | K12: 659260 | L12: 689589 | M12: 655252 | N12: 692289 | O12: 685235 | P12: 588450 | Q12: 3046725 | R12: 2768394 | S12: 2766338 | T12: 693676 | U12: 1884234 | V12: 2603068 | W12: 3435743 | X12: 4229852
A13: GRAND EST | B13: 17543263 | C13: 16630897 | D13: 21783308 | E13: 19014462 | F13: 21996217 | G13: 19199567 | H13: 21462129 | I13: 22606887 | J13: 23195584 | K13: 23325739 | L13: 24451973 | M13: 22574633 | N13: 26470924 | O13: 31094278 | P13: 33293308 | Q13: 33509704 | R13: 30279203 | S13: 32573578 | T13: 12112016 | U13: 17667564 | V13: 24705923 | W13: 32160366 | X13: 30328721
A14: HAUTS-DE-FRANCE | B14: 16068299 | C14: 14304618 | D14: 16775278 | E14: 14389233 | F14: 18082448 | G14: 20247916 | H14: 21824609 | I14: 20209749 | J14: 24259682 | K14: 26715632 | L14: 25092669 | M14: 21111149 | N14: 27025228 | O14: 30193870 | P14: 33108584 | Q14: 33764752 | R14: 30072997 | S14: 25859420 | T14: 9023704 | U14: 14439442 | V14: 22708030 | W14: 28971226 | X14: 25925901
A15: ILE-DE-FRANCE | B15: 58932383 | C15: 51552840 | D15: 57389614 | E15: 54249559 | F15: 57818940 | G15: 53752858 | H15: 52952293 | I15: 52982089 | J15: 53775802 | K15: 60696190 | L15: 56853512 | M15: 55879525 | N15: 57555941 | O15: 49799202 | P15: 53470757 | Q15: 52407346 | R15: 49052744 | S15: 62881910 | T15: 23098665 | U15: 30268747 | V15: 49989507 | W15: 60478031 | X15: 61706260
A16: NORMANDIE | B16: 9710908 | C16: 13288036 | D16: 15914606 | E16: 14509833 | F16: 17367967 | G16: 15755894 | H16: 16250578 | I16: 16621082 | J16: 17543955 | K16: 20286788 | L16: 19230636 | M16: 17079263 | N16: 19014042 | O16: 18340391 | P16: 19454662 | Q16: 20419446 | R16: 19462410 | S16: 19101465 | T16: 7495605 | U16: 11594503 | V16: 17853685 | W16: 23964016 | X16: 27039170
A17: NOUVELLE AQUITAINE | B17: 23620023 | C17: 19240089 | D17: 23878756 | E17: 23407454 | F17: 25726458 | G17: 28585920 | H17: 28932626 | I17: 28271847 | J17: 29930018 | K17: 34548186 | L17: 32403939 | M17: 31598274 | N17: 35001294 | O17: 35591414 | P17: 39468001 | Q17: 42801777 | R17: 39915977 | S17: 44635168 | T17: 14785949 | U17: 23881795 | V17: 38860705 | W17: 47819489 | X17: 47604270
A18: OCCITANIE | B18: 17864794 | C18: 15700912 | D18: 19305779 | E18: 18698492 | F18: 21998096 | G18: 22127115 | H18: 21968985 | I18: 21671047 | J18: 23671525 | K18: 27286072 | L18: 25735025 | M18: 26141983 | N18: 30229986 | O18: 31621381 | P18: 35942648 | Q18: 35159590 | R18: 34310014 | S18: 40417069 | T18: 12869451 | U18: 18814179 | V18: 30245517 | W18: 38575410 | X18: 42626572
A19: PAYS DE LA LOIRE | B19: 11046616 | C19: 14399194 | D19: 13227061 | E19: 12316830 | F19: 19134720 | G19: 19214735 | H19: 17628928 | I19: 19038827 | J19: 21878760 | K19: 24294554 | L19: 18841738 | M19: 20746581 | N19: 23476452 | O19: 24401814 | P19: 22670262 | Q19: 23751956 | R19: 24464244 | S19: 28084864 | T19: 9487610 | U19: 14118681 | V19: 23131051 | W19: 28932881 | X19: 32944435
... A21: TOTAL | B21: 2.4367173e+08 | C21: 2.2844481e+08 | D21: 2.7072697e+08 | E21: 2.4618616e+08 | F21: 2.8372831e+08 | G21: 2.7961136e+08 | H21: 2.8404279e+08 | I21: 2.9231972e+08 | J21: 3.1587224e+08 | K21: 3.4900942e+08 | L21: 3.1787566e+08 | M21: 3.0764598e+08 | N21: 3.4892957e+08 | O21: 3.5414266e+08 | P21: 3.7633476e+08 | Q21: 3.8878698e+08 | R21: 3.7247829e+08 | S21: 4.1483473e+08 | T21: 1.4181844e+08 | U21: 2.0777534e+08 | V21: 3.3160583e+08 | W21: 4.2209648e+08 | X21: 4.3411205e+08

Sheet RMEAE
A2: Retour au menu "Régions"
A5: Recette moyenne par entrée des établissements Art et Essai par région (€)
B7: 2002 | C7: 2003 | D7: 2004 | E7: 2005 | F7: 2006 | G7: 2007 | H7: 2008 | I7: 2009 | J7: 2010 | K7: 2011 | L7: 2012 | M7: 2013 | N7: 2014 | O7: 2015 | P7: 2016 | Q7: 2017 | R7: 2018 | S7: 2019 | T7: 2020 | U7: 2021 | V7: 2022 | W7: 2023 | X7: 2024
A8: AUVERGNE-RHONE-ALPES | B8: 4.9098836 | C8: 4.9466718 | D8: 5.0951347 | E8: 5.0965029 | F8: 5.1841339 | G8: 5.2405281 | H8: 5.1986034 | I8: 5.3425637 | J8: 5.4059058 | K8: 5.4807194 | L8: 5.4193693 | M8: 5.4507546 | N8: 5.4637032 | O8: 5.566864 | P8: 5.4521198 | Q8: 5.5999274 | R8: 5.6268606 | S8: 5.7777935 | T8: 5.7312673 | U8: 5.8244725 | V8: 5.8206981 | W8: 6.0525669 | X8: 6.1652268
A9: BOURGOGNE-FRANCHE-COMTE | B9: 5.1102242 | C9: 5.2043957 | D9: 5.3551916 | E9: 5.4256845 | F9: 5.4910514 | G9: 5.4379523 | H9: 5.5530254 | I9: 5.6113043 | J9: 5.7962197 | K9: 5.7829464 | L9: 5.8476555 | M9: 5.8508457 | N9: 5.9175791 | O9: 6.0582471 | P9: 5.9719097 | Q9: 6.0221339 | R9: 5.9856754 | S9: 6.0964257 | T9: 6.0158052 | U9: 6.3090079 | V9: 6.3737964 | W9: 6.6418568 | X9: 6.6787195
A10: BRETAGNE | B10: 5.0285948 | C10: 5.0387246 | D10: 5.0656718 | E10: 5.017751 | F10: 5.0528033 | G10: 5.1389213 | H10: 5.2599511 | I10: 5.3865015 | J10: 5.4552237 | K10: 5.5420577 | L10: 5.5035582 | M10: 5.3897111 | N10: 5.2782062 | O10: 5.3516187 | P10: 5.5051829 | Q10: 5.5459368 | R10: 5.5729844 | S10: 5.6675683 | T10: 5.5918873 | U10: 5.8098987 | V10: 5.7635168 | W10: 5.9353577 | X10: 5.9035385
A11: CENTRE-VAL DE LOIRE | B11: 4.7189531 | C11: 4.6370644 | D11: 4.6680232 | E11: 4.741511 | F11: 4.9511805 | G11: 5.0463311 | H11: 5.1749393 | I11: 5.6373098 | J11: 5.8622955 | K11: 5.9672009 | L11: 6.0143589 | M11: 5.9968552 | N11: 5.8342571 | O11: 6.0237191 | P11: 6.0305783 | Q11: 6.0541098 | R11: 6.0492692 | S11: 6.0462717 | T11: 6.0052588 | U11: 6.2528992 | V11: 6.1070197 | W11: 6.2780338 | X11: 6.3930761
A12: CORSE | B12: 6.3038766 | C12: 6.2534969 | D12: 6.2044467 | E12: 6.0941653 | F12: 6.1405875 | G12: 6.0707943 | H12: 5.5805613 | I12: 6.1925561 | J12: 6.9001935 | K12: 6.7293402 | L12: 6.5572725 | M12: 6.5719071 | N12: 6.4465541 | O12: 6.6091339 | P12: 6.4885159 | Q12: 6.6962019 | R12: 6.603757 | S12: 6.4580349 | T12: 6.3378346 | U12: 6.8699967 | V12: 6.6262129 | W12: 6.7400814 | X12: 6.8357599
A13: GRAND EST | B13: 5.2358665 | C13: 5.2567405 | D13: 5.3948644 | E13: 5.3902834 | F13: 5.4673708 | G13: 5.3917949 | H13: 5.5748208 | I13: 5.6586663 | J13: 5.7846989 | K13: 5.7559697 | L13: 5.8820861 | M13: 5.8164549 | N13: 5.7081969 | O13: 5.877532 | P13: 5.9004994 | Q13: 5.935125 | R13: 5.969619 | S13: 6.0992745 | T13: 6.0481182 | U13: 6.2353255 | V13: 6.1493085 | W13: 6.4278 | X13: 6.4847471
A14: HAUTS-DE-FRANCE | B14: 4.8716912 | C14: 5.032804 | D14: 5.1350151 | E14: 5.2019197 | F14: 5.3074228 | G14: 5.3185652 | H14: 5.4597557 | I14: 5.6673361 | J14: 5.8568133 | K14: 5.8879256 | L14: 5.8579376 | M14: 5.7499893 | N14: 5.7174372 | O14: 5.9613198 | P14: 5.8949759 | Q14: 5.9879332 | R14: 5.9671995 | S14: 5.9474205 | T14: 5.9004836 | U14: 6.2014546 | V14: 6.2848064 | W14: 6.3703294 | X14: 6.3982926
A15: ILE-DE-FRANCE | B15: 5.2581036 | C15: 5.2069218 | D15: 5.2413446 | E15: 5.2508509 | F15: 5.3149943 | G15: 5.3380123 | H15: 5.4308392 | I15: 5.431986 | J15: 5.4572239 | K15: 5.5596756 | L15: 5.5651416 | M15: 5.5354072 | N15: 5.4593544 | O15: 5.4859051 | P15: 5.3706985 | Q15: 5.3933853 | R15: 5.3653346 | S15: 5.59965 | T15: 5.5146119 | U15: 5.597227 | V15: 5.5087963 | W15: 5.6995368 | X15: 5.7654462
A16: NORMANDIE | B16: 4.6069199 | C16: 4.9211977 | D16: 5.0029852 | E16: 5.0763785 | F16: 5.1774095 | G16: 5.2183774 | H16: 5.2953125 | I16: 5.4431372 | J16: 5.50987 | K16: 5.6027571 | L16: 5.61534 | M16: 5.5168857 | N16: 5.5177795 | O16: 5.5452946 | P16: 5.581826 | Q16: 5.6459698 | R16: 5.6784217 | S16: 5.7044739 | T16: 5.6321726 | U16: 5.7694198 | V16: 5.8747605 | W16: 6.0294371 | X16: 6.2353684
A17: NOUVELLE AQUITAINE | B17: 4.7255555 | C17: 4.7225338 | D17: 4.7411211 | E17: 4.86049 | F17: 4.9153646 | G17: 5.1105842 | H17: 5.2158102 | I17: 5.3003595 | J17: 5.4264685 | K17: 5.5782802 | L17: 5.595021 | M17: 5.5423395 | N17: 5.4664965 | O17: 5.5432675 | P17: 5.5551045 | Q17: 5.6753983 | R17: 5.5902052 | S17: 5.7014745 | T17: 5.6289855 | U17: 5.8114023 | V17: 5.8377912 | W17: 6.0327078 | X17: 6.1051943
A18: OCCITANIE | B18: 4.587533 | C18: 4.513109 | D18: 4.6382434 | E18: 4.6448957 | F18: 4.7783275 | G18: 4.8027511 | H18: 4.8715024 | I18: 4.9407564 | J18: 5.1014305 | K18: 5.1665446 | L18: 5.1944008 | M18: 5.2047877 | N18: 5.255845 | O18: 5.2904476 | P18: 5.3723546 | Q18: 5.3814128 | R18: 5.3887702 | S18: 5.5411771 | T18: 5.4549231 | U18: 5.5811068 | V18: 5.5034896 | W18: 5.6996107 | X18: 5.839482
A19: PAYS DE LA LOIRE | B19: 4.8446479 | C19: 5.1599454 | D19: 4.999509 | E19: 5.1165987 | F19: 5.4356634 | G19: 5.4570185 | H19: 5.4958431 | I19: 5.6442747 | J19: 5.6963136 | K19: 5.7499753 | L19: 5.5133006 | M19: 5.5658464 | N19: 5.5088313 | O19: 5.5396272 | P19: 5.4339283 | Q19: 5.4882997 | R19: 5.5360779 | S19: 5.6200402 | T19: 5.5648091 | U19: 5.8113525 | V19: 5.8080043 | W19: 5.9670102 | X19: 6.1613313
... A21: TOTAL | B21: 4.9778852 | C21: 5.0182717 | D21: 5.078459 | E21: 5.1050748 | F21: 5.1975377 | G21: 5.2363865 | H21: 5.3194075 | I21: 5.4298715 | J21: 5.5517551 | K21: 5.6206425 | L21: 5.6189364 | M21: 5.5812406 | N21: 5.5385776 | O21: 5.6297434 | P21: 5.6038939 | Q21: 5.6711697 | R21: 5.6593024 | S21: 5.7642733 | T21: 5.7025166 | U21: 5.8768599 | V21: 5.8399626 | W21: 6.0463015 | X21: 6.1351548

Sheet indice de fréquentationAE
A2: Retour au menu "Régions"
A5: Indice de fréquentation des établissements Art et Essai par région
B7: 2002 | C7: 2003 | D7: 2004 | E7: 2005 | F7: 2006 | G7: 2007 | H7: 2008 | I7: 2009 | J7: 2010 | K7: 2011 | L7: 2012 | M7: 2013 | N7: 2014 | O7: 2015 | P7: 2016 | Q7: 2017 | R7: 2018 | S7: 2019 | T7: 2020 | U7: 2021 | V7: 2022 | W7: 2023 | X7: 2024
A8: AUVERGNE-RHONE-ALPES | B8: 0.89326523 | C8: 0.84635027 | D8: 1.0203802 | E8: 0.85898635 | F8: 0.8786689 | G8: 0.82663366 | H8: 0.76510871 | I8: 0.82785492 | J8: 0.80979021 | K8: 0.86906852 | L8: 0.73478718 | M8: 0.76363607 | N8: 0.92475431 | O8: 0.9757187 | P8: 0.95587834 | Q8: 1.032797 | R8: 1.1030393 | S8: 1.2747385 | T8: 0.41769717 | U8: 0.5767119 | V8: 0.94630511 | W8: 1.1599164 | X8: 1.2353624
A9: BOURGOGNE-FRANCHE-COMTE | B9: 1.0251892 | C9: 0.91598518 | D9: 1.1065422 | E9: 0.99700841 | F9: 1.0206471 | G9: 1.1274678 | H9: 1.2313509 | I9: 1.1863451 | J9: 1.2808026 | K9: 1.3722427 | L9: 1.1309304 | M9: 1.0697091 | N9: 1.4210657 | O9: 1.4348755 | P9: 1.3842076 | Q9: 1.3997406 | R9: 1.2474889 | S9: 1.323291 | T9: 0.46743777 | U9: 0.66450123 | V9: 1.0528266 | W9: 1.408173 | X9: 1.4593836
A10: BRETAGNE | B10: 1.1561326 | C10: 1.0914222 | D10: 1.2100668 | E10: 0.95849359 | F10: 0.93093368 | G10: 0.94019384 | H10: 1.0077209 | I10: 1.0781755 | J10: 1.1184819 | K10: 1.1894989 | L10: 1.1172086 | M10: 1.0517234 | N10: 1.2029878 | O10: 1.2207217 | P10: 1.4471403 | Q10: 1.4312774 | R10: 1.3791362 | S10: 1.4708228 | T10: 0.47447089 | U10: 0.71021577 | V10: 1.1327874 | W10: 1.4469589 | X10: 1.3075334
A11: CENTRE-VAL DE LOIRE | B11: 0.57342104 | C11: 0.47145119 | D11: 0.52263186 | E11: 0.53426918 | F11: 0.6331784 | G11: 0.64448359 | H11: 0.68616085 | I11: 0.74241639 | J11: 0.982737 | K11: 1.1569585 | L11: 1.0858041 | M11: 1.0006841 | N11: 1.1484649 | O11: 1.1525854 | P11: 1.2285497 | Q11: 1.2371094 | R11: 1.1183249 | S11: 1.0737673 | T11: 0.38967927 | U11: 0.54903002 | V11: 0.88574925 | W11: 1.0466372 | X11: 1.0797532
A12: CORSE | B12: 0.6507479 | C12: 0.58909438 | D12: 0.68172298 | E12: 0.50784039 | F12: 0.44253355 | G12: 0.42559353 | H12: 0.19420518 | I12: 0.16339603 | J12: 0.20150247 | K12: 0.28090377 | L12: 0.30153687 | M12: 0.28588428 | N12: 0.30791662 | O12: 0.2972818 | P12: 0.26003842 | Q12: 1.304602 | R12: 1.2020157 | S12: 1.2282257 | T12: 0.31382613 | U12: 0.78641473 | V12: 1.1264021 | W12: 1.4616011 | X12: 1.7742373
A13: GRAND EST | B13: 0.62199112 | C13: 0.58730205 | D13: 0.73547519 | E13: 0.64253556 | F13: 0.70974432 | G13: 0.6281893 | H13: 0.67916352 | I13: 0.70478903 | J13: 0.7073869 | K13: 0.71490672 | L13: 0.73335624 | M13: 0.68469127 | N13: 0.81809289 | O13: 0.93329284 | P13: 0.99540689 | Q13: 0.99603175 | R13: 0.89480888 | S13: 0.94214934 | T13: 0.35328779 | U13: 0.49986187 | V13: 0.70877316 | W13: 0.88265521 | X13: 0.82507517
