Workbook
Name Departements: établissements!$B$8:$B$103
Name ListeDepartements: établissements!$A$8:$B$103

Sheet Sommaire
A5: EQUIPEMENT ET RESULTATS DES DEPARTEMENTS
A8: Mis à jour le 22 septembre 2025
B10: Définitions et sources
B11: Fiche récapitulative
A13: Ensemble du parc
B14: Etablissements
B15: Ecrans
B16: Fauteuils
B17: Multiplexes (établissements de 8 écrans et plus)
B18: Séances
B19: Entrées
B20: Recettes
B21: Recette moyenne par entrée
B22: Indice de fréquentation
B23: Taux moyen d'occupation des fauteuils
A25: Etablissements Art et Essai
B26: Etablissements
B27: Ecrans
B28: Fauteuils
B29: Séances
B30: Entrées
B31: Recettes
B32: Recette moyenne par entrée
B33: Indice de fréquentation
B34: Taux moyen d'occupation des fauteuils
A36: Etablissements de la petite exploitation
B37: Etablissements
B38: Ecrans
B39: Fauteuils
B40: Séances
B41: Entrées
B42: Recettes
B43: Recette moyenne par entrée
B44: Indice de fréquentation
B45: Taux moyen d'occupation des fauteuils
A47: Etablissements de la moyenne exploitation
B48: Etablissements
B49: Ecrans
B50: Fauteuils
B51: Séances
B52: Entrées
B53: Recettes
B54: Recette moyenne par entrée
B55: Indice de fréquentation
B56: Taux moyen d'occupation des fauteuils
A58: Etablissements de la grande exploitation
B59: Etablissements
B60: Ecrans
B61: Fauteuils
B62: Séances
B63: Entrées
B64: Recettes
B65: Recette moyenne par entrée
B66: Indice de fréquentation
B67: Taux moyen d'occupation des fauteuils

Sheet Définitions
A2: Retour au menu "Départements"
A5: Réglementation
A24: Définitions
A40: Sources

Sheet Fiche
A2: Retour au menu "Départements"
A5: Rechercher le département dans la liste suivante | E5: AIN
A8: DEPARTEMENT | B8: =E5 -> AIN
A10: Résultats totaux
B11: 2 | C11: 3 | D11: 4 | E11: 5 | F11: 6 | G11: 7 | H11: 8 | I11: 9 | J11: 10 | K11: 11 | L11: 12 | M11: 13 | N11: 14 | O11: 15 | P11: 16 | Q11: 17 | R11: 18 | S11: 19 | T11: 20 | U11: 21 | V11: 22 | W11: 23 | X11: 24 | Y11: 25 | Z11: 26 | AA11: 27
B12: 1966 | C12: 1967 | D12: 1968 | E12: 1969 | F12: 1970 | G12: 1971 | H12: 1972 | I12: 1973 | J12: 1974 | K12: 1975 | L12: 1976 | M12: 1977 | N12: 1978 | O12: 1979 | P12: 1980 | Q12: 1981 | R12: 1982 | S12: 1983 | T12: 1984 | U12: 1985 | V12: 1986 | W12: 1987 | X12: 1988 | Y12: 1989 | Z12: 1990 | AA12: 1991
A13: écrans | B13: =IF(VLOOKUP($B$8,écrans!$B:$DE,B$11,0)=0,"-",VLOOKUP($B$8,écrans!$B:$DE,B$11,0)) -> 35 | C13: =IF(VLOOKUP($B$8,écrans!$B:$DE,C$11,0)=0,"-",VLOOKUP($B$8,écrans!$B:$DE,C$11,0)) -> 34 | D13: =IF(VLOOKUP($B$8,écrans!$B:$DE,D$11,0)=0,"-",VLOOKUP($B$8,écrans!$B:$DE,D$11,0)) -> 33 | E13: =IF(VLOOKUP($B$8,écrans!$B:$DE,E$11,0)=0,"-",VLOOKUP($B$8,écrans!$B:$DE,E$11,0)) -> 32 | F13: =IF(VLOOKUP($B$8,écrans!$B:$DE,F$11,0)=0,"-",VLOOKUP($B$8,écrans!$B:$DE,F$11,0)) -> 28 | G13: =IF(VLOOKUP($B$8,écrans!$B:$DE,G$11,0)=0,"-",VLOOKUP($B$8,écrans!$B:$DE,G$11,0)) -> 27 | H13: =IF(VLOOKUP($B$8,écrans!$B:$DE,H$11,0)=0,"-",VLOOKUP($B$8,écrans!$B:$DE,H$11,0)) -> 26 | I13: =IF(VLOOKUP($B$8,écrans!$B:$DE,I$11,0)=0,"-",VLOOKUP($B$8,écrans!$B:$DE,I$11,0)) -> 25 | ... AA13: =IF(VLOOKUP($B$8,écrans!$B:$DE,AA$11,0)=0,"-",VLOOKUP($B$8,écrans!$B:$DE,AA$11,0)) -> 37
A14: fauteuils | B14: =IF(VLOOKUP($B$8,fauteuils!$B:$DF,B$11,0)=0,"-",VLOOKUP($B$8,fauteuils!$B:$DF,B$11,0)) -> 12962 | C14: =IF(VLOOKUP($B$8,fauteuils!$B:$DF,C$11,0)=0,"-",VLOOKUP($B$8,fauteuils!$B:$DF,C$11,0)) -> 12754 | D14: =IF(VLOOKUP($B$8,fauteuils!$B:$DF,D$11,0)=0,"-",VLOOKUP($B$8,fauteuils!$B:$DF,D$11,0)) -> 12256 | E14: =IF(VLOOKUP($B$8,fauteuils!$B:$DF,E$11,0)=0,"-",VLOOKUP($B$8,fauteuils!$B:$DF,E$11,0)) -> 11677 | F14: =IF(VLOOKUP($B$8,fauteuils!$B:$DF,F$11,0)=0,"-",VLOOKUP($B$8,fauteuils!$B:$DF,F$11,0)) -> 10703 | G14: =IF(VLOOKUP($B$8,fauteuils!$B:$DF,G$11,0)=0,"-",VLOOKUP($B$8,fauteuils!$B:$DF,G$11,0)) -> 10313 | H14: =IF(VLOOKUP($B$8,fauteuils!$B:$DF,H$11,0)=0,"-",VLOOKUP($B$8,fauteuils!$B:$DF,H$11,0)) -> 9913 | I14: =IF(VLOOKUP($B$8,fauteuils!$B:$DF,I$11,0)=0,"-",VLOOKUP($B$8,fauteuils!$B:$DF,I$11,0)) -> 9631 | ... AA14: =IF(VLOOKUP($B$8,fauteuils!$B:$DF,AA$11,0)=0,"-",VLOOKUP($B$8,fauteuils!$B:$DF,AA$11,0)) -> 7331
A15: entrées (millions) | B15: =IF(VLOOKUP($B$8,entrées!$B:$DE,B$11,0)=0,"-",VLOOKUP($B$8,entrées!$B:$DE,B$11,0)) -> 802733 | C15: =IF(VLOOKUP($B$8,entrées!$B:$DE,C$11,0)=0,"-",VLOOKUP($B$8,entrées!$B:$DE,C$11,0)) -> 731594 | D15: =IF(VLOOKUP($B$8,entrées!$B:$DE,D$11,0)=0,"-",VLOOKUP($B$8,entrées!$B:$DE,D$11,0)) -> 711298 | E15: =IF(VLOOKUP($B$8,entrées!$B:$DE,E$11,0)=0,"-",VLOOKUP($B$8,entrées!$B:$DE,E$11,0)) -> 617923 | F15: =IF(VLOOKUP($B$8,entrées!$B:$DE,F$11,0)=0,"-",VLOOKUP($B$8,entrées!$B:$DE,F$11,0)) -> 632750 | G15: =IF(VLOOKUP($B$8,entrées!$B:$DE,G$11,0)=0,"-",VLOOKUP($B$8,entrées!$B:$DE,G$11,0)) -> 598529 | H15: =IF(VLOOKUP($B$8,entrées!$B:$DE,H$11,0)=0,"-",VLOOKUP($B$8,entrées!$B:$DE,H$11,0)) -> 614866 | I15: =IF(VLOOKUP($B$8,entrées!$B:$DE,I$11,0)=0,"-",VLOOKUP($B$8,entrées!$B:$DE,I$11,0)) -> 557997 | ... AA15: =IF(VLOOKUP($B$8,entrées!$B:$DE,AA$11,0)=0,"-",VLOOKUP($B$8,entrées!$B:$DE,AA$11,0)) -> 623640.93
A16: recettes (M€) | B16: =IF(VLOOKUP($B$8,recettes!$B:$DE,B$11,0)=0,"-",VLOOKUP($B$8,recettes!$B:$DE,B$11,0)) -> 313857.77 | C16: =IF(VLOOKUP($B$8,recettes!$B:$DE,C$11,0)=0,"-",VLOOKUP($B$8,recettes!$B:$DE,C$11,0)) -> 314581.75 | D16: =IF(VLOOKUP($B$8,recettes!$B:$DE,D$11,0)=0,"-",VLOOKUP($B$8,recettes!$B:$DE,D$11,0)) -> 331288.03 | E16: =IF(VLOOKUP($B$8,recettes!$B:$DE,E$11,0)=0,"-",VLOOKUP($B$8,recettes!$B:$DE,E$11,0)) -> 326184.34 | F16: =IF(VLOOKUP($B$8,recettes!$B:$DE,F$11,0)=0,"-",VLOOKUP($B$8,recettes!$B:$DE,F$11,0)) -> 354021.53 | G16: =IF(VLOOKUP($B$8,recettes!$B:$DE,G$11,0)=0,"-",VLOOKUP($B$8,recettes!$B:$DE,G$11,0)) -> 366313.49 | H16: =IF(VLOOKUP($B$8,recettes!$B:$DE,H$11,0)=0,"-",VLOOKUP($B$8,recettes!$B:$DE,H$11,0)) -> 421091.02 | I16: =IF(VLOOKUP($B$8,recettes!$B:$DE,I$11,0)=0,"-",VLOOKUP($B$8,recettes!$B:$DE,I$11,0)) -> 465940.76 | ... AA16: =IF(VLOOKUP($B$8,recettes!$B:$DE,AA$11,0)=0,"-",VLOOKUP($B$8,recettes!$B:$DE,AA$11,0)) -> 2821877.9
A17: RME (€) | B17: =IF(VLOOKUP($B$8,RME!$B:$DE,B$11,0)=0,"-",VLOOKUP($B$8,RME!$B:$DE,B$11,0)) -> 0.3909865 | C17: =IF(VLOOKUP($B$8,RME!$B:$DE,C$11,0)=0,"-",VLOOKUP($B$8,RME!$B:$DE,C$11,0)) -> 0.42999498 | D17: =IF(VLOOKUP($B$8,RME!$B:$DE,D$11,0)=0,"-",VLOOKUP($B$8,RME!$B:$DE,D$11,0)) -> 0.46575138 | E17: =IF(VLOOKUP($B$8,RME!$B:$DE,E$11,0)=0,"-",VLOOKUP($B$8,RME!$B:$DE,E$11,0)) -> 0.52787214 | F17: =IF(VLOOKUP($B$8,RME!$B:$DE,F$11,0)=0,"-",VLOOKUP($B$8,RME!$B:$DE,F$11,0)) -> 0.55949669 | G17: =IF(VLOOKUP($B$8,RME!$B:$DE,G$11,0)=0,"-",VLOOKUP($B$8,RME!$B:$DE,G$11,0)) -> 0.61202296 | H17: =IF(VLOOKUP($B$8,RME!$B:$DE,H$11,0)=0,"-",VLOOKUP($B$8,RME!$B:$DE,H$11,0)) -> 0.68485006 | I17: =IF(VLOOKUP($B$8,RME!$B:$DE,I$11,0)=0,"-",VLOOKUP($B$8,RME!$B:$DE,I$11,0)) -> 0.83502376 | ... AA17: =IF(VLOOKUP($B$8,RME!$B:$DE,AA$11,0)=0,"-",VLOOKUP($B$8,RME!$B:$DE,AA$11,0)) -> 4.5248441
A18: indice de fréquentation | B18: =IF(VLOOKUP($B$8,'indice de fréquentation'!$B:$DE,B$11,0)=0,"-",VLOOKUP($B$8,'indice de fréquentation'!$B:$DE,B$11,0)) -> 2.3661153 | C18: =IF(VLOOKUP($B$8,'indice de fréquentation'!$B:$DE,C$11,0)=0,"-",VLOOKUP($B$8,'indice de fréquentation'!$B:$DE,C$11,0)) -> 2.1564278 | D18: =IF(VLOOKUP($B$8,'indice de fréquentation'!$B:$DE,D$11,0)=0,"-",VLOOKUP($B$8,'indice de fréquentation'!$B:$DE,D$11,0)) -> 2.0966038 | E18: =IF(VLOOKUP($B$8,'indice de fréquentation'!$B:$DE,E$11,0)=0,"-",VLOOKUP($B$8,'indice de fréquentation'!$B:$DE,E$11,0)) -> 1.821374 | F18: =IF(VLOOKUP($B$8,'indice de fréquentation'!$B:$DE,F$11,0)=0,"-",VLOOKUP($B$8,'indice de fréquentation'!$B:$DE,F$11,0)) -> 1.8650777 | G18: =IF(VLOOKUP($B$8,'indice de fréquentation'!$B:$DE,G$11,0)=0,"-",VLOOKUP($B$8,'indice de fréquentation'!$B:$DE,G$11,0)) -> 1.7642088 | H18: =IF(VLOOKUP($B$8,'indice de fréquentation'!$B:$DE,H$11,0)=0,"-",VLOOKUP($B$8,'indice de fréquentation'!$B:$DE,H$11,0)) -> 1.63321 | I18: =IF(VLOOKUP($B$8,'indice de fréquentation'!$B:$DE,I$11,0)=0,"-",VLOOKUP($B$8,'indice de fréquentation'!$B:$DE,I$11,0)) -> 1.4821543 | ... AA18: =IF(VLOOKUP($B$8,'indice de fréquentation'!$B:$DE,AA$11,0)=0,"-",VLOOKUP($B$8,'indice de fréquentation'!$B:$DE,AA$11,0)) -> 1.324025
B19: 28 | C19: 29 | D19: 30 | E19: 31 | F19: 32 | G19: 33 | H19: 34 | I19: 35 | J19: 36 | K19: 37 | L19: 38 | M19: 39 | N19: 40 | O19: 41 | P19: 42 | Q19: 43 | R19: 44 | S19: 45 | T19: 46 | U19: 47 | V19: 48 | W19: 49 | X19: 50 | Y19: 51 | Z19: 52 | AA19: 53 | AB19: 54 | AC19: 55 | AD19: 56 | AE19: 57 | AF19: 58 | AG19: 59 | AH19: 60
B20: 1992 | C20: 1993 | D20: 1994 | E20: 1995 | F20: 1996 | G20: 1997 | H20: 1998 | I20: 1999 | J20: 2000 | K20: 2001 | L20: 2002 | M20: 2003 | N20: 2004 | O20: 2005 | P20: 2006 | Q20: 2007 | R20: 2008 | S20: 2009 | T20: 2010 | U20: 2011 | V20: 2012 | W20: 2013 | X20: 2014 | Y20: 2015 | Z20: 2016 | AA20: 2017 | AB20: 2018 | AC20: 2019 | AD20: 2020 | AE20: 2021 | AF20: 2022 | AG20: 2023 | AH20: 2024
A21: établissements | B21: =IF(VLOOKUP($B$8,établissements!$B:$DE,B$19,0)=0,"-",VLOOKUP($B$8,établissements!$B:$DE,B$19,0)) -> 20 | C21: =IF(VLOOKUP($B$8,établissements!$B:$DE,C$19,0)=0,"-",VLOOKUP($B$8,établissements!$B:$DE,C$19,0)) -> 19 | D21: =IF(VLOOKUP($B$8,établissements!$B:$DE,D$19,0)=0,"-",VLOOKUP($B$8,établissements!$B:$DE,D$19,0)) -> 17 | E21: =IF(VLOOKUP($B$8,établissements!$B:$DE,E$19,0)=0,"-",VLOOKUP($B$8,établissements!$B:$DE,E$19,0)) -> 18 | F21: =IF(VLOOKUP($B$8,établissements!$B:$DE,F$19,0)=0,"-",VLOOKUP($B$8,établissements!$B:$DE,F$19,0)) -> 19 | G21: =IF(VLOOKUP($B$8,établissements!$B:$DE,G$19,0)=0,"-",VLOOKUP($B$8,établissements!$B:$DE,G$19,0)) -> 19 | H21: =IF(VLOOKUP($B$8,établissements!$B:$DE,H$19,0)=0,"-",VLOOKUP($B$8,établissements!$B:$DE,H$19,0)) -> 19 | I21: =IF(VLOOKUP($B$8,établissements!$B:$DE,I$19,0)=0,"-",VLOOKUP($B$8,établissements!$B:$DE,I$19,0)) -> 21 | ... AH21: =IF(VLOOKUP($B$8,établissements!$B:$DE,AH$19,0)=0,"-",VLOOKUP($B$8,établissements!$B:$DE,AH$19,0)) -> 20
A22: écrans | B22: =IF(VLOOKUP($B$8,écrans!$B:$DE,B$19,0)=0,"-",VLOOKUP($B$8,écrans!$B:$DE,B$19,0)) -> 36 | C22: =IF(VLOOKUP($B$8,écrans!$B:$DE,C$19,0)=0,"-",VLOOKUP($B$8,écrans!$B:$DE,C$19,0)) -> 35 | D22: =IF(VLOOKUP($B$8,écrans!$B:$DE,D$19,0)=0,"-",VLOOKUP($B$8,écrans!$B:$DE,D$19,0)) -> 33 | E22: =IF(VLOOKUP($B$8,écrans!$B:$DE,E$19,0)=0,"-",VLOOKUP($B$8,écrans!$B:$DE,E$19,0)) -> 34 | F22: =IF(VLOOKUP($B$8,écrans!$B:$DE,F$19,0)=0,"-",VLOOKUP($B$8,écrans!$B:$DE,F$19,0)) -> 35 | G22: =IF(VLOOKUP($B$8,écrans!$B:$DE,G$19,0)=0,"-",VLOOKUP($B$8,écrans!$B:$DE,G$19,0)) -> 35 | H22: =IF(VLOOKUP($B$8,écrans!$B:$DE,H$19,0)=0,"-",VLOOKUP($B$8,écrans!$B:$DE,H$19,0)) -> 35 | I22: =IF(VLOOKUP($B$8,écrans!$B:$DE,I$19,0)=0,"-",VLOOKUP($B$8,écrans!$B:$DE,I$19,0)) -> 39 | ... AH22: =IF(VLOOKUP($B$8,écrans!$B:$DE,AH$19,0)=0,"-",VLOOKUP($B$8,écrans!$B:$DE,AH$19,0)) -> 40
A23: fauteuils | B23: =IF(VLOOKUP($B$8,fauteuils!$B:$DF,B$19,0)=0,"-",VLOOKUP($B$8,fauteuils!$B:$DF,B$19,0)) -> 6901 | C23: =IF(VLOOKUP($B$8,fauteuils!$B:$DF,C$19,0)=0,"-",VLOOKUP($B$8,fauteuils!$B:$DF,C$19,0)) -> 6761 | D23: =IF(VLOOKUP($B$8,fauteuils!$B:$DF,D$19,0)=0,"-",VLOOKUP($B$8,fauteuils!$B:$DF,D$19,0)) -> 6299 | E23: =IF(VLOOKUP($B$8,fauteuils!$B:$DF,E$19,0)=0,"-",VLOOKUP($B$8,fauteuils!$B:$DF,E$19,0)) -> 6296 | F23: =IF(VLOOKUP($B$8,fauteuils!$B:$DF,F$19,0)=0,"-",VLOOKUP($B$8,fauteuils!$B:$DF,F$19,0)) -> 5786 | G23: =IF(VLOOKUP($B$8,fauteuils!$B:$DF,G$19,0)=0,"-",VLOOKUP($B$8,fauteuils!$B:$DF,G$19,0)) -> 5777 | H23: =IF(VLOOKUP($B$8,fauteuils!$B:$DF,H$19,0)=0,"-",VLOOKUP($B$8,fauteuils!$B:$DF,H$19,0)) -> 5741 | I23: =IF(VLOOKUP($B$8,fauteuils!$B:$DF,I$19,0)=0,"-",VLOOKUP($B$8,fauteuils!$B:$DF,I$19,0)) -> 6199 | ... AH23: =IF(VLOOKUP($B$8,fauteuils!$B:$DF,AH$19,0)=0,"-",VLOOKUP($B$8,fauteuils!$B:$DF,AH$19,0)) -> 6691
A24: multiplexes (8 écrans et plus) | B24: =IF(VLOOKUP($B$8,multiplexes!$B:$DE,B$19,0)=0,"-",VLOOKUP($B$8,multiplexes!$B:$DE,B$19,0)) | C24: =IF(VLOOKUP($B$8,multiplexes!$B:$DE,C$19,0)=0,"-",VLOOKUP($B$8,multiplexes!$B:$DE,C$19,0)) | D24: =IF(VLOOKUP($B$8,multiplexes!$B:$DE,D$19,0)=0,"-",VLOOKUP($B$8,multiplexes!$B:$DE,D$19,0)) | E24: =IF(VLOOKUP($B$8,multiplexes!$B:$DE,E$19,0)=0,"-",VLOOKUP($B$8,multiplexes!$B:$DE,E$19,0)) | F24: =IF(VLOOKUP($B$8,multiplexes!$B:$DE,F$19,0)=0,"-",VLOOKUP($B$8,multiplexes!$B:$DE,F$19,0)) | G24: =IF(VLOOKUP($B$8,multiplexes!$B:$DE,G$19,0)=0,"-",VLOOKUP($B$8,multiplexes!$B:$DE,G$19,0)) | H24: =IF(VLOOKUP($B$8,multiplexes!$B:$DE,H$19,0)=0,"-",VLOOKUP($B$8,multiplexes!$B:$DE,H$19,0)) | I24: =IF(VLOOKUP($B$8,multiplexes!$B:$DE,I$19,0)=0,"-",VLOOKUP($B$8,multiplexes!$B:$DE,I$19,0)) | ... AH24: =IF(VLOOKUP($B$8,multiplexes!$B:$DE,AH$19,0)=0,"-",VLOOKUP($B$8,multiplexes!$B:$DE,AH$19,0)) -> 1
A25: séances (milliers) | B25: =IF(VLOOKUP($B$8,séances!$B:$DE,B$19,0)=0,"-",VLOOKUP($B$8,séances!$B:$DE,B$19,0)) -> 21626 | C25: =IF(VLOOKUP($B$8,séances!$B:$DE,C$19,0)=0,"-",VLOOKUP($B$8,séances!$B:$DE,C$19,0)) -> 20270 | D25: =IF(VLOOKUP($B$8,séances!$B:$DE,D$19,0)=0,"-",VLOOKUP($B$8,séances!$B:$DE,D$19,0)) -> 20472 | E25: =IF(VLOOKUP($B$8,séances!$B:$DE,E$19,0)=0,"-",VLOOKUP($B$8,séances!$B:$DE,E$19,0)) -> 21408 | F25: =IF(VLOOKUP($B$8,séances!$B:$DE,F$19,0)=0,"-",VLOOKUP($B$8,séances!$B:$DE,F$19,0)) -> 23063 | G25: =IF(VLOOKUP($B$8,séances!$B:$DE,G$19,0)=0,"-",VLOOKUP($B$8,séances!$B:$DE,G$19,0)) -> 23780 | H25: =IF(VLOOKUP($B$8,séances!$B:$DE,H$19,0)=0,"-",VLOOKUP($B$8,séances!$B:$DE,H$19,0)) -> 24774 | I25: =IF(VLOOKUP($B$8,séances!$B:$DE,I$19,0)=0,"-",VLOOKUP($B$8,séances!$B:$DE,I$19,0)) -> 23822 | ... AH25: =IF(VLOOKUP($B$8,séances!$B:$DE,AH$19,0)=0,"-",VLOOKUP($B$8,séances!$B:$DE,AH$19,0)) -> 35835
A26: entrées (millions) | B26: =IF(VLOOKUP($B$8,entrées!$B:$DE,B$19,0)=0,"-",VLOOKUP($B$8,entrées!$B:$DE,B$19,0)) -> 600483 | C26: =IF(VLOOKUP($B$8,entrées!$B:$DE,C$19,0)=0,"-",VLOOKUP($B$8,entrées!$B:$DE,C$19,0)) -> 704773 | D26: =IF(VLOOKUP($B$8,entrées!$B:$DE,D$19,0)=0,"-",VLOOKUP($B$8,entrées!$B:$DE,D$19,0)) -> 560305 | E26: =IF(VLOOKUP($B$8,entrées!$B:$DE,E$19,0)=0,"-",VLOOKUP($B$8,entrées!$B:$DE,E$19,0)) -> 612447 | F26: =IF(VLOOKUP($B$8,entrées!$B:$DE,F$19,0)=0,"-",VLOOKUP($B$8,entrées!$B:$DE,F$19,0)) -> 632894 | G26: =IF(VLOOKUP($B$8,entrées!$B:$DE,G$19,0)=0,"-",VLOOKUP($B$8,entrées!$B:$DE,G$19,0)) -> 681540 | H26: =IF(VLOOKUP($B$8,entrées!$B:$DE,H$19,0)=0,"-",VLOOKUP($B$8,entrées!$B:$DE,H$19,0)) -> 784805 | I26: =IF(VLOOKUP($B$8,entrées!$B:$DE,I$19,0)=0,"-",VLOOKUP($B$8,entrées!$B:$DE,I$19,0)) -> 656386 | ... AH26: =IF(VLOOKUP($B$8,entrées!$B:$DE,AH$19,0)=0,"-",VLOOKUP($B$8,entrées!$B:$DE,AH$19,0)) -> 953825
A27: recettes (M€) | B27: =IF(VLOOKUP($B$8,recettes!$B:$DE,B$19,0)=0,"-",VLOOKUP($B$8,recettes!$B:$DE,B$19,0)) -> 2785150.8 | C27: =IF(VLOOKUP($B$8,recettes!$B:$DE,C$19,0)=0,"-",VLOOKUP($B$8,recettes!$B:$DE,C$19,0)) -> 3135869.5 | D27: =IF(VLOOKUP($B$8,recettes!$B:$DE,D$19,0)=0,"-",VLOOKUP($B$8,recettes!$B:$DE,D$19,0)) -> 2731117.9 | E27: =IF(VLOOKUP($B$8,recettes!$B:$DE,E$19,0)=0,"-",VLOOKUP($B$8,recettes!$B:$DE,E$19,0)) -> 3056042.4 | F27: =IF(VLOOKUP($B$8,recettes!$B:$DE,F$19,0)=0,"-",VLOOKUP($B$8,recettes!$B:$DE,F$19,0)) -> 3177956.6 | G27: =IF(VLOOKUP($B$8,recettes!$B:$DE,G$19,0)=0,"-",VLOOKUP($B$8,recettes!$B:$DE,G$19,0)) -> 3434167.9 | H27: =IF(VLOOKUP($B$8,recettes!$B:$DE,H$19,0)=0,"-",VLOOKUP($B$8,recettes!$B:$DE,H$19,0)) -> 4124588 | I27: =IF(VLOOKUP($B$8,recettes!$B:$DE,I$19,0)=0,"-",VLOOKUP($B$8,recettes!$B:$DE,I$19,0)) -> 3386132.2 | ... AH27: =IF(VLOOKUP($B$8,recettes!$B:$DE,AH$19,0)=0,"-",VLOOKUP($B$8,recettes!$B:$DE,AH$19,0)) -> 6263096.5
A28: RME (€) | B28: =IF(VLOOKUP($B$8,RME!$B:$DE,B$19,0)=0,"-",VLOOKUP($B$8,RME!$B:$DE,B$19,0)) -> 4.6381842 | C28: =IF(VLOOKUP($B$8,RME!$B:$DE,C$19,0)=0,"-",VLOOKUP($B$8,RME!$B:$DE,C$19,0)) -> 4.4494746 | D28: =IF(VLOOKUP($B$8,RME!$B:$DE,D$19,0)=0,"-",VLOOKUP($B$8,RME!$B:$DE,D$19,0)) -> 4.8743415 | E28: =IF(VLOOKUP($B$8,RME!$B:$DE,E$19,0)=0,"-",VLOOKUP($B$8,RME!$B:$DE,E$19,0)) -> 4.9898888 | F28: =IF(VLOOKUP($B$8,RME!$B:$DE,F$19,0)=0,"-",VLOOKUP($B$8,RME!$B:$DE,F$19,0)) -> 5.0213095 | G28: =IF(VLOOKUP($B$8,RME!$B:$DE,G$19,0)=0,"-",VLOOKUP($B$8,RME!$B:$DE,G$19,0)) -> 5.0388354 | H28: =IF(VLOOKUP($B$8,RME!$B:$DE,H$19,0)=0,"-",VLOOKUP($B$8,RME!$B:$DE,H$19,0)) -> 5.2555578 | I28: =IF(VLOOKUP($B$8,RME!$B:$DE,I$19,0)=0,"-",VLOOKUP($B$8,RME!$B:$DE,I$19,0)) -> 5.1587515 | ... AH28: =IF(VLOOKUP($B$8,RME!$B:$DE,AH$19,0)=0,"-",VLOOKUP($B$8,RME!$B:$DE,AH$19,0)) -> 6.5662952
A29: indice de fréquentation | B29: =IF(VLOOKUP($B$8,'indice de fréquentation'!$B:$DE,B$19,0)=0,"-",VLOOKUP($B$8,'indice de fréquentation'!$B:$DE,B$19,0)) -> 1.2748594 | C29: =IF(VLOOKUP($B$8,'indice de fréquentation'!$B:$DE,C$19,0)=0,"-",VLOOKUP($B$8,'indice de fréquentation'!$B:$DE,C$19,0)) -> 1.496273 | D29: =IF(VLOOKUP($B$8,'indice de fréquentation'!$B:$DE,D$19,0)=0,"-",VLOOKUP($B$8,'indice de fréquentation'!$B:$DE,D$19,0)) -> 1.1895592 | E29: =IF(VLOOKUP($B$8,'indice de fréquentation'!$B:$DE,E$19,0)=0,"-",VLOOKUP($B$8,'indice de fréquentation'!$B:$DE,E$19,0)) -> 1.1885943 | F29: =IF(VLOOKUP($B$8,'indice de fréquentation'!$B:$DE,F$19,0)=0,"-",VLOOKUP($B$8,'indice de fréquentation'!$B:$DE,F$19,0)) -> 1.2282764 | G29: =IF(VLOOKUP($B$8,'indice de fréquentation'!$B:$DE,G$19,0)=0,"-",VLOOKUP($B$8,'indice de fréquentation'!$B:$DE,G$19,0)) -> 1.3226852 | H29: =IF(VLOOKUP($B$8,'indice de fréquentation'!$B:$DE,H$19,0)=0,"-",VLOOKUP($B$8,'indice de fréquentation'!$B:$DE,H$19,0)) -> 1.5230947 | I29: =IF(VLOOKUP($B$8,'indice de fréquentation'!$B:$DE,I$19,0)=0,"-",VLOOKUP($B$8,'indice de fréquentation'!$B:$DE,I$19,0)) -> 1.2738681 | ... AH29: =IF(VLOOKUP($B$8,'indice de fréquentation'!$B:$DE,AH$19,0)=0,"-",VLOOKUP($B$8,'indice de fréquentation'!$B:$DE,AH$19,0)) -> 1.4155886
A30: taux d'occupation des fauteuils (%) | B30: =IF(VLOOKUP($B$8,'taux d''occupation des fauteuils'!$B:$DE,B$19,0)=0,"-",VLOOKUP($B$8,'taux d''occupation des fauteuils'!$B:$DE,B$19,0)) -> 14.780407 | C30: =IF(VLOOKUP($B$8,'taux d''occupation des fauteuils'!$B:$DE,C$19,0)=0,"-",VLOOKUP($B$8,'taux d''occupation des fauteuils'!$B:$DE,C$19,0)) -> 18.1546 | D30: =IF(VLOOKUP($B$8,'taux d''occupation des fauteuils'!$B:$DE,D$19,0)=0,"-",VLOOKUP($B$8,'taux d''occupation des fauteuils'!$B:$DE,D$19,0)) -> 14.814649 | E30: =IF(VLOOKUP($B$8,'taux d''occupation des fauteuils'!$B:$DE,E$19,0)=0,"-",VLOOKUP($B$8,'taux d''occupation des fauteuils'!$B:$DE,E$19,0)) -> 15.674402 | F30: =IF(VLOOKUP($B$8,'taux d''occupation des fauteuils'!$B:$DE,F$19,0)=0,"-",VLOOKUP($B$8,'taux d''occupation des fauteuils'!$B:$DE,F$19,0)) -> 14.63536 | G30: =IF(VLOOKUP($B$8,'taux d''occupation des fauteuils'!$B:$DE,G$19,0)=0,"-",VLOOKUP($B$8,'taux d''occupation des fauteuils'!$B:$DE,G$19,0)) -> 15.327157 | H30: =IF(VLOOKUP($B$8,'taux d''occupation des fauteuils'!$B:$DE,H$19,0)=0,"-",VLOOKUP($B$8,'taux d''occupation des fauteuils'!$B:$DE,H$19,0)) -> 16.959695 | I30: =IF(VLOOKUP($B$8,'taux d''occupation des fauteuils'!$B:$DE,I$19,0)=0,"-",VLOOKUP($B$8,'taux d''occupation des fauteuils'!$B:$DE,I$19,0)) -> 14.916778 | ... AH30: =IF(VLOOKUP($B$8,'taux d''occupation des fauteuils'!$B:$DE,AH$19,0)=0,"-",VLOOKUP($B$8,'taux d''occupation des fauteuils'!$B:$DE,AH$19,0)) -> 14.433314
A33: Résultats des établissements Art et Essai
B34: 2 | C34: 3 | D34: 4 | E34: 5 | F34: 6 | G34: 7 | H34: 8 | I34: 9 | J34: 10 | K34: 11 | L34: 12 | M34: 13 | N34: 14 | O34: 15 | P34: 16 | Q34: 17 | R34: 18 | S34: 19 | T34: 20 | U34: 21 | V34: 22 | W34: 23 | X34: 24
B35: 2002 | C35: 2003 | D35: 2004 | E35: 2005 | F35: 2006 | G35: 2007 | H35: 2008 | I35: 2009 | J35: 2010 | K35: 2011 | L35: 2012 | M35: 2013 | N35: 2014 | O35: 2015 | P35: 2016 | Q35: 2017 | R35: 2018 | S35: 2019 | T35: 2020 | U35: 2021 | V35: 2022 | W35: 2023 | X35: 2024
A36: établissements | B36: =IF(VLOOKUP($B$8,étabAE!$B:$AZ,B$34,0)=0,"-",VLOOKUP($B$8,étabAE!$B:$AZ,B$34,0)) -> 10 | C36: =IF(VLOOKUP($B$8,étabAE!$B:$AZ,C$34,0)=0,"-",VLOOKUP($B$8,étabAE!$B:$AZ,C$34,0)) -> 12 | D36: =IF(VLOOKUP($B$8,étabAE!$B:$AZ,D$34,0)=0,"-",VLOOKUP($B$8,étabAE!$B:$AZ,D$34,0)) -> 12 | E36: =IF(VLOOKUP($B$8,étabAE!$B:$AZ,E$34,0)=0,"-",VLOOKUP($B$8,étabAE!$B:$AZ,E$34,0)) -> 11 | F36: =IF(VLOOKUP($B$8,étabAE!$B:$AZ,F$34,0)=0,"-",VLOOKUP($B$8,étabAE!$B:$AZ,F$34,0)) -> 11 | G36: =IF(VLOOKUP($B$8,étabAE!$B:$AZ,G$34,0)=0,"-",VLOOKUP($B$8,étabAE!$B:$AZ,G$34,0)) -> 12 | H36: =IF(VLOOKUP($B$8,étabAE!$B:$AZ,H$34,0)=0,"-",VLOOKUP($B$8,étabAE!$B:$AZ,H$34,0)) -> 11 | I36: =IF(VLOOKUP($B$8,étabAE!$B:$AZ,I$34,0)=0,"-",VLOOKUP($B$8,étabAE!$B:$AZ,I$34,0)) -> 12 | ... X36: =IF(VLOOKUP($B$8,étabAE!$B:$AZ,X$34,0)=0,"-",VLOOKUP($B$8,étabAE!$B:$AZ,X$34,0)) -> 14
A37: écrans | B37: =IF(VLOOKUP($B$8,écransAE!$B:$AZ,B$34,0)=0,"-",VLOOKUP($B$8,écransAE!$B:$AZ,B$34,0)) -> 16 | C37: =IF(VLOOKUP($B$8,écransAE!$B:$AZ,C$34,0)=0,"-",VLOOKUP($B$8,écransAE!$B:$AZ,C$34,0)) -> 18 | D37: =IF(VLOOKUP($B$8,écransAE!$B:$AZ,D$34,0)=0,"-",VLOOKUP($B$8,écransAE!$B:$AZ,D$34,0)) -> 18 | E37: =IF(VLOOKUP($B$8,écransAE!$B:$AZ,E$34,0)=0,"-",VLOOKUP($B$8,écransAE!$B:$AZ,E$34,0)) -> 17 | F37: =IF(VLOOKUP($B$8,écransAE!$B:$AZ,F$34,0)=0,"-",VLOOKUP($B$8,écransAE!$B:$AZ,F$34,0)) -> 19 | G37: =IF(VLOOKUP($B$8,écransAE!$B:$AZ,G$34,0)=0,"-",VLOOKUP($B$8,écransAE!$B:$AZ,G$34,0)) -> 20 | H37: =IF(VLOOKUP($B$8,écransAE!$B:$AZ,H$34,0)=0,"-",VLOOKUP($B$8,écransAE!$B:$AZ,H$34,0)) -> 19 | I37: =IF(VLOOKUP($B$8,écransAE!$B:$AZ,I$34,0)=0,"-",VLOOKUP($B$8,écransAE!$B:$AZ,I$34,0)) -> 23 | ... X37: =IF(VLOOKUP($B$8,écransAE!$B:$AZ,X$34,0)=0,"-",VLOOKUP($B$8,écransAE!$B:$AZ,X$34,0)) -> 23
A38: fauteuils | B38: =IF(VLOOKUP($B$8,fauteuilsAE!$B:$BA,B$34,0)=0,"-",VLOOKUP($B$8,fauteuilsAE!$B:$BA,B$34,0)) -> 2489 | C38: =IF(VLOOKUP($B$8,fauteuilsAE!$B:$BA,C$34,0)=0,"-",VLOOKUP($B$8,fauteuilsAE!$B:$BA,C$34,0)) -> 3025 | D38: =IF(VLOOKUP($B$8,fauteuilsAE!$B:$BA,D$34,0)=0,"-",VLOOKUP($B$8,fauteuilsAE!$B:$BA,D$34,0)) -> 3025 | E38: =IF(VLOOKUP($B$8,fauteuilsAE!$B:$BA,E$34,0)=0,"-",VLOOKUP($B$8,fauteuilsAE!$B:$BA,E$34,0)) -> 2975 | F38: =IF(VLOOKUP($B$8,fauteuilsAE!$B:$BA,F$34,0)=0,"-",VLOOKUP($B$8,fauteuilsAE!$B:$BA,F$34,0)) -> 3432 | G38: =IF(VLOOKUP($B$8,fauteuilsAE!$B:$BA,G$34,0)=0,"-",VLOOKUP($B$8,fauteuilsAE!$B:$BA,G$34,0)) -> 3542 | H38: =IF(VLOOKUP($B$8,fauteuilsAE!$B:$BA,H$34,0)=0,"-",VLOOKUP($B$8,fauteuilsAE!$B:$BA,H$34,0)) -> 3332 | I38: =IF(VLOOKUP($B$8,fauteuilsAE!$B:$BA,I$34,0)=0,"-",VLOOKUP($B$8,fauteuilsAE!$B:$BA,I$34,0)) -> 3731 | ... X38: =IF(VLOOKUP($B$8,fauteuilsAE!$B:$BA,X$34,0)=0,"-",VLOOKUP($B$8,fauteuilsAE!$B:$BA,X$34,0)) -> 3713
A39: séances (milliers) | B39: =IF(VLOOKUP($B$8,'séances AE'!$B:$AZ,B$34,0)=0,"-",VLOOKUP($B$8,'séances AE'!$B:$AZ,B$34,0)) -> 12163 | C39: =IF(VLOOKUP($B$8,'séances AE'!$B:$AZ,C$34,0)=0,"-",VLOOKUP($B$8,'séances AE'!$B:$AZ,C$34,0)) -> 13613 | D39: =IF(VLOOKUP($B$8,'séances AE'!$B:$AZ,D$34,0)=0,"-",VLOOKUP($B$8,'séances AE'!$B:$AZ,D$34,0)) -> 14472 | E39: =IF(VLOOKUP($B$8,'séances AE'!$B:$AZ,E$34,0)=0,"-",VLOOKUP($B$8,'séances AE'!$B:$AZ,E$34,0)) -> 12898 | F39: =IF(VLOOKUP($B$8,'séances AE'!$B:$AZ,F$34,0)=0,"-",VLOOKUP($B$8,'séances AE'!$B:$AZ,F$34,0)) -> 15317 | G39: =IF(VLOOKUP($B$8,'séances AE'!$B:$AZ,G$34,0)=0,"-",VLOOKUP($B$8,'séances AE'!$B:$AZ,G$34,0)) -> 15437 | H39: =IF(VLOOKUP($B$8,'séances AE'!$B:$AZ,H$34,0)=0,"-",VLOOKUP($B$8,'séances AE'!$B:$AZ,H$34,0)) -> 15336 | I39: =IF(VLOOKUP($B$8,'séances AE'!$B:$AZ,I$34,0)=0,"-",VLOOKUP($B$8,'séances AE'!$B:$AZ,I$34,0)) -> 19295 | ... X39: =IF(VLOOKUP($B$8,'séances AE'!$B:$AZ,X$34,0)=0,"-",VLOOKUP($B$8,'séances AE'!$B:$AZ,X$34,0)) -> 19108
A40: entrées (millions) | B40: =IF(VLOOKUP($B$8,entréesAE!$B:$AZ,B$34,0)=0,"-",VLOOKUP($B$8,entréesAE!$B:$AZ,B$34,0)) -> 347322 | C40: =IF(VLOOKUP($B$8,entréesAE!$B:$AZ,C$34,0)=0,"-",VLOOKUP($B$8,entréesAE!$B:$AZ,C$34,0)) -> 347434 | D40: =IF(VLOOKUP($B$8,entréesAE!$B:$AZ,D$34,0)=0,"-",VLOOKUP($B$8,entréesAE!$B:$AZ,D$34,0)) -> 418011 | E40: =IF(VLOOKUP($B$8,entréesAE!$B:$AZ,E$34,0)=0,"-",VLOOKUP($B$8,entréesAE!$B:$AZ,E$34,0)) -> 308461 | F40: =IF(VLOOKUP($B$8,entréesAE!$B:$AZ,F$34,0)=0,"-",VLOOKUP($B$8,entréesAE!$B:$AZ,F$34,0)) -> 439537 | G40: =IF(VLOOKUP($B$8,entréesAE!$B:$AZ,G$34,0)=0,"-",VLOOKUP($B$8,entréesAE!$B:$AZ,G$34,0)) -> 433056 | H40: =IF(VLOOKUP($B$8,entréesAE!$B:$AZ,H$34,0)=0,"-",VLOOKUP($B$8,entréesAE!$B:$AZ,H$34,0)) -> 423932 | I40: =IF(VLOOKUP($B$8,entréesAE!$B:$AZ,I$34,0)=0,"-",VLOOKUP($B$8,entréesAE!$B:$AZ,I$34,0)) -> 465379 | ... X40: =IF(VLOOKUP($B$8,entréesAE!$B:$AZ,X$34,0)=0,"-",VLOOKUP($B$8,entréesAE!$B:$AZ,X$34,0)) -> 480492
A41: recettes (M€) | B41: =IF(VLOOKUP($B$8,recettesAE!$B:$BA,B$34,0)=0,"-",VLOOKUP($B$8,recettesAE!$B:$BA,B$34,0)) -> 1773750 | C41: =IF(VLOOKUP($B$8,recettesAE!$B:$BA,C$34,0)=0,"-",VLOOKUP($B$8,recettesAE!$B:$BA,C$34,0)) -> 1783276 | D41: =IF(VLOOKUP($B$8,recettesAE!$B:$BA,D$34,0)=0,"-",VLOOKUP($B$8,recettesAE!$B:$BA,D$34,0)) -> 2157176 | E41: =IF(VLOOKUP($B$8,recettesAE!$B:$BA,E$34,0)=0,"-",VLOOKUP($B$8,recettesAE!$B:$BA,E$34,0)) -> 1567038 | F41: =IF(VLOOKUP($B$8,recettesAE!$B:$BA,F$34,0)=0,"-",VLOOKUP($B$8,recettesAE!$B:$BA,F$34,0)) -> 2411964 | G41: =IF(VLOOKUP($B$8,recettesAE!$B:$BA,G$34,0)=0,"-",VLOOKUP($B$8,recettesAE!$B:$BA,G$34,0)) -> 2392065 | H41: =IF(VLOOKUP($B$8,recettesAE!$B:$BA,H$34,0)=0,"-",VLOOKUP($B$8,recettesAE!$B:$BA,H$34,0)) -> 2360591 | I41: =IF(VLOOKUP($B$8,recettesAE!$B:$BA,I$34,0)=0,"-",VLOOKUP($B$8,recettesAE!$B:$BA,I$34,0)) -> 2668571 | ... X41: =IF(VLOOKUP($B$8,recettesAE!$B:$BA,X$34,0)=0,"-",VLOOKUP($B$8,recettesAE!$B:$BA,X$34,0)) -> 3006753
A42: RME (€) | B42: =IF(VLOOKUP($B$8,RMEAE!$B:$AZ,B$34,0)=0,"-",VLOOKUP($B$8,RMEAE!$B:$AZ,B$34,0)) -> 5.1069325 | C42: =IF(VLOOKUP($B$8,RMEAE!$B:$AZ,C$34,0)=0,"-",VLOOKUP($B$8,RMEAE!$B:$AZ,C$34,0)) -> 5.1327043 | D42: =IF(VLOOKUP($B$8,RMEAE!$B:$AZ,D$34,0)=0,"-",VLOOKUP($B$8,RMEAE!$B:$AZ,D$34,0)) -> 5.1605723 | E42: =IF(VLOOKUP($B$8,RMEAE!$B:$AZ,E$34,0)=0,"-",VLOOKUP($B$8,RMEAE!$B:$AZ,E$34,0)) -> 5.0801819 | F42: =IF(VLOOKUP($B$8,RMEAE!$B:$AZ,F$34,0)=0,"-",VLOOKUP($B$8,RMEAE!$B:$AZ,F$34,0)) -> 5.4875107 | G42: =IF(VLOOKUP($B$8,RMEAE!$B:$AZ,G$34,0)=0,"-",VLOOKUP($B$8,RMEAE!$B:$AZ,G$34,0)) -> 5.5236852 | H42: =IF(VLOOKUP($B$8,RMEAE!$B:$AZ,H$34,0)=0,"-",VLOOKUP($B$8,RMEAE!$B:$AZ,H$34,0)) -> 5.5683246 | I42: =IF(VLOOKUP($B$8,RMEAE!$B:$AZ,I$34,0)=0,"-",VLOOKUP($B$8,RMEAE!$B:$AZ,I$34,0)) -> 5.7341887 | ... X42: =IF(VLOOKUP($B$8,RMEAE!$B:$AZ,X$34,0)=0,"-",VLOOKUP($B$8,RMEAE!$B:$AZ,X$34,0)) -> 6.2576547
A43: indice de fréquentation | B43: =IF(VLOOKUP($B$8,'indice de fréquentationAE'!$B:$AZ,B$34,0)=0,"-",VLOOKUP($B$8,'indice de fréquentationAE'!$B:$AZ,B$34,0)) -> 0.67405826 | C43: =IF(VLOOKUP($B$8,'indice de fréquentationAE'!$B:$AZ,C$34,0)=0,"-",VLOOKUP($B$8,'indice de fréquentationAE'!$B:$AZ,C$34,0)) -> 0.67427562 | D43: =IF(VLOOKUP($B$8,'indice de fréquentationAE'!$B:$AZ,D$34,0)=0,"-",VLOOKUP($B$8,'indice de fréquentationAE'!$B:$AZ,D$34,0)) -> 0.73757102 | E43: =IF(VLOOKUP($B$8,'indice de fréquentationAE'!$B:$AZ,E$34,0)=0,"-",VLOOKUP($B$8,'indice de fréquentationAE'!$B:$AZ,E$34,0)) -> 0.54427251 | F43: =IF(VLOOKUP($B$8,'indice de fréquentationAE'!$B:$AZ,F$34,0)=0,"-",VLOOKUP($B$8,'indice de fréquentationAE'!$B:$AZ,F$34,0)) -> 0.65232465 | G43: =IF(VLOOKUP($B$8,'indice de fréquentationAE'!$B:$AZ,G$34,0)=0,"-",VLOOKUP($B$8,'indice de fréquentationAE'!$B:$AZ,G$34,0)) -> 0.64270608 | H43: =IF(VLOOKUP($B$8,'indice de fréquentationAE'!$B:$AZ,H$34,0)=0,"-",VLOOKUP($B$8,'indice de fréquentationAE'!$B:$AZ,H$34,0)) -> 0.62916499 | I43: =IF(VLOOKUP($B$8,'indice de fréquentationAE'!$B:$AZ,I$34,0)=0,"-",VLOOKUP($B$8,'indice de fréquentationAE'!$B:$AZ,I$34,0)) -> 0.69067722 | ... X43: =IF(VLOOKUP($B$8,'indice de fréquentationAE'!$B:$AZ,X$34,0)=0,"-",VLOOKUP($B$8,'indice de fréquentationAE'!$B:$AZ,X$34,0)) -> 0.71310669
A44: taux d'occupation des fauteuils (%) | B44: =IF(VLOOKUP($B$8,tmofAE!$B:$AZ,B$34,0)=0,"-",VLOOKUP($B$8,tmofAE!$B:$AZ,B$34,0)) -> 16.537261 | C44: =IF(VLOOKUP($B$8,tmofAE!$B:$AZ,C$34,0)=0,"-",VLOOKUP($B$8,tmofAE!$B:$AZ,C$34,0)) -> 13.783393 | D44: =IF(VLOOKUP($B$8,tmofAE!$B:$AZ,D$34,0)=0,"-",VLOOKUP($B$8,tmofAE!$B:$AZ,D$34,0)) -> 15.584991 | E44: =IF(VLOOKUP($B$8,tmofAE!$B:$AZ,E$34,0)=0,"-",VLOOKUP($B$8,tmofAE!$B:$AZ,E$34,0)) -> 13.026866 | F44: =IF(VLOOKUP($B$8,tmofAE!$B:$AZ,F$34,0)=0,"-",VLOOKUP($B$8,tmofAE!$B:$AZ,F$34,0)) -> 15.178108 | G44: =IF(VLOOKUP($B$8,tmofAE!$B:$AZ,G$34,0)=0,"-",VLOOKUP($B$8,tmofAE!$B:$AZ,G$34,0)) -> 15.24444 | H44: =IF(VLOOKUP($B$8,tmofAE!$B:$AZ,H$34,0)=0,"-",VLOOKUP($B$8,tmofAE!$B:$AZ,H$34,0)) -> 15.320338 | I44: =IF(VLOOKUP($B$8,tmofAE!$B:$AZ,I$34,0)=0,"-",VLOOKUP($B$8,tmofAE!$B:$AZ,I$34,0)) -> 14.004827 | ... X44: =IF(VLOOKUP($B$8,tmofAE!$B:$AZ,X$34,0)=0,"-",VLOOKUP($B$8,tmofAE!$B:$AZ,X$34,0)) -> 14.930165
A47: Résultats des établissements à moins de 80 000 entrées annuelles
B48: 2 | C48: 3 | D48: 4 | E48: 5 | F48: 6 | G48: 7 | H48: 8 | I48: 9 | J48: 10 | K48: 11 | L48: 12 | M48: 13 | N48: 14 | O48: 15 | P48: 16 | Q48: 17 | R48: 18 | S48: 19 | T48: 20 | U48: 21 | V48: 22
B49: 2004 | C49: 2005 | D49: 2006 | E49: 2007 | F49: 2008 | G49: 2009 | H49: 2010 | I49: 2011 | J49: 2012 | K49: 2013 | L49: 2014 | M49: 2015 | N49: 2016 | O49: 2017 | P49: 2018 | Q49: 2019 | R49: 2020 | S49: 2021 | T49: 2022 | U49: 2023 | V49: 2024
A50: établissements | B50: =IF(VLOOKUP($B$8,étabP!$B:$BA,B$48,0)=0,"-",VLOOKUP($B$8,étabP!$B:$BA,B$48,0)) -> 15 | C50: =IF(VLOOKUP($B$8,étabP!$B:$BA,C$48,0)=0,"-",VLOOKUP($B$8,étabP!$B:$BA,C$48,0)) -> 16 | D50: =IF(VLOOKUP($B$8,étabP!$B:$BA,D$48,0)=0,"-",VLOOKUP($B$8,étabP!$B:$BA,D$48,0)) -> 16 | E50: =IF(VLOOKUP($B$8,étabP!$B:$BA,E$48,0)=0,"-",VLOOKUP($B$8,étabP!$B:$BA,E$48,0)) -> 16 | F50: =IF(VLOOKUP($B$8,étabP!$B:$BA,F$48,0)=0,"-",VLOOKUP($B$8,étabP!$B:$BA,F$48,0)) -> 18 | G50: =IF(VLOOKUP($B$8,étabP!$B:$BA,G$48,0)=0,"-",VLOOKUP($B$8,étabP!$B:$BA,G$48,0)) -> 18 | H50: =IF(VLOOKUP($B$8,étabP!$B:$BA,H$48,0)=0,"-",VLOOKUP($B$8,étabP!$B:$BA,H$48,0)) -> 17 | I50: =IF(VLOOKUP($B$8,étabP!$B:$BA,I$48,0)=0,"-",VLOOKUP($B$8,étabP!$B:$BA,I$48,0)) -> 13 | ... V50: =IF(VLOOKUP($B$8,étabP!$B:$BA,V$48,0)=0,"-",VLOOKUP($B$8,étabP!$B:$BA,V$48,0)) -> 17
A51: écrans | B51: =IF(VLOOKUP($B$8,écransP!$B:$AZ,B$48,0)=0,"-",VLOOKUP($B$8,écransP!$B:$AZ,B$48,0)) -> 18 | C51: =IF(VLOOKUP($B$8,écransP!$B:$AZ,C$48,0)=0,"-",VLOOKUP($B$8,écransP!$B:$AZ,C$48,0)) -> 22 | D51: =IF(VLOOKUP($B$8,écransP!$B:$AZ,D$48,0)=0,"-",VLOOKUP($B$8,écransP!$B:$AZ,D$48,0)) -> 22 | E51: =IF(VLOOKUP($B$8,écransP!$B:$AZ,E$48,0)=0,"-",VLOOKUP($B$8,écransP!$B:$AZ,E$48,0)) -> 22 | F51: =IF(VLOOKUP($B$8,écransP!$B:$AZ,F$48,0)=0,"-",VLOOKUP($B$8,écransP!$B:$AZ,F$48,0)) -> 32 | G51: =IF(VLOOKUP($B$8,écransP!$B:$AZ,G$48,0)=0,"-",VLOOKUP($B$8,écransP!$B:$AZ,G$48,0)) -> 27 | H51: =IF(VLOOKUP($B$8,écransP!$B:$AZ,H$48,0)=0,"-",VLOOKUP($B$8,écransP!$B:$AZ,H$48,0)) -> 26 | I51: =IF(VLOOKUP($B$8,écransP!$B:$AZ,I$48,0)=0,"-",VLOOKUP($B$8,écransP!$B:$AZ,I$48,0)) -> 19 | ... V51: =IF(VLOOKUP($B$8,écransP!$B:$AZ,V$48,0)=0,"-",VLOOKUP($B$8,écransP!$B:$AZ,V$48,0)) -> 25
A52: fauteuils | B52: =IF(VLOOKUP($B$8,fauteuilsP!$B:$BA,B$48,0)=0,"-",VLOOKUP($B$8,fauteuilsP!$B:$BA,B$48,0)) -> 2735 | C52: =IF(VLOOKUP($B$8,fauteuilsP!$B:$BA,C$48,0)=0,"-",VLOOKUP($B$8,fauteuilsP!$B:$BA,C$48,0)) -> 3392 | D52: =IF(VLOOKUP($B$8,fauteuilsP!$B:$BA,D$48,0)=0,"-",VLOOKUP($B$8,fauteuilsP!$B:$BA,D$48,0)) -> 3154 | E52: =IF(VLOOKUP($B$8,fauteuilsP!$B:$BA,E$48,0)=0,"-",VLOOKUP($B$8,fauteuilsP!$B:$BA,E$48,0)) -> 3154 | F52: =IF(VLOOKUP($B$8,fauteuilsP!$B:$BA,F$48,0)=0,"-",VLOOKUP($B$8,fauteuilsP!$B:$BA,F$48,0)) -> 5092 | G52: =IF(VLOOKUP($B$8,fauteuilsP!$B:$BA,G$48,0)=0,"-",VLOOKUP($B$8,fauteuilsP!$B:$BA,G$48,0)) -> 3588 | H52: =IF(VLOOKUP($B$8,fauteuilsP!$B:$BA,H$48,0)=0,"-",VLOOKUP($B$8,fauteuilsP!$B:$BA,H$48,0)) -> 3588 | I52: =IF(VLOOKUP($B$8,fauteuilsP!$B:$BA,I$48,0)=0,"-",VLOOKUP($B$8,fauteuilsP!$B:$BA,I$48,0)) -> 2945 | ... V52: =IF(VLOOKUP($B$8,fauteuilsP!$B:$BA,V$48,0)=0,"-",VLOOKUP($B$8,fauteuilsP!$B:$BA,V$48,0)) -> 3723
A53: séances (milliers) | B53: =IF(VLOOKUP($B$8,séancesP!$B:$BA,B$48,0)=0,"-",VLOOKUP($B$8,séancesP!$B:$BA,B$48,0)) -> 10058 | C53: =IF(VLOOKUP($B$8,séancesP!$B:$BA,C$48,0)=0,"-",VLOOKUP($B$8,séancesP!$B:$BA,C$48,0)) -> 11318 | D53: =IF(VLOOKUP($B$8,séancesP!$B:$BA,D$48,0)=0,"-",VLOOKUP($B$8,séancesP!$B:$BA,D$48,0)) -> 11136 | E53: =IF(VLOOKUP($B$8,séancesP!$B:$BA,E$48,0)=0,"-",VLOOKUP($B$8,séancesP!$B:$BA,E$48,0)) -> 10306 | F53: =IF(VLOOKUP($B$8,séancesP!$B:$BA,F$48,0)=0,"-",VLOOKUP($B$8,séancesP!$B:$BA,F$48,0)) -> 14075 | G53: =IF(VLOOKUP($B$8,séancesP!$B:$BA,G$48,0)=0,"-",VLOOKUP($B$8,séancesP!$B:$BA,G$48,0)) -> 15080 | H53: =IF(VLOOKUP($B$8,séancesP!$B:$BA,H$48,0)=0,"-",VLOOKUP($B$8,séancesP!$B:$BA,H$48,0)) -> 15038 | I53: =IF(VLOOKUP($B$8,séancesP!$B:$BA,I$48,0)=0,"-",VLOOKUP($B$8,séancesP!$B:$BA,I$48,0)) -> 11019 | ... V53: =IF(VLOOKUP($B$8,séancesP!$B:$BA,V$48,0)=0,"-",VLOOKUP($B$8,séancesP!$B:$BA,V$48,0)) -> 17036
A54: entrées (millions) | B54: =IF(VLOOKUP($B$8,entréesP!$B:$AZ,B$48,0)=0,"-",VLOOKUP($B$8,entréesP!$B:$AZ,B$48,0)) -> 324676 | C54: =IF(VLOOKUP($B$8,entréesP!$B:$AZ,C$48,0)=0,"-",VLOOKUP($B$8,entréesP!$B:$AZ,C$48,0)) -> 303691 | D54: =IF(VLOOKUP($B$8,entréesP!$B:$AZ,D$48,0)=0,"-",VLOOKUP($B$8,entréesP!$B:$AZ,D$48,0)) -> 324683 | E54: =IF(VLOOKUP($B$8,entréesP!$B:$AZ,E$48,0)=0,"-",VLOOKUP($B$8,entréesP!$B:$AZ,E$48,0)) -> 295537 | F54: =IF(VLOOKUP($B$8,entréesP!$B:$AZ,F$48,0)=0,"-",VLOOKUP($B$8,entréesP!$B:$AZ,F$48,0)) -> 378906 | G54: =IF(VLOOKUP($B$8,entréesP!$B:$AZ,G$48,0)=0,"-",VLOOKUP($B$8,entréesP!$B:$AZ,G$48,0)) -> 338330 | H54: =IF(VLOOKUP($B$8,entréesP!$B:$AZ,H$48,0)=0,"-",VLOOKUP($B$8,entréesP!$B:$AZ,H$48,0)) -> 343155 | I54: =IF(VLOOKUP($B$8,entréesP!$B:$AZ,I$48,0)=0,"-",VLOOKUP($B$8,entréesP!$B:$AZ,I$48,0)) -> 266497 | ... V54: =IF(VLOOKUP($B$8,entréesP!$B:$AZ,V$48,0)=0,"-",VLOOKUP($B$8,entréesP!$B:$AZ,V$48,0)) -> 380293
A55: recettes (M€) | B55: =IF(VLOOKUP($B$8,recettesP!$B:$BA,B$48,0)=0,"-",VLOOKUP($B$8,recettesP!$B:$BA,B$48,0)) -> 1568967 | C55: =IF(VLOOKUP($B$8,recettesP!$B:$BA,C$48,0)=0,"-",VLOOKUP($B$8,recettesP!$B:$BA,C$48,0)) -> 1444142 | D55: =IF(VLOOKUP($B$8,recettesP!$B:$BA,D$48,0)=0,"-",VLOOKUP($B$8,recettesP!$B:$BA,D$48,0)) -> 1585262 | E55: =IF(VLOOKUP($B$8,recettesP!$B:$BA,E$48,0)=0,"-",VLOOKUP($B$8,recettesP!$B:$BA,E$48,0)) -> 1452026 | F55: =IF(VLOOKUP($B$8,recettesP!$B:$BA,F$48,0)=0,"-",VLOOKUP($B$8,recettesP!$B:$BA,F$48,0)) -> 2015680 | G55: =IF(VLOOKUP($B$8,recettesP!$B:$BA,G$48,0)=0,"-",VLOOKUP($B$8,recettesP!$B:$BA,G$48,0)) -> 1708102 | H55: =IF(VLOOKUP($B$8,recettesP!$B:$BA,H$48,0)=0,"-",VLOOKUP($B$8,recettesP!$B:$BA,H$48,0)) -> 1766545 | I55: =IF(VLOOKUP($B$8,recettesP!$B:$BA,I$48,0)=0,"-",VLOOKUP($B$8,recettesP!$B:$BA,I$48,0)) -> 1421906 | ... V55: =IF(VLOOKUP($B$8,recettesP!$B:$BA,V$48,0)=0,"-",VLOOKUP($B$8,recettesP!$B:$BA,V$48,0)) -> 2185454
A56: RME (€) | B56: =IF(VLOOKUP($B$8,RMEP!$B:$AZ,B$48,0)=0,"-",VLOOKUP($B$8,RMEP!$B:$AZ,B$48,0)) -> 4.8324083 | C56: =IF(VLOOKUP($B$8,RMEP!$B:$AZ,C$48,0)=0,"-",VLOOKUP($B$8,RMEP!$B:$AZ,C$48,0)) -> 4.7553006 | D56: =IF(VLOOKUP($B$8,RMEP!$B:$AZ,D$48,0)=0,"-",VLOOKUP($B$8,RMEP!$B:$AZ,D$48,0)) -> 4.8824915 | E56: =IF(VLOOKUP($B$8,RMEP!$B:$AZ,E$48,0)=0,"-",VLOOKUP($B$8,RMEP!$B:$AZ,E$48,0)) -> 4.9131784 | F56: =IF(VLOOKUP($B$8,RMEP!$B:$AZ,F$48,0)=0,"-",VLOOKUP($B$8,RMEP!$B:$AZ,F$48,0)) -> 5.3197363 | G56: =IF(VLOOKUP($B$8,RMEP!$B:$AZ,G$48,0)=0,"-",VLOOKUP($B$8,RMEP!$B:$AZ,G$48,0)) -> 5.0486271 | H56: =IF(VLOOKUP($B$8,RMEP!$B:$AZ,H$48,0)=0,"-",VLOOKUP($B$8,RMEP!$B:$AZ,H$48,0)) -> 5.1479506 | I56: =IF(VLOOKUP($B$8,RMEP!$B:$AZ,I$48,0)=0,"-",VLOOKUP($B$8,RMEP!$B:$AZ,I$48,0)) -> 5.3355422 | ... V56: =IF(VLOOKUP($B$8,RMEP!$B:$AZ,V$48,0)=0,"-",VLOOKUP($B$8,RMEP!$B:$AZ,V$48,0)) -> 5.7467637
A57: indice de fréquentation | B57: =IF(VLOOKUP($B$8,'indice de fréquentationP'!$B:$AZ,B$48,0)=0,"-",VLOOKUP($B$8,'indice de fréquentationP'!$B:$AZ,B$48,0)) -> 0.57288351 | C57: =IF(VLOOKUP($B$8,'indice de fréquentationP'!$B:$AZ,C$48,0)=0,"-",VLOOKUP($B$8,'indice de fréquentationP'!$B:$AZ,C$48,0)) -> 0.45071319 | D57: =IF(VLOOKUP($B$8,'indice de fréquentationP'!$B:$AZ,D$48,0)=0,"-",VLOOKUP($B$8,'indice de fréquentationP'!$B:$AZ,D$48,0)) -> 0.48186779 | E57: =IF(VLOOKUP($B$8,'indice de fréquentationP'!$B:$AZ,E$48,0)=0,"-",VLOOKUP($B$8,'indice de fréquentationP'!$B:$AZ,E$48,0)) -> 0.4386117 | F57: =IF(VLOOKUP($B$8,'indice de fréquentationP'!$B:$AZ,F$48,0)=0,"-",VLOOKUP($B$8,'indice de fréquentationP'!$B:$AZ,F$48,0)) -> 0.56234111 | G57: =IF(VLOOKUP($B$8,'indice de fréquentationP'!$B:$AZ,G$48,0)=0,"-",VLOOKUP($B$8,'indice de fréquentationP'!$B:$AZ,G$48,0)) -> 0.50212155 | H57: =IF(VLOOKUP($B$8,'indice de fréquentationP'!$B:$AZ,H$48,0)=0,"-",VLOOKUP($B$8,'indice de fréquentationP'!$B:$AZ,H$48,0)) -> 0.50928241 | I57: =IF(VLOOKUP($B$8,'indice de fréquentationP'!$B:$AZ,I$48,0)=0,"-",VLOOKUP($B$8,'indice de fréquentationP'!$B:$AZ,I$48,0)) -> 0.39551292 | ... V57: =IF(VLOOKUP($B$8,'indice de fréquentationP'!$B:$AZ,V$48,0)=0,"-",VLOOKUP($B$8,'indice de fréquentationP'!$B:$AZ,V$48,0)) -> 0.56439958
A58: taux d'occupation des fauteuils (%) | B58: =IF(VLOOKUP($B$8,tmofP!$B:$AZ,B$48,0)=0,"-",VLOOKUP($B$8,tmofP!$B:$AZ,B$48,0)) -> 14.852647 | C58: =IF(VLOOKUP($B$8,tmofP!$B:$AZ,C$48,0)=0,"-",VLOOKUP($B$8,tmofP!$B:$AZ,C$48,0)) -> 13.515375 | D58: =IF(VLOOKUP($B$8,tmofP!$B:$AZ,D$48,0)=0,"-",VLOOKUP($B$8,tmofP!$B:$AZ,D$48,0)) -> 14.762908 | E58: =IF(VLOOKUP($B$8,tmofP!$B:$AZ,E$48,0)=0,"-",VLOOKUP($B$8,tmofP!$B:$AZ,E$48,0)) -> 14.436049 | F58: =IF(VLOOKUP($B$8,tmofP!$B:$AZ,F$48,0)=0,"-",VLOOKUP($B$8,tmofP!$B:$AZ,F$48,0)) -> 13.520613 | G58: =IF(VLOOKUP($B$8,tmofP!$B:$AZ,G$48,0)=0,"-",VLOOKUP($B$8,tmofP!$B:$AZ,G$48,0)) -> 12.426888 | H58: =IF(VLOOKUP($B$8,tmofP!$B:$AZ,H$48,0)=0,"-",VLOOKUP($B$8,tmofP!$B:$AZ,H$48,0)) -> 12.942055 | I58: =IF(VLOOKUP($B$8,tmofP!$B:$AZ,I$48,0)=0,"-",VLOOKUP($B$8,tmofP!$B:$AZ,I$48,0)) -> 12.928484 | ... V58: =IF(VLOOKUP($B$8,tmofP!$B:$AZ,V$48,0)=0,"-",VLOOKUP($B$8,tmofP!$B:$AZ,V$48,0)) -> 13.03996
A61: Résultats des établissements de 80 000 à 450 000 entrées annuelles
B62: 2 | C62: 3 | D62: 4 | E62: 5 | F62: 6 | G62: 7 | H62: 8 | I62: 9 | J62: 10 | K62: 11 | L62: 12 | M62: 13 | N62: 14 | O62: 15 | P62: 16 | Q62: 17 | R62: 18 | S62: 19 | T62: 20 | U62: 21 | V62: 22
B63: 2004 | C63: 2005 | D63: 2006 | E63: 2007 | F63: 2008 | G63: 2009 | H63: 2010 | I63: 2011 | J63: 2012 | K63: 2013 | L63: 2014 | M63: 2015 | N63: 2016 | O63: 2017 | P63: 2018 | Q63: 2019 | R63: 2020 | S63: 2021 | T63: 2022 | U63: 2023 | V63: 2024
A64: établissements | B64: =IF(VLOOKUP($B$8,étabM!$B:$AZ,B$62,0)=0,"-",VLOOKUP($B$8,étabM!$B:$AZ,B$62,0)) -> 5 | C64: =IF(VLOOKUP($B$8,étabM!$B:$AZ,C$62,0)=0,"-",VLOOKUP($B$8,étabM!$B:$AZ,C$62,0)) -> 4 | D64: =IF(VLOOKUP($B$8,étabM!$B:$AZ,D$62,0)=0,"-",VLOOKUP($B$8,étabM!$B:$AZ,D$62,0)) -> 4 | E64: =IF(VLOOKUP($B$8,étabM!$B:$AZ,E$62,0)=0,"-",VLOOKUP($B$8,étabM!$B:$AZ,E$62,0)) -> 4 | F64: =IF(VLOOKUP($B$8,étabM!$B:$AZ,F$62,0)=0,"-",VLOOKUP($B$8,étabM!$B:$AZ,F$62,0)) -> 4 | G64: =IF(VLOOKUP($B$8,étabM!$B:$AZ,G$62,0)=0,"-",VLOOKUP($B$8,étabM!$B:$AZ,G$62,0)) -> 3 | H64: =IF(VLOOKUP($B$8,étabM!$B:$AZ,H$62,0)=0,"-",VLOOKUP($B$8,étabM!$B:$AZ,H$62,0)) -> 3 | I64: =IF(VLOOKUP($B$8,étabM!$B:$AZ,I$62,0)=0,"-",VLOOKUP($B$8,étabM!$B:$AZ,I$62,0)) -> 5 | ... V64: =IF(VLOOKUP($B$8,étabM!$B:$AZ,V$62,0)=0,"-",VLOOKUP($B$8,étabM!$B:$AZ,V$62,0)) -> 3
A65: écrans | B65: =IF(VLOOKUP($B$8,écransM!$B:$AZ,B$62,0)=0,"-",VLOOKUP($B$8,écransM!$B:$AZ,B$62,0)) -> 17 | C65: =IF(VLOOKUP($B$8,écransM!$B:$AZ,C$62,0)=0,"-",VLOOKUP($B$8,écransM!$B:$AZ,C$62,0)) -> 15 | D65: =IF(VLOOKUP($B$8,écransM!$B:$AZ,D$62,0)=0,"-",VLOOKUP($B$8,écransM!$B:$AZ,D$62,0)) -> 15 | E65: =IF(VLOOKUP($B$8,écransM!$B:$AZ,E$62,0)=0,"-",VLOOKUP($B$8,écransM!$B:$AZ,E$62,0)) -> 15 | F65: =IF(VLOOKUP($B$8,écransM!$B:$AZ,F$62,0)=0,"-",VLOOKUP($B$8,écransM!$B:$AZ,F$62,0)) -> 15 | G65: =IF(VLOOKUP($B$8,écransM!$B:$AZ,G$62,0)=0,"-",VLOOKUP($B$8,écransM!$B:$AZ,G$62,0)) -> 15 | H65: =IF(VLOOKUP($B$8,écransM!$B:$AZ,H$62,0)=0,"-",VLOOKUP($B$8,écransM!$B:$AZ,H$62,0)) -> 15 | I65: =IF(VLOOKUP($B$8,écransM!$B:$AZ,I$62,0)=0,"-",VLOOKUP($B$8,écransM!$B:$AZ,I$62,0)) -> 20 | ... V65: =IF(VLOOKUP($B$8,écransM!$B:$AZ,V$62,0)=0,"-",VLOOKUP($B$8,écransM!$B:$AZ,V$62,0)) -> 15
A66: fauteuils | B66: =IF(VLOOKUP($B$8,fauteuilsM!$B:$BA,B$62,0)=0,"-",VLOOKUP($B$8,fauteuilsM!$B:$BA,B$62,0)) -> 2862 | C66: =IF(VLOOKUP($B$8,fauteuilsM!$B:$BA,C$62,0)=0,"-",VLOOKUP($B$8,fauteuilsM!$B:$BA,C$62,0)) -> 2647 | D66: =IF(VLOOKUP($B$8,fauteuilsM!$B:$BA,D$62,0)=0,"-",VLOOKUP($B$8,fauteuilsM!$B:$BA,D$62,0)) -> 2647 | E66: =IF(VLOOKUP($B$8,fauteuilsM!$B:$BA,E$62,0)=0,"-",VLOOKUP($B$8,fauteuilsM!$B:$BA,E$62,0)) -> 2647 | F66: =IF(VLOOKUP($B$8,fauteuilsM!$B:$BA,F$62,0)=0,"-",VLOOKUP($B$8,fauteuilsM!$B:$BA,F$62,0)) -> 2647 | G66: =IF(VLOOKUP($B$8,fauteuilsM!$B:$BA,G$62,0)=0,"-",VLOOKUP($B$8,fauteuilsM!$B:$BA,G$62,0)) -> 2968 | H66: =IF(VLOOKUP($B$8,fauteuilsM!$B:$BA,H$62,0)=0,"-",VLOOKUP($B$8,fauteuilsM!$B:$BA,H$62,0)) -> 2968 | I66: =IF(VLOOKUP($B$8,fauteuilsM!$B:$BA,I$62,0)=0,"-",VLOOKUP($B$8,fauteuilsM!$B:$BA,I$62,0)) -> 3611 | ... V66: =IF(VLOOKUP($B$8,fauteuilsM!$B:$BA,V$62,0)=0,"-",VLOOKUP($B$8,fauteuilsM!$B:$BA,V$62,0)) -> 2968
A67: séances (milliers) | B67: =IF(VLOOKUP($B$8,séancesM!$B:$BA,B$62,0)=0,"-",VLOOKUP($B$8,séancesM!$B:$BA,B$62,0)) -> 17859 | C67: =IF(VLOOKUP($B$8,séancesM!$B:$BA,C$62,0)=0,"-",VLOOKUP($B$8,séancesM!$B:$BA,C$62,0)) -> 18019 | D67: =IF(VLOOKUP($B$8,séancesM!$B:$BA,D$62,0)=0,"-",VLOOKUP($B$8,séancesM!$B:$BA,D$62,0)) -> 18094 | E67: =IF(VLOOKUP($B$8,séancesM!$B:$BA,E$62,0)=0,"-",VLOOKUP($B$8,séancesM!$B:$BA,E$62,0)) -> 17756 | F67: =IF(VLOOKUP($B$8,séancesM!$B:$BA,F$62,0)=0,"-",VLOOKUP($B$8,séancesM!$B:$BA,F$62,0)) -> 16358 | G67: =IF(VLOOKUP($B$8,séancesM!$B:$BA,G$62,0)=0,"-",VLOOKUP($B$8,séancesM!$B:$BA,G$62,0)) -> 19813 | H67: =IF(VLOOKUP($B$8,séancesM!$B:$BA,H$62,0)=0,"-",VLOOKUP($B$8,séancesM!$B:$BA,H$62,0)) -> 19944 | I67: =IF(VLOOKUP($B$8,séancesM!$B:$BA,I$62,0)=0,"-",VLOOKUP($B$8,séancesM!$B:$BA,I$62,0)) -> 23692 | ... V67: =IF(VLOOKUP($B$8,séancesM!$B:$BA,V$62,0)=0,"-",VLOOKUP($B$8,séancesM!$B:$BA,V$62,0)) -> 18799
A68: entrées (millions) | B68: =IF(VLOOKUP($B$8,entréesM!$B:$AZ,B$62,0)=0,"-",VLOOKUP($B$8,entréesM!$B:$AZ,B$62,0)) -> 463132 | C68: =IF(VLOOKUP($B$8,entréesM!$B:$AZ,C$62,0)=0,"-",VLOOKUP($B$8,entréesM!$B:$AZ,C$62,0)) -> 401897 | D68: =IF(VLOOKUP($B$8,entréesM!$B:$AZ,D$62,0)=0,"-",VLOOKUP($B$8,entréesM!$B:$AZ,D$62,0)) -> 451582 | E68: =IF(VLOOKUP($B$8,entréesM!$B:$AZ,E$62,0)=0,"-",VLOOKUP($B$8,entréesM!$B:$AZ,E$62,0)) -> 433949 | F68: =IF(VLOOKUP($B$8,entréesM!$B:$AZ,F$62,0)=0,"-",VLOOKUP($B$8,entréesM!$B:$AZ,F$62,0)) -> 410537 | G68: =IF(VLOOKUP($B$8,entréesM!$B:$AZ,G$62,0)=0,"-",VLOOKUP($B$8,entréesM!$B:$AZ,G$62,0)) -> 595720 | H68: =IF(VLOOKUP($B$8,entréesM!$B:$AZ,H$62,0)=0,"-",VLOOKUP($B$8,entréesM!$B:$AZ,H$62,0)) -> 651936 | I68: =IF(VLOOKUP($B$8,entréesM!$B:$AZ,I$62,0)=0,"-",VLOOKUP($B$8,entréesM!$B:$AZ,I$62,0)) -> 792926 | ... V68: =IF(VLOOKUP($B$8,entréesM!$B:$AZ,V$62,0)=0,"-",VLOOKUP($B$8,entréesM!$B:$AZ,V$62,0)) -> 573540
A69: recettes (M€) | B69: =IF(VLOOKUP($B$8,recettesM!$B:$BA,B$62,0)=0,"-",VLOOKUP($B$8,recettesM!$B:$BA,B$62,0)) -> 2660389 | C69: =IF(VLOOKUP($B$8,recettesM!$B:$BA,C$62,0)=0,"-",VLOOKUP($B$8,recettesM!$B:$BA,C$62,0)) -> 2371392 | D69: =IF(VLOOKUP($B$8,recettesM!$B:$BA,D$62,0)=0,"-",VLOOKUP($B$8,recettesM!$B:$BA,D$62,0)) -> 2702359 | E69: =IF(VLOOKUP($B$8,recettesM!$B:$BA,E$62,0)=0,"-",VLOOKUP($B$8,recettesM!$B:$BA,E$62,0)) -> 2603458 | F69: =IF(VLOOKUP($B$8,recettesM!$B:$BA,F$62,0)=0,"-",VLOOKUP($B$8,recettesM!$B:$BA,F$62,0)) -> 2472936 | G69: =IF(VLOOKUP($B$8,recettesM!$B:$BA,G$62,0)=0,"-",VLOOKUP($B$8,recettesM!$B:$BA,G$62,0)) -> 4010244 | H69: =IF(VLOOKUP($B$8,recettesM!$B:$BA,H$62,0)=0,"-",VLOOKUP($B$8,recettesM!$B:$BA,H$62,0)) -> 4540477 | I69: =IF(VLOOKUP($B$8,recettesM!$B:$BA,I$62,0)=0,"-",VLOOKUP($B$8,recettesM!$B:$BA,I$62,0)) -> 5324774 | ... V69: =IF(VLOOKUP($B$8,recettesM!$B:$BA,V$62,0)=0,"-",VLOOKUP($B$8,recettesM!$B:$BA,V$62,0)) -> 4077626
A70: RME (€) | B70: =IF(VLOOKUP($B$8,RMEM!$B:$AZ,B$62,0)=0,"-",VLOOKUP($B$8,RMEM!$B:$AZ,B$62,0)) -> 5.7443429 | C70: =IF(VLOOKUP($B$8,RMEM!$B:$AZ,C$62,0)=0,"-",VLOOKUP($B$8,RMEM!$B:$AZ,C$62,0)) -> 5.9004969 | D70: =IF(VLOOKUP($B$8,RMEM!$B:$AZ,D$62,0)=0,"-",VLOOKUP($B$8,RMEM!$B:$AZ,D$62,0)) -> 5.9842044 | E70: =IF(VLOOKUP($B$8,RMEM!$B:$AZ,E$62,0)=0,"-",VLOOKUP($B$8,RMEM!$B:$AZ,E$62,0)) -> 5.9994562 | F70: =IF(VLOOKUP($B$8,RMEM!$B:$AZ,F$62,0)=0,"-",VLOOKUP($B$8,RMEM!$B:$AZ,F$62,0)) -> 6.0236617 | G70: =IF(VLOOKUP($B$8,RMEM!$B:$AZ,G$62,0)=0,"-",VLOOKUP($B$8,RMEM!$B:$AZ,G$62,0)) -> 6.7317599 | H70: =IF(VLOOKUP($B$8,RMEM!$B:$AZ,H$62,0)=0,"-",VLOOKUP($B$8,RMEM!$B:$AZ,H$62,0)) -> 6.9646054 | I70: =IF(VLOOKUP($B$8,RMEM!$B:$AZ,I$62,0)=0,"-",VLOOKUP($B$8,RMEM!$B:$AZ,I$62,0)) -> 6.715348 | ... V70: =IF(VLOOKUP($B$8,RMEM!$B:$AZ,V$62,0)=0,"-",VLOOKUP($B$8,RMEM!$B:$AZ,V$62,0)) -> 7.1095756
A71: indice de fréquentation | B71: =IF(VLOOKUP($B$8,'indice de fréquentationM'!$B:$AZ,B$62,0)=0,"-",VLOOKUP($B$8,'indice de fréquentationM'!$B:$AZ,B$62,0)) -> 0.81718601 | C71: =IF(VLOOKUP($B$8,'indice de fréquentationM'!$B:$AZ,C$62,0)=0,"-",VLOOKUP($B$8,'indice de fréquentationM'!$B:$AZ,C$62,0)) -> 0.59646246 | D71: =IF(VLOOKUP($B$8,'indice de fréquentationM'!$B:$AZ,D$62,0)=0,"-",VLOOKUP($B$8,'indice de fréquentationM'!$B:$AZ,D$62,0)) -> 0.67020085 | E71: =IF(VLOOKUP($B$8,'indice de fréquentationM'!$B:$AZ,E$62,0)=0,"-",VLOOKUP($B$8,'indice de fréquentationM'!$B:$AZ,E$62,0)) -> 0.6440314 | F71: =IF(VLOOKUP($B$8,'indice de fréquentationM'!$B:$AZ,F$62,0)=0,"-",VLOOKUP($B$8,'indice de fréquentationM'!$B:$AZ,F$62,0)) -> 0.60928523 | G71: =IF(VLOOKUP($B$8,'indice de fréquentationM'!$B:$AZ,G$62,0)=0,"-",VLOOKUP($B$8,'indice de fréquentationM'!$B:$AZ,G$62,0)) -> 0.8841186 | H71: =IF(VLOOKUP($B$8,'indice de fréquentationM'!$B:$AZ,H$62,0)=0,"-",VLOOKUP($B$8,'indice de fréquentationM'!$B:$AZ,H$62,0)) -> 0.96754977 | I71: =IF(VLOOKUP($B$8,'indice de fréquentationM'!$B:$AZ,I$62,0)=0,"-",VLOOKUP($B$8,'indice de fréquentationM'!$B:$AZ,I$62,0)) -> 1.1767955 | ... V71: =IF(VLOOKUP($B$8,'indice de fréquentationM'!$B:$AZ,V$62,0)=0,"-",VLOOKUP($B$8,'indice de fréquentationM'!$B:$AZ,V$62,0)) -> 0.85120087
A72: taux d'occupation des fauteuils (%) | B72: =IF(VLOOKUP($B$8,tmofM!$B:$AZ,B$62,0)=0,"-",VLOOKUP($B$8,tmofM!$B:$AZ,B$62,0)) -> 15.145636 | C72: =IF(VLOOKUP($B$8,tmofM!$B:$AZ,C$62,0)=0,"-",VLOOKUP($B$8,tmofM!$B:$AZ,C$62,0)) -> 12.944587 | D72: =IF(VLOOKUP($B$8,tmofM!$B:$AZ,D$62,0)=0,"-",VLOOKUP($B$8,tmofM!$B:$AZ,D$62,0)) -> 14.427822 | E72: =IF(VLOOKUP($B$8,tmofM!$B:$AZ,E$62,0)=0,"-",VLOOKUP($B$8,tmofM!$B:$AZ,E$62,0)) -> 14.116685 | F72: =IF(VLOOKUP($B$8,tmofM!$B:$AZ,F$62,0)=0,"-",VLOOKUP($B$8,tmofM!$B:$AZ,F$62,0)) -> 14.478474 | G72: =IF(VLOOKUP($B$8,tmofM!$B:$AZ,G$62,0)=0,"-",VLOOKUP($B$8,tmofM!$B:$AZ,G$62,0)) -> 15.376584 | H72: =IF(VLOOKUP($B$8,tmofM!$B:$AZ,H$62,0)=0,"-",VLOOKUP($B$8,tmofM!$B:$AZ,H$62,0)) -> 16.750936 | I72: =IF(VLOOKUP($B$8,tmofM!$B:$AZ,I$62,0)=0,"-",VLOOKUP($B$8,tmofM!$B:$AZ,I$62,0)) -> 17.833835 | ... V72: =IF(VLOOKUP($B$8,tmofM!$B:$AZ,V$62,0)=0,"-",VLOOKUP($B$8,tmofM!$B:$AZ,V$62,0)) -> 15.462796
A75: Résultats des établissements à 450 000 entrées annuelles
B76: 2 | C76: 3 | D76: 4 | E76: 5 | F76: 6 | G76: 7 | H76: 8 | I76: 9 | J76: 10 | K76: 11 | L76: 12 | M76: 13 | N76: 14 | O76: 15 | P76: 16 | Q76: 17 | R76: 18 | S76: 19 | T76: 20 | U76: 21 | V76: 22
B77: 2004 | C77: 2005 | D77: 2006 | E77: 2007 | F77: 2008 | G77: 2009 | H77: 2010 | I77: 2011 | J77: 2012 | K77: 2013 | L77: 2014 | M77: 2015 | N77: 2016 | O77: 2017 | P77: 2018 | Q77: 2019 | R77: 2020 | S77: 2021 | T77: 2022 | U77: 2023 | V77: 2024
A78: établissements | B78: =IF(VLOOKUP($B$8,étabG!$B:$BA,B$76,0)=0,"-",VLOOKUP($B$8,étabG!$B:$BA,B$76,0)) | C78: =IF(VLOOKUP($B$8,étabG!$B:$BA,C$76,0)=0,"-",VLOOKUP($B$8,étabG!$B:$BA,C$76,0)) | D78: =IF(VLOOKUP($B$8,étabG!$B:$BA,D$76,0)=0,"-",VLOOKUP($B$8,étabG!$B:$BA,D$76,0)) | E78: =IF(VLOOKUP($B$8,étabG!$B:$BA,E$76,0)=0,"-",VLOOKUP($B$8,étabG!$B:$BA,E$76,0)) | F78: =IF(VLOOKUP($B$8,étabG!$B:$BA,F$76,0)=0,"-",VLOOKUP($B$8,étabG!$B:$BA,F$76,0)) | G78: =IF(VLOOKUP($B$8,étabG!$B:$BA,G$76,0)=0,"-",VLOOKUP($B$8,étabG!$B:$BA,G$76,0)) | H78: =IF(VLOOKUP($B$8,étabG!$B:$BA,H$76,0)=0,"-",VLOOKUP($B$8,étabG!$B:$BA,H$76,0)) | I78: =IF(VLOOKUP($B$8,étabG!$B:$BA,I$76,0)=0,"-",VLOOKUP($B$8,étabG!$B:$BA,I$76,0)) | ... V78: =IF(VLOOKUP($B$8,étabG!$B:$BA,V$76,0)=0,"-",VLOOKUP($B$8,étabG!$B:$BA,V$76,0))
A79: écrans | B79: =IF(VLOOKUP($B$8,écransG!$B:$BA,B$76,0)=0,"-",VLOOKUP($B$8,écransG!$B:$BA,B$76,0)) | C79: =IF(VLOOKUP($B$8,écransG!$B:$BA,C$76,0)=0,"-",VLOOKUP($B$8,écransG!$B:$BA,C$76,0)) | D79: =IF(VLOOKUP($B$8,écransG!$B:$BA,D$76,0)=0,"-",VLOOKUP($B$8,écransG!$B:$BA,D$76,0)) | E79: =IF(VLOOKUP($B$8,écransG!$B:$BA,E$76,0)=0,"-",VLOOKUP($B$8,écransG!$B:$BA,E$76,0)) | F79: =IF(VLOOKUP($B$8,écransG!$B:$BA,F$76,0)=0,"-",VLOOKUP($B$8,écransG!$B:$BA,F$76,0)) | G79: =IF(VLOOKUP($B$8,écransG!$B:$BA,G$76,0)=0,"-",VLOOKUP($B$8,écransG!$B:$BA,G$76,0)) | H79: =IF(VLOOKUP($B$8,écransG!$B:$BA,H$76,0)=0,"-",VLOOKUP($B$8,écransG!$B:$BA,H$76,0)) | I79: =IF(VLOOKUP($B$8,écransG!$B:$BA,I$76,0)=0,"-",VLOOKUP($B$8,écransG!$B:$BA,I$76,0)) | ... V79: =IF(VLOOKUP($B$8,écransG!$B:$BA,V$76,0)=0,"-",VLOOKUP($B$8,écransG!$B:$BA,V$76,0))
A80: fauteuils | B80: =IF(VLOOKUP($B$8,fauteuilsG!$B:$BA,B$76,0)=0,"-",VLOOKUP($B$8,fauteuilsG!$B:$BA,B$76,0)) | C80: =IF(VLOOKUP($B$8,fauteuilsG!$B:$BA,C$76,0)=0,"-",VLOOKUP($B$8,fauteuilsG!$B:$BA,C$76,0)) | D80: =IF(VLOOKUP($B$8,fauteuilsG!$B:$BA,D$76,0)=0,"-",VLOOKUP($B$8,fauteuilsG!$B:$BA,D$76,0)) | E80: =IF(VLOOKUP($B$8,fauteuilsG!$B:$BA,E$76,0)=0,"-",VLOOKUP($B$8,fauteuilsG!$B:$BA,E$76,0)) | F80: =IF(VLOOKUP($B$8,fauteuilsG!$B:$BA,F$76,0)=0,"-",VLOOKUP($B$8,fauteuilsG!$B:$BA,F$76,0)) | G80: =IF(VLOOKUP($B$8,fauteuilsG!$B:$BA,G$76,0)=0,"-",VLOOKUP($B$8,fauteuilsG!$B:$BA,G$76,0)) | H80: =IF(VLOOKUP($B$8,fauteuilsG!$B:$BA,H$76,0)=0,"-",VLOOKUP($B$8,fauteuilsG!$B:$BA,H$76,0)) | I80: =IF(VLOOKUP($B$8,fauteuilsG!$B:$BA,I$76,0)=0,"-",VLOOKUP($B$8,fauteuilsG!$B:$BA,I$76,0)) | ... V80: =IF(VLOOKUP($B$8,fauteuilsG!$B:$BA,V$76,0)=0,"-",VLOOKUP($B$8,fauteuilsG!$B:$BA,V$76,0))
A81: séances (milliers) | B81: =IF(VLOOKUP($B$8,séancesG!$B:$BA,B$76,0)=0,"-",VLOOKUP($B$8,séancesG!$B:$BA,B$76,0)) | C81: =IF(VLOOKUP($B$8,séancesG!$B:$BA,C$76,0)=0,"-",VLOOKUP($B$8,séancesG!$B:$BA,C$76,0)) | D81: =IF(VLOOKUP($B$8,séancesG!$B:$BA,D$76,0)=0,"-",VLOOKUP($B$8,séancesG!$B:$BA,D$76,0)) | E81: =IF(VLOOKUP($B$8,séancesG!$B:$BA,E$76,0)=0,"-",VLOOKUP($B$8,séancesG!$B:$BA,E$76,0)) | F81: =IF(VLOOKUP($B$8,séancesG!$B:$BA,F$76,0)=0,"-",VLOOKUP($B$8,séancesG!$B:$BA,F$76,0)) | G81: =IF(VLOOKUP($B$8,séancesG!$B:$BA,G$76,0)=0,"-",VLOOKUP($B$8,séancesG!$B:$BA,G$76,0)) | H81: =IF(VLOOKUP($B$8,séancesG!$B:$BA,H$76,0)=0,"-",VLOOKUP($B$8,séancesG!$B:$BA,H$76,0)) | I81: =IF(VLOOKUP($B$8,séancesG!$B:$BA,I$76,0)=0,"-",VLOOKUP($B$8,séancesG!$B:$BA,I$76,0)) | ... V81: =IF(VLOOKUP($B$8,séancesG!$B:$BA,V$76,0)=0,"-",VLOOKUP($B$8,séancesG!$B:$BA,V$76,0))
A82: entrées (millions) | B82: =IF(VLOOKUP($B$8,entréesG!$B:$AZ,B$76,0)=0,"-",VLOOKUP($B$8,entréesG!$B:$AZ,B$76,0)) | C82: =IF(VLOOKUP($B$8,entréesG!$B:$AZ,C$76,0)=0,"-",VLOOKUP($B$8,entréesG!$B:$AZ,C$76,0)) | D82: =IF(VLOOKUP($B$8,entréesG!$B:$AZ,D$76,0)=0,"-",VLOOKUP($B$8,entréesG!$B:$AZ,D$76,0)) | E82: =IF(VLOOKUP($B$8,entréesG!$B:$AZ,E$76,0)=0,"-",VLOOKUP($B$8,entréesG!$B:$AZ,E$76,0)) | F82: =IF(VLOOKUP($B$8,entréesG!$B:$AZ,F$76,0)=0,"-",VLOOKUP($B$8,entréesG!$B:$AZ,F$76,0)) | G82: =IF(VLOOKUP($B$8,entréesG!$B:$AZ,G$76,0)=0,"-",VLOOKUP($B$8,entréesG!$B:$AZ,G$76,0)) | H82: =IF(VLOOKUP($B$8,entréesG!$B:$AZ,H$76,0)=0,"-",VLOOKUP($B$8,entréesG!$B:$AZ,H$76,0)) | I82: =IF(VLOOKUP($B$8,entréesG!$B:$AZ,I$76,0)=0,"-",VLOOKUP($B$8,entréesG!$B:$AZ,I$76,0)) | ... V82: =IF(VLOOKUP($B$8,entréesG!$B:$AZ,V$76,0)=0,"-",VLOOKUP($B$8,entréesG!$B:$AZ,V$76,0))
A83: recettes (M€) | B83: =IF(VLOOKUP($B$8,recettesG!$B:$AZ,B$76,0)=0,"-",VLOOKUP($B$8,recettesG!$B:$AZ,B$76,0)) | C83: =IF(VLOOKUP($B$8,recettesG!$B:$AZ,C$76,0)=0,"-",VLOOKUP($B$8,recettesG!$B:$AZ,C$76,0)) | D83: =IF(VLOOKUP($B$8,recettesG!$B:$AZ,D$76,0)=0,"-",VLOOKUP($B$8,recettesG!$B:$AZ,D$76,0)) | E83: =IF(VLOOKUP($B$8,recettesG!$B:$AZ,E$76,0)=0,"-",VLOOKUP($B$8,recettesG!$B:$AZ,E$76,0)) | F83: =IF(VLOOKUP($B$8,recettesG!$B:$AZ,F$76,0)=0,"-",VLOOKUP($B$8,recettesG!$B:$AZ,F$76,0)) | G83: =IF(VLOOKUP($B$8,recettesG!$B:$AZ,G$76,0)=0,"-",VLOOKUP($B$8,recettesG!$B:$AZ,G$76,0)) | H83: =IF(VLOOKUP($B$8,recettesG!$B:$AZ,H$76,0)=0,"-",VLOOKUP($B$8,recettesG!$B:$AZ,H$76,0)) | I83: =IF(VLOOKUP($B$8,recettesG!$B:$AZ,I$76,0)=0,"-",VLOOKUP($B$8,recettesG!$B:$AZ,I$76,0)) | ... V83: =IF(VLOOKUP($B$8,recettesG!$B:$AZ,V$76,0)=0,"-",VLOOKUP($B$8,recettesG!$B:$AZ,V$76,0))
A84: RME (€) | B84: =IF(VLOOKUP($B$8,RMEG!$B:$AZ,B$76,0)=0,"-",VLOOKUP($B$8,RMEG!$B:$AZ,B$76,0)) | C84: =IF(VLOOKUP($B$8,RMEG!$B:$AZ,C$76,0)=0,"-",VLOOKUP($B$8,RMEG!$B:$AZ,C$76,0)) | D84: =IF(VLOOKUP($B$8,RMEG!$B:$AZ,D$76,0)=0,"-",VLOOKUP($B$8,RMEG!$B:$AZ,D$76,0)) | E84: =IF(VLOOKUP($B$8,RMEG!$B:$AZ,E$76,0)=0,"-",VLOOKUP($B$8,RMEG!$B:$AZ,E$76,0)) | F84: =IF(VLOOKUP($B$8,RMEG!$B:$AZ,F$76,0)=0,"-",VLOOKUP($B$8,RMEG!$B:$AZ,F$76,0)) | G84: =IF(VLOOKUP($B$8,RMEG!$B:$AZ,G$76,0)=0,"-",VLOOKUP($B$8,RMEG!$B:$AZ,G$76,0)) | H84: =IF(VLOOKUP($B$8,RMEG!$B:$AZ,H$76,0)=0,"-",VLOOKUP($B$8,RMEG!$B:$AZ,H$76,0)) | I84: =IF(VLOOKUP($B$8,RMEG!$B:$AZ,I$76,0)=0,"-",VLOOKUP($B$8,RMEG!$B:$AZ,I$76,0)) | ... V84: =IF(VLOOKUP($B$8,RMEG!$B:$AZ,V$76,0)=0,"-",VLOOKUP($B$8,RMEG!$B:$AZ,V$76,0))
A85: indice de fréquentation | B85: =IF(VLOOKUP($B$8,'indice de fréquentationG'!$B:$BA,B$76,0)=0,"-",VLOOKUP($B$8,'indice de fréquentationG'!$B:$BA,B$76,0)) | C85: =IF(VLOOKUP($B$8,'indice de fréquentationG'!$B:$BA,C$76,0)=0,"-",VLOOKUP($B$8,'indice de fréquentationG'!$B:$BA,C$76,0)) | D85: =IF(VLOOKUP($B$8,'indice de fréquentationG'!$B:$BA,D$76,0)=0,"-",VLOOKUP($B$8,'indice de fréquentationG'!$B:$BA,D$76,0)) | E85: =IF(VLOOKUP($B$8,'indice de fréquentationG'!$B:$BA,E$76,0)=0,"-",VLOOKUP($B$8,'indice de fréquentationG'!$B:$BA,E$76,0)) | F85: =IF(VLOOKUP($B$8,'indice de fréquentationG'!$B:$BA,F$76,0)=0,"-",VLOOKUP($B$8,'indice de fréquentationG'!$B:$BA,F$76,0)) | G85: =IF(VLOOKUP($B$8,'indice de fréquentationG'!$B:$BA,G$76,0)=0,"-",VLOOKUP($B$8,'indice de fréquentationG'!$B:$BA,G$76,0)) | H85: =IF(VLOOKUP($B$8,'indice de fréquentationG'!$B:$BA,H$76,0)=0,"-",VLOOKUP($B$8,'indice de fréquentationG'!$B:$BA,H$76,0)) | I85: =IF(VLOOKUP($B$8,'indice de fréquentationG'!$B:$BA,I$76,0)=0,"-",VLOOKUP($B$8,'indice de fréquentationG'!$B:$BA,I$76,0)) | ... V85: =IF(VLOOKUP($B$8,'indice de fréquentationG'!$B:$BA,V$76,0)=0,"-",VLOOKUP($B$8,'indice de fréquentationG'!$B:$BA,V$76,0))
A86: taux d'occupation des fauteuils (%) | B86: =IF(VLOOKUP($B$8,tmofG!$B:$AZ,B$76,0)=0,"-",VLOOKUP($B$8,tmofG!$B:$AZ,B$76,0)) | C86: =IF(VLOOKUP($B$8,tmofG!$B:$AZ,C$76,0)=0,"-",VLOOKUP($B$8,tmofG!$B:$AZ,C$76,0)) | D86: =IF(VLOOKUP($B$8,tmofG!$B:$AZ,D$76,0)=0,"-",VLOOKUP($B$8,tmofG!$B:$AZ,D$76,0)) | E86: =IF(VLOOKUP($B$8,tmofG!$B:$AZ,E$76,0)=0,"-",VLOOKUP($B$8,tmofG!$B:$AZ,E$76,0)) | F86: =IF(VLOOKUP($B$8,tmofG!$B:$AZ,F$76,0)=0,"-",VLOOKUP($B$8,tmofG!$B:$AZ,F$76,0)) | G86: =IF(VLOOKUP($B$8,tmofG!$B:$AZ,G$76,0)=0,"-",VLOOKUP($B$8,tmofG!$B:$AZ,G$76,0)) | H86: =IF(VLOOKUP($B$8,tmofG!$B:$AZ,H$76,0)=0,"-",VLOOKUP($B$8,tmofG!$B:$AZ,H$76,0)) | I86: =IF(VLOOKUP($B$8,tmofG!$B:$AZ,I$76,0)=0,"-",VLOOKUP($B$8,tmofG!$B:$AZ,I$76,0)) | ... V86: =IF(VLOOKUP($B$8,tmofG!$B:$AZ,V$76,0)=0,"-",VLOOKUP($B$8,tmofG!$B:$AZ,V$76,0))

Sheet établissements
A2: Retour au menu "Départements"
A5: Etablissements par département
C7: 1966 | D7: 1967 | E7: 1968 | F7: 1969 | G7: 1970 | H7: 1971 | I7: 1972 | J7: 1973 | K7: 1974 | L7: 1975 | M7: 1976 | N7: 1977 | O7: 1978 | P7: 1979 | Q7: 1980 | R7: 1981 | S7: 1982 | T7: 1983 | U7: 1984 | V7: 1985 | W7: 1986 | X7: 1987 | Y7: 1988 | Z7: 1989 | AA7: 1990 | AB7: 1991 | AC7: 1992 | AD7: 1993 | AE7: 1994 | AF7: 1995 | AG7: 1996 | AH7: 1997 | AI7: 1998 | AJ7: 1999 | AK7: 2000 | AL7: 2001 | AM7: 2002 | AN7: 2003 | AO7: 2004 | AP7: 2005 | AQ7: 2006 | AR7: 2007 | AS7: 2008 | AT7: 2009 | AU7: 2010 | AV7: 2011 | AW7: 2012 | AX7: 2013 | AY7: 2014 | AZ7: 2015 | BA7: 2016 | BB7: 2017 | BC7: 2018 | BD7: 2019 | BE7: 2020 | BF7: 2021 | BG7: 2022 | BH7: 2023 | BI7: 2024
A8: 01 | B8: AIN | AC8: 20 | AD8: 19 | AE8: 17 | AF8: 18 | AG8: 19 | AH8: 19 | AI8: 19 | AJ8: 21 | AK8: 21 | AL8: 21 | AM8: 20 | AN8: 20 | AO8: 20 | AP8: 20 | AQ8: 20 | AR8: 20 | AS8: 22 | AT8: 21 | AU8: 20 | AV8: 18 | AW8: 17 | AX8: 18 | AY8: 18 | AZ8: 18 | BA8: 18 | BB8: 19 | BC8: 19 | BD8: 21 | BE8: 21 | BF8: 21 | BG8: 21 | BH8: 20 | BI8: 20
A9: 02 | B9: AISNE | AC9: 15 | AD9: 15 | AE9: 15 | AF9: 16 | AG9: 17 | AH9: 15 | AI9: 15 | AJ9: 15 | AK9: 15 | AL9: 15 | AM9: 15 | AN9: 15 | AO9: 15 | AP9: 15 | AQ9: 15 | AR9: 15 | AS9: 15 | AT9: 15 | AU9: 15 | AV9: 15 | AW9: 15 | AX9: 15 | AY9: 15 | AZ9: 15 | BA9: 15 | BB9: 15 | BC9: 15 | BD9: 15 | BE9: 15 | BF9: 15 | BG9: 15 | BH9: 15 | BI9: 15
A10: 03 | B10: ALLIER | AC10: 15 | AD10: 15 | AE10: 14 | AF10: 14 | AG10: 14 | AH10: 14 | AI10: 14 | AJ10: 14 | AK10: 11 | AL10: 11 | AM10: 11 | AN10: 12 | AO10: 13 | AP10: 10 | AQ10: 10 | AR10: 10 | AS10: 10 | AT10: 10 | AU10: 10 | AV10: 9 | AW10: 8 | AX10: 8 | AY10: 7 | AZ10: 7 | BA10: 8 | BB10: 8 | BC10: 8 | BD10: 8 | BE10: 8 | BF10: 8 | BG10: 8 | BH10: 8 | BI10: 8
A11: 04 | B11: ALPES-DE-HAUTE-PROVENCE | AC11: 12 | AD11: 13 | AE11: 14 | AF11: 13 | AG11: 12 | AH11: 15 | AI11: 14 | AJ11: 14 | AK11: 14 | AL11: 15 | AM11: 15 | AN11: 15 | AO11: 15 | AP11: 15 | AQ11: 15 | AR11: 13 | AS11: 13 | AT11: 13 | AU11: 13 | AV11: 13 | AW11: 13 | AX11: 13 | AY11: 13 | AZ11: 13 | BA11: 13 | BB11: 14 | BC11: 14 | BD11: 14 | BE11: 14 | BF11: 13 | BG11: 13 | BH11: 12 | BI11: 13
A12: 05 | B12: HAUTES-ALPES | AC12: 21 | AD12: 21 | AE12: 20 | AF12: 21 | AG12: 24 | AH12: 24 | AI12: 24 | AJ12: 24 | AK12: 23 | AL12: 23 | AM12: 23 | AN12: 22 | AO12: 24 | AP12: 22 | AQ12: 22 | AR12: 22 | AS12: 22 | AT12: 22 | AU12: 22 | AV12: 22 | AW12: 22 | AX12: 23 | AY12: 22 | AZ12: 22 | BA12: 23 | BB12: 23 | BC12: 23 | BD12: 23 | BE12: 23 | BF12: 21 | BG12: 21 | BH12: 20 | BI12: 19
A13: 06 | B13: ALPES-MARITIMES | AC13: 33 | AD13: 32 | AE13: 31 | AF13: 31 | AG13: 36 | AH13: 32 | AI13: 34 | AJ13: 34 | AK13: 37 | AL13: 38 | AM13: 42 | AN13: 40 | AO13: 42 | AP13: 42 | AQ13: 42 | AR13: 41 | AS13: 41 | AT13: 42 | AU13: 41 | AV13: 40 | AW13: 39 | AX13: 42 | AY13: 43 | AZ13: 44 | BA13: 43 | BB13: 43 | BC13: 45 | BD13: 43 | BE13: 42 | BF13: 44 | BG13: 45 | BH13: 45 | BI13: 45
A14: 07 | B14: ARDECHE | AC14: 21 | AD14: 20 | AE14: 20 | AF14: 20 | AG14: 20 | AH14: 20 | AI14: 20 | AJ14: 22 | AK14: 22 | AL14: 23 | AM14: 23 | AN14: 22 | AO14: 23 | AP14: 22 | AQ14: 23 | AR14: 23 | AS14: 23 | AT14: 22 | AU14: 23 | AV14: 21 | AW14: 22 | AX14: 20 | AY14: 20 | AZ14: 21 | BA14: 20 | BB14: 19 | BC14: 19 | BD14: 19 | BE14: 18 | BF14: 19 | BG14: 19 | BH14: 19 | BI14: 19
A15: 08 | B15: ARDENNES | AC15: 6 | AD15: 6 | AE15: 7 | AF15: 7 | AG15: 7 | AH15: 7 | AI15: 7 | AJ15: 7 | AK15: 7 | AL15: 7 | AM15: 7 | AN15: 7 | AO15: 6 | AP15: 6 | AQ15: 6 | AR15: 5 | AS15: 5 | AT15: 6 | AU15: 6 | AV15: 6 | AW15: 6 | AX15: 6 | AY15: 5 | AZ15: 5 | BA15: 5 | BB15: 5 | BC15: 5 | BD15: 5 | BE15: 5 | BF15: 5 | BG15: 5 | BH15: 5 | BI15: 5
A16: 09 | B16: ARIEGE | AC16: 9 | AD16: 9 | AE16: 10 | AF16: 10 | AG16: 9 | AH16: 9 | AI16: 9 | AJ16: 10 | AK16: 10 | AL16: 10 | AM16: 10 | AN16: 10 | AO16: 10 | AP16: 11 | AQ16: 11 | AR16: 11 | AS16: 11 | AT16: 11 | AU16: 11 | AV16: 11 | AW16: 11 | AX16: 11 | AY16: 11 | AZ16: 11 | BA16: 11 | BB16: 11 | BC16: 11 | BD16: 11 | BE16: 11 | BF16: 11 | BG16: 10 | BH16: 10 | BI16: 10
A17: 10 | B17: AUBE | AC17: 6 | AD17: 6 | AE17: 6 | AF17: 6 | AG17: 6 | AH17: 6 | AI17: 6 | AJ17: 6 | AK17: 5 | AL17: 5 | AM17: 5 | AN17: 5 | AO17: 5 | AP17: 4 | AQ17: 4 | AR17: 4 | AS17: 4 | AT17: 4 | AU17: 4 | AV17: 4 | AW17: 4 | AX17: 4 | AY17: 4 | AZ17: 4 | BA17: 4 | BB17: 4 | BC17: 4 | BD17: 4 | BE17: 4 | BF17: 4 | BG17: 6 | BH17: 5 | BI17: 5
A18: 11 | B18: AUDE | AC18: 12 | AD18: 12 | AE18: 14 | AF18: 14 | AG18: 15 | AH18: 13 | AI18: 12 | AJ18: 15 | AK18: 14 | AL18: 15 | AM18: 15 | AN18: 14 | AO18: 12 | AP18: 13 | AQ18: 11 | AR18: 11 | AS18: 11 | AT18: 12 | AU18: 11 | AV18: 11 | AW18: 11 | AX18: 11 | AY18: 11 | AZ18: 11 | BA18: 11 | BB18: 11 | BC18: 11 | BD18: 11 | BE18: 11 | BF18: 11 | BG18: 11 | BH18: 11 | BI18: 11
A19: 12 | B19: AVEYRON | AC19: 13 | AD19: 13 | AE19: 12 | AF19: 12 | AG19: 12 | AH19: 14 | AI19: 14 | AJ19: 15 | AK19: 14 | AL19: 15 | AM19: 16 | AN19: 16 | AO19: 16 | AP19: 15 | AQ19: 16 | AR19: 16 | AS19: 15 | AT19: 15 | AU19: 15 | AV19: 15 | AW19: 15 | AX19: 14 | AY19: 15 | AZ19: 15 | BA19: 15 | BB19: 15 | BC19: 15 | BD19: 15 | BE19: 16 | BF19: 16 | BG19: 17 | BH19: 17 | BI19: 17
... A103: 95 | B103: VAL-D'OISE | AC103: 23 | AD103: 23 | AE103: 20 | AF103: 23 | AG103: 23 | AH103: 23 | AI103: 23 | AJ103: 23 | AK103: 22 | AL103: 23 | AM103: 22 | AN103: 22 | AO103: 23 | AP103: 22 | AQ103: 22 | AR103: 23 | AS103: 23 | AT103: 24 | AU103: 24 | AV103: 24 | AW103: 24 | AX103: 23 | AY103: 23 | AZ103: 24 | BA103: 26 | BB103: 28 | BC103: 27 | BD103: 28 | BE103: 28 | BF103: 27 | BG103: 29 | BH103: 29 | BI103: 29
B104: TOTAL | C104: =SUM(C8:C103) -> 0 | D104: =SUM(D8:D103) -> 0 | E104: =SUM(E8:E103) -> 0 | F104: =SUM(F8:F103) -> 0 | G104: =SUM(G8:G103) -> 0 | H104: =SUM(H8:H103) -> 0 | I104: =SUM(I8:I103) -> 0 | J104: =SUM(J8:J103) -> 0 | ... AF104: =SUM(AF8:AF103) -> 2119 | AG104: 2141 | AH104: 2142 | AI104: 2146 | AJ104: 2173 | AK104: 2160 | AL104: 2152 | AM104: 2143 | AN104: 2129 | AO104: 2101 | AP104: 2080 | AQ104: 2066 | AR104: 2056 | AS104: 2072 | AT104: 2073 | AU104: 2050 | AV104: 2034 | AW104: 2035 | AX104: 2027 | AY104: 2020 | AZ104: 2033 | BA104: 2044 | BB104: 2046 | BC104: 2040 | BD104: 2045 | BE104: 2041 | BF104: 2030 | BG104: 2061 | BH104: 2058 | BI104: 2053

Sheet écrans
A2: Retour au menu "Départements"
A5: Ecrans par département
C7: 1966 | D7: 1967 | E7: 1968 | F7: 1969 | G7: 1970 | H7: 1971 | I7: 1972 | J7: 1973 | K7: 1974 | L7: 1975 | M7: 1976 | N7: 1977 | O7: 1978 | P7: 1979 | Q7: 1980 | R7: 1981 | S7: 1982 | T7: 1983 | U7: 1984 | V7: 1985 | W7: 1986 | X7: 1987 | Y7: 1988 | Z7: 1989 | AA7: 1990 | AB7: 1991 | AC7: 1992 | AD7: 1993 | AE7: 1994 | AF7: 1995 | AG7: 1996 | AH7: 1997 | AI7: 1998 | AJ7: 1999 | AK7: 2000 | AL7: 2001 | AM7: 2002 | AN7: 2003 | AO7: 2004 | AP7: 2005 | AQ7: 2006 | AR7: 2007 | AS7: 2008 | AT7: 2009 | AU7: 2010 | AV7: 2011 | AW7: 2012 | AX7: 2013 | AY7: 2014 | AZ7: 2015 | BA7: 2016 | BB7: 2017 | BC7: 2018 | BD7: 2019 | BE7: 2020 | BF7: 2021 | BG7: 2022 | BH7: 2023 | BI7: 2024
A8: 01 | B8: AIN | C8: 35 | D8: 34 | E8: 33 | F8: 32 | G8: 28 | H8: 27 | I8: 26 | J8: 25 | K8: 25 | L8: 24 | M8: 23 | N8: 22 | O8: 24 | P8: 21 | Q8: 19 | R8: 26 | S8: 28 | T8: 30 | U8: 36 | V8: 37 | W8: 36 | X8: 37 | Y8: 39 | Z8: 39 | AA8: 38 | AB8: 37 | AC8: 36 | AD8: 35 | AE8: 33 | AF8: 34 | AG8: 35 | AH8: 35 | AI8: 35 | AJ8: 39 | AK8: 36 | AL8: 36 | AM8: 35 | AN8: 35 | AO8: 35 | AP8: 37 | AQ8: 37 | AR8: 37 | AS8: 47 | AT8: 42 | AU8: 41 | AV8: 39 | AW8: 38 | AX8: 39 | AY8: 38 | AZ8: 38 | BA8: 38 | BB8: 39 | BC8: 39 | BD8: 41 | BE8: 41 | BF8: 41 | BG8: 41 | BH8: 40 | BI8: 40
A9: 02 | B9: AISNE | C9: 33 | D9: 31 | E9: 29 | F9: 27 | G9: 26 | H9: 25 | I9: 30 | J9: 30 | K9: 31 | L9: 32 | M9: 31 | N9: 31 | O9: 34 | P9: 37 | Q9: 34 | R9: 32 | S9: 32 | T9: 35 | U9: 35 | V9: 37 | W9: 36 | X9: 38 | Y9: 38 | Z9: 37 | AA9: 37 | AB9: 37 | AC9: 36 | AD9: 36 | AE9: 36 | AF9: 37 | AG9: 39 | AH9: 37 | AI9: 38 | AJ9: 38 | AK9: 38 | AL9: 38 | AM9: 38 | AN9: 38 | AO9: 39 | AP9: 39 | AQ9: 38 | AR9: 43 | AS9: 44 | AT9: 43 | AU9: 43 | AV9: 43 | AW9: 43 | AX9: 43 | AY9: 43 | AZ9: 43 | BA9: 43 | BB9: 43 | BC9: 43 | BD9: 44 | BE9: 43 | BF9: 43 | BG9: 43 | BH9: 42 | BI9: 42
A10: 03 | B10: ALLIER | C10: 39 | D10: 38 | E10: 40 | F10: 39 | G10: 36 | H10: 35 | I10: 34 | J10: 35 | K10: 34 | L10: 33 | M10: 37 | N10: 36 | O10: 31 | P10: 31 | Q10: 32 | R10: 34 | S10: 34 | T10: 34 | U10: 40 | V10: 41 | W10: 43 | X10: 44 | Y10: 40 | Z10: 36 | AA10: 33 | AB10: 33 | AC10: 31 | AD10: 31 | AE10: 30 | AF10: 30 | AG10: 30 | AH10: 30 | AI10: 30 | AJ10: 29 | AK10: 28 | AL10: 28 | AM10: 28 | AN10: 29 | AO10: 36 | AP10: 27 | AQ10: 27 | AR10: 27 | AS10: 27 | AT10: 27 | AU10: 24 | AV10: 27 | AW10: 26 | AX10: 26 | AY10: 25 | AZ10: 25 | BA10: 26 | BB10: 26 | BC10: 26 | BD10: 26 | BE10: 26 | BF10: 26 | BG10: 26 | BH10: 26 | BI10: 26
A11: 04 | B11: ALPES-DE-HAUTE-PROVENCE | C11: 89 | D11: 21 | E11: 20 | F11: 18 | G11: 18 | H11: 19 | I11: 18 | J11: 17 | K11: 18 | L11: 20 | M11: 19 | N11: 20 | O11: 21 | P11: 20 | Q11: 18 | R11: 19 | S11: 21 | T11: 26 | U11: 30 | V11: 31 | W11: 34 | X11: 29 | Y11: 29 | Z11: 24 | AA11: 23 | AB11: 21 | AC11: 20 | AD11: 21 | AE11: 22 | AF11: 21 | AG11: 20 | AH11: 23 | AI11: 22 | AJ11: 22 | AK11: 22 | AL11: 23 | AM11: 23 | AN11: 23 | AO11: 23 | AP11: 23 | AQ11: 25 | AR11: 23 | AS11: 23 | AT11: 23 | AU11: 23 | AV11: 23 | AW11: 23 | AX11: 23 | AY11: 24 | AZ11: 24 | BA11: 24 | BB11: 25 | BC11: 29 | BD11: 29 | BE11: 29 | BF11: 28 | BG11: 28 | BH11: 27 | BI11: 28
A12: 05 | B12: HAUTES-ALPES | C12: 22 | D12: 16 | E12: 16 | F12: 15 | G12: 15 | H12: 16 | I12: 16 | J12: 16 | K12: 16 | L12: 16 | M12: 16 | N12: 16 | O12: 17 | P12: 19 | Q12: 18 | R12: 17 | S12: 20 | T12: 24 | U12: 27 | V12: 29 | W12: 30 | X12: 29 | Y12: 27 | Z12: 27 | AA12: 27 | AB12: 27 | AC12: 26 | AD12: 27 | AE12: 27 | AF12: 29 | AG12: 32 | AH12: 34 | AI12: 34 | AJ12: 35 | AK12: 35 | AL12: 35 | AM12: 35 | AN12: 34 | AO12: 36 | AP12: 34 | AQ12: 34 | AR12: 34 | AS12: 34 | AT12: 34 | AU12: 34 | AV12: 34 | AW12: 34 | AX12: 35 | AY12: 34 | AZ12: 34 | BA12: 35 | BB12: 35 | BC12: 35 | BD12: 38 | BE12: 38 | BF12: 34 | BG12: 34 | BH12: 33 | BI12: 32
A13: 06 | B13: ALPES-MARITIMES | C13: 16 | D13: 87 | E13: 88 | F13: 87 | G13: 84 | H13: 85 | I13: 84 | J13: 78 | K13: 78 | L13: 79 | M13: 85 | N13: 92 | O13: 101 | P13: 105 | Q13: 95 | R13: 104 | S13: 109 | T13: 113 | U13: 124 | V13: 127 | W13: 127 | X13: 120 | Y13: 113 | Z13: 108 | AA13: 95 | AB13: 88 | AC13: 74 | AD13: 74 | AE13: 72 | AF13: 72 | AG13: 77 | AH13: 72 | AI13: 75 | AJ13: 84 | AK13: 87 | AL13: 90 | AM13: 94 | AN13: 92 | AO13: 93 | AP13: 93 | AQ13: 93 | AR13: 92 | AS13: 93 | AT13: 94 | AU13: 96 | AV13: 95 | AW13: 94 | AX13: 97 | AY13: 99 | AZ13: 109 | BA13: 110 | BB13: 107 | BC13: 117 | BD13: 115 | BE13: 110 | BF13: 130 | BG13: 133 | BH13: 132 | BI13: 141
A14: 07 | B14: ARDECHE | C14: 24 | D14: 24 | E14: 24 | F14: 24 | G14: 22 | H14: 21 | I14: 21 | J14: 21 | K14: 21 | L14: 21 | M14: 21 | N14: 22 | O14: 20 | P14: 21 | Q14: 21 | R14: 28 | S14: 33 | T14: 37 | U14: 39 | V14: 42 | W14: 42 | X14: 43 | Y14: 41 | Z14: 40 | AA14: 42 | AB14: 36 | AC14: 32 | AD14: 31 | AE14: 31 | AF14: 31 | AG14: 31 | AH14: 31 | AI14: 31 | AJ14: 33 | AK14: 33 | AL14: 34 | AM14: 34 | AN14: 33 | AO14: 34 | AP14: 33 | AQ14: 34 | AR14: 34 | AS14: 34 | AT14: 33 | AU14: 34 | AV14: 32 | AW14: 34 | AX14: 32 | AY14: 32 | AZ14: 33 | BA14: 32 | BB14: 32 | BC14: 32 | BD14: 33 | BE14: 32 | BF14: 34 | BG14: 34 | BH14: 34 | BI14: 34
A15: 08 | B15: ARDENNES | C15: 23 | D15: 22 | E15: 22 | F15: 21 | G15: 22 | H15: 20 | I15: 19 | J15: 19 | K15: 22 | L15: 22 | M15: 23 | N15: 17 | O15: 18 | P15: 17 | Q15: 16 | R15: 17 | S15: 17 | T15: 17 | U15: 15 | V15: 15 | W15: 14 | X15: 13 | Y15: 15 | Z15: 14 | AA15: 14 | AB15: 14 | AC15: 13 | AD15: 13 | AE15: 15 | AF15: 15 | AG15: 15 | AH15: 15 | AI15: 15 | AJ15: 15 | AK15: 15 | AL15: 15 | AM15: 15 | AN15: 15 | AO15: 19 | AP15: 19 | AQ15: 19 | AR15: 16 | AS15: 16 | AT15: 19 | AU15: 19 | AV15: 19 | AW15: 19 | AX15: 19 | AY15: 18 | AZ15: 18 | BA15: 18 | BB15: 18 | BC15: 18 | BD15: 18 | BE15: 18 | BF15: 18 | BG15: 18 | BH15: 18 | BI15: 18
A16: 09 | B16: ARIEGE | C16: 19 | D16: 19 | E16: 18 | F16: 12 | G16: 11 | H16: 11 | I16: 11 | J16: 11 | K16: 11 | L16: 10 | M16: 10 | N16: 9 | O16: 9 | P16: 10 | Q16: 10 | R16: 11 | S16: 10 | T16: 12 | U16: 11 | V16: 10 | W16: 10 | X16: 10 | Y16: 9 | Z16: 5 | AA16: 8 | AB16: 8 | AC16: 9 | AD16: 9 | AE16: 10 | AF16: 10 | AG16: 9 | AH16: 9 | AI16: 10 | AJ16: 11 | AK16: 11 | AL16: 11 | AM16: 11 | AN16: 11 | AO16: 11 | AP16: 12 | AQ16: 12 | AR16: 12 | AS16: 12 | AT16: 12 | AU16: 12 | AV16: 12 | AW16: 12 | AX16: 12 | AY16: 12 | AZ16: 12 | BA16: 13 | BB16: 13 | BC16: 13 | BD16: 13 | BE16: 13 | BF16: 13 | BG16: 12 | BH16: 12 | BI16: 12
A17: 10 | B17: AUBE | C17: 19 | D17: 18 | E17: 17 | F17: 16 | G17: 14 | H17: 16 | I17: 17 | J17: 16 | K17: 15 | L17: 12 | M17: 12 | N17: 12 | O17: 12 | P17: 12 | Q17: 13 | R17: 13 | S17: 13 | T17: 13 | U17: 15 | V17: 17 | W17: 16 | X17: 17 | Y17: 14 | Z17: 14 | AA17: 14 | AB17: 15 | AC17: 16 | AD17: 16 | AE17: 16 | AF17: 16 | AG17: 16 | AH17: 16 | AI17: 16 | AJ17: 16 | AK17: 19 | AL17: 19 | AM17: 19 | AN17: 19 | AO17: 21 | AP17: 17 | AQ17: 17 | AR17: 17 | AS17: 17 | AT17: 17 | AU17: 17 | AV17: 17 | AW17: 17 | AX17: 17 | AY17: 17 | AZ17: 17 | BA17: 17 | BB17: 17 | BC17: 21 | BD17: 21 | BE17: 21 | BF17: 21 | BG17: 26 | BH17: 25 | BI17: 25
A18: 11 | B18: AUDE | C18: 105 | D18: 102 | E18: 89 | F18: 84 | G18: 84 | H18: 79 | I18: 75 | J18: 73 | K18: 72 | L18: 72 | M18: 66 | N18: 69 | O18: 61 | P18: 60 | Q18: 64 | R18: 63 | S18: 61 | T18: 66 | U18: 65 | V18: 59 | W18: 51 | X18: 42 | Y18: 39 | Z18: 37 | AA18: 29 | AB18: 28 | AC18: 25 | AD18: 25 | AE18: 27 | AF18: 27 | AG18: 28 | AH18: 26 | AI18: 25 | AJ18: 28 | AK18: 27 | AL18: 37 | AM18: 37 | AN18: 36 | AO18: 34 | AP18: 35 | AQ18: 29 | AR18: 34 | AS18: 33 | AT18: 34 | AU18: 32 | AV18: 32 | AW18: 32 | AX18: 31 | AY18: 31 | AZ18: 31 | BA18: 31 | BB18: 31 | BC18: 31 | BD18: 33 | BE18: 33 | BF18: 33 | BG18: 33 | BH18: 33 | BI18: 34
A19: 12 | B19: AVEYRON | C19: 33 | D19: 33 | E19: 29 | F19: 27 | G19: 25 | H19: 23 | I19: 21 | J19: 21 | K19: 21 | L19: 21 | M19: 20 | N19: 20 | O19: 20 | P19: 19 | Q19: 20 | R19: 20 | S19: 23 | T19: 26 | U19: 28 | V19: 30 | W19: 30 | X19: 28 | Y19: 26 | Z19: 25 | AA19: 26 | AB19: 26 | AC19: 23 | AD19: 23 | AE19: 22 | AF19: 22 | AG19: 22 | AH19: 24 | AI19: 24 | AJ19: 26 | AK19: 25 | AL19: 26 | AM19: 27 | AN19: 28 | AO19: 28 | AP19: 27 | AQ19: 30 | AR19: 30 | AS19: 27 | AT19: 27 | AU19: 27 | AV19: 27 | AW19: 27 | AX19: 30 | AY19: 31 | AZ19: 31 | BA19: 31 | BB19: 31 | BC19: 31 | BD19: 31 | BE19: 32 | BF19: 32 | BG19: 33 | BH19: 33 | BI19: 33
... A103: 95 | B103: VAL-D'OISE | C103: 43 | D103: 42 | E103: 38 | F103: 35 | G103: 36 | H103: 40 | I103: 39 | J103: 47 | K103: 48 | L103: 53 | M103: 53 | N103: 47 | O103: 49 | P103: 47 | Q103: 47 | R103: 46 | S103: 49 | T103: 50 | U103: 50 | V103: 49 | W103: 52 | X103: 52 | Y103: 56 | Z103: 57 | AA103: 57 | AB103: 57 | AC103: 51 | AD103: 52 | AE103: 45 | AF103: 52 | AG103: 52 | AH103: 49 | AI103: 51 | AJ103: 49 | AK103: 48 | AL103: 58 | AM103: 56 | AN103: 56 | AO103: 56 | AP103: 55 | AQ103: 53 | AR103: 55 | AS103: 56 | AT103: 59 | AU103: 59 | AV103: 59 | AW103: 57 | AX103: 57 | AY103: 57 | AZ103: 58 | BA103: 60 | BB103: 78 | BC103: 76 | BD103: 78 | BE103: 78 | BF103: 77 | BG103: 79 | BH103: 78 | BI103: 78
B104: TOTAL | C104: =SUM(C8:C103) -> 5157 | D104: =SUM(D8:D103) -> 4916 | E104: =SUM(E8:E103) -> 4678 | F104: =SUM(F8:F103) -> 4475 | G104: =SUM(G8:G103) -> 4274 | H104: =SUM(H8:H103) -> 4168 | I104: =SUM(I8:I103) -> 4147 | J104: =SUM(J8:J103) -> 4228 | ... AF104: =SUM(AF8:AF103) -> 4377 | AG104: 4520 | AH104: 4644 | AI104: 4763 | AJ104: 4985 | AK104: 5113 | AL104: 5197 | AM104: 5249 | AN104: 5275 | AO104: 5273 | AP104: 5275 | AQ104: 5283 | AR104: 5317 | AS104: 5396 | AT104: 5478 | AU104: 5468 | AV104: 5468 | AW104: 5508 | AX104: 5589 | AY104: 5647 | AZ104: 5741 | BA104: 5842 | BB104: 5913 | BC104: 5983 | BD104: 6114 | BE104: 6127 | BF104: 6192 | BG104: 6298 | BH104: 6327 | BI104: 6355

Sheet fauteuils
A2: Retour au menu "Départements"
A5: Fauteuils par département
C7: 1966 | D7: 1967 | E7: 1968 | F7: 1969 | G7: 1970 | H7: 1971 | I7: 1972 | J7: 1973 | K7: 1974 | L7: 1975 | M7: 1976 | N7: 1977 | O7: 1978 | P7: 1979 | Q7: 1980 | R7: 1981 | S7: 1982 | T7: 1983 | U7: 1984 | V7: 1985 | W7: 1986 | X7: 1987 | Y7: 1988 | Z7: 1989 | AA7: 1990 | AB7: 1991 | AC7: 1992 | AD7: 1993 | AE7: 1994 | AF7: 1995 | AG7: 1996 | AH7: 1997 | AI7: 1998 | AJ7: 1999 | AK7: 2000 | AL7: 2001 | AM7: 2002 | AN7: 2003 | AO7: 2004 | AP7: 2005 | AQ7: 2006 | AR7: 2007 | AS7: 2008 | AT7: 2009 | AU7: 2010 | AV7: 2011 | AW7: 2012 | AX7: 2013 | AY7: 2014 | AZ7: 2015 | BA7: 2016 | BB7: 2017 | BC7: 2018 | BD7: 2019 | BE7: 2020 | BF7: 2021 | BG7: 2022 | BH7: 2023 | BI7: 2024
A8: 01 | B8: AIN | C8: 12962 | D8: 12754 | E8: 12256 | F8: 11677 | G8: 10703 | H8: 10313 | I8: 9913 | J8: 9631 | K8: 9261 | L8: 8933 | M8: 8726 | N8: 8289 | O8: 8667 | P8: 7957 | Q8: 7397 | R8: 8101 | S8: 8399 | T8: 7866 | U8: 8386 | V8: 8475 | W8: 8036 | X8: 8168 | Y8: 8389 | Z8: 8231 | AA8: 7518 | AB8: 7331 | AC8: 6901 | AD8: 6761 | AE8: 6299 | AF8: 6296 | AG8: 5786 | AH8: 5777 | AI8: 5741 | AJ8: 6199 | AK8: 5832 | AL8: 5779 | AM8: 5597 | AN8: 5597 | AO8: 5597 | AP8: 6039 | AQ8: 5801 | AR8: 5801 | AS8: 7739 | AT8: 6556 | AU8: 6556 | AV8: 6556 | AW8: 6346 | AX8: 6627 | AY8: 6540 | AZ8: 6438 | BA8: 6464 | BB8: 6438 | BC8: 6438 | BD8: 6817 | BE8: 6822 | BF8: 6822 | BG8: 6822 | BH8: 6691 | BI8: 6691
A9: 02 | B9: AISNE | C9: 21056 | D9: 20358 | E9: 18724 | F9: 17899 | G9: 17328 | H9: 16728 | I9: 17321 | J9: 16968 | K9: 17071 | L9: 17133 | M9: 16626 | N9: 14710 | O9: 14251 | P9: 12675 | Q9: 10385 | R9: 9472 | S9: 9160 | T9: 9015 | U9: 9005 | V9: 8738 | W9: 7700 | X9: 7977 | Y9: 7977 | Z9: 7343 | AA9: 7531 | AB9: 7531 | AC9: 7338 | AD9: 7338 | AE9: 7338 | AF9: 7399 | AG9: 8038 | AH9: 7343 | AI9: 7424 | AJ9: 7424 | AK9: 7415 | AL9: 7303 | AM9: 7303 | AN9: 7303 | AO9: 7435 | AP9: 6975 | AQ9: 6393 | AR9: 7122 | AS9: 7704 | AT9: 7122 | AU9: 7122 | AV9: 7122 | AW9: 7122 | AX9: 7122 | AY9: 7122 | AZ9: 7041 | BA9: 7122 | BB9: 6774 | BC9: 6774 | BD9: 7356 | BE9: 6774 | BF9: 6774 | BG9: 6774 | BH9: 6501 | BI9: 6444
A10: 03 | B10: ALLIER | C10: 18968 | D10: 18702 | E10: 19608 | F10: 19050 | G10: 17340 | H10: 16650 | I10: 16209 | J10: 16369 | K10: 15002 | L10: 14350 | M10: 13166 | N10: 12568 | O10: 9437 | P10: 9437 | Q10: 8742 | R10: 7739 | S10: 7693 | T10: 7693 | U10: 7590 | V10: 7989 | W10: 8216 | X10: 7899 | Y10: 7220 | Z10: 6302 | AA10: 5668 | AB10: 5533 | AC10: 5013 | AD10: 5013 | AE10: 4713 | AF10: 4713 | AG10: 3986 | AH10: 3986 | AI10: 3904 | AJ10: 3734 | AK10: 3749 | AL10: 3749 | AM10: 3749 | AN10: 3878 | AO10: 4903 | AP10: 3712 | AQ10: 3712 | AR10: 3712 | AS10: 3712 | AT10: 3712 | AU10: 2994 | AV10: 3177 | AW10: 3177 | AX10: 3177 | AY10: 3177 | AZ10: 3177 | BA10: 3177 | BB10: 3177 | BC10: 3177 | BD10: 3177 | BE10: 3177 | BF10: 3177 | BG10: 3177 | BH10: 3177 | BI10: 3177
A11: 04 | B11: ALPES-DE-HAUTE-PROVENCE | C11: 43337 | D11: 6675 | E11: 6268 | F11: 5937 | G11: 5937 | H11: 6155 | I11: 5767 | J11: 5457 | K11: 5288 | L11: 5555 | M11: 5330 | N11: 5549 | O11: 5703 | P11: 4926 | Q11: 4010 | R11: 3990 | S11: 4126 | T11: 4935 | U11: 5337 | V11: 5220 | W11: 5622 | X11: 4091 | Y11: 3995 | Z11: 3536 | AA11: 3380 | AB11: 3327 | AC11: 3283 | AD11: 3483 | AE11: 3637 | AF11: 3437 | AG11: 3327 | AH11: 3437 | AI11: 3213 | AJ11: 3182 | AK11: 3182 | AL11: 3368 | AM11: 3368 | AN11: 3439 | AO11: 3461 | AP11: 3331 | AQ11: 3763 | AR11: 3575 | AS11: 3575 | AT11: 3575 | AU11: 3575 | AV11: 3575 | AW11: 3575 | AX11: 3735 | AY11: 4177 | AZ11: 4177 | BA11: 4177 | BB11: 4157 | BC11: 4776 | BD11: 4776 | BE11: 4766 | BF11: 4766 | BG11: 4766 | BH11: 4533 | BI11: 4533
A12: 05 | B12: HAUTES-ALPES | C12: 7354 | D12: 5603 | E12: 5631 | F12: 5217 | G12: 5199 | H12: 5519 | I12: 5581 | J12: 5745 | K12: 5708 | L12: 5708 | M12: 5649 | N12: 5535 | O12: 5607 | P12: 6095 | Q12: 4938 | R12: 4190 | S12: 5068 | T12: 5681 | U12: 5794 | V12: 6133 | W12: 5996 | X12: 5975 | Y12: 5725 | Z12: 5658 | AA12: 5592 | AB12: 5432 | AC12: 5190 | AD12: 5122 | AE12: 4984 | AF12: 5133 | AG12: 5183 | AH12: 5327 | AI12: 5327 | AJ12: 5616 | AK12: 5583 | AL12: 5583 | AM12: 5583 | AN12: 5133 | AO12: 5615 | AP12: 4776 | AQ12: 4776 | AR12: 4776 | AS12: 4776 | AT12: 4776 | AU12: 4776 | AV12: 4776 | AW12: 4776 | AX12: 4776 | AY12: 4776 | AZ12: 4725 | BA12: 4814 | BB12: 4931 | BC12: 4931 | BD12: 5108 | BE12: 5108 | BF12: 4559 | BG12: 4559 | BH12: 4559 | BI12: 4421
A13: 06 | B13: ALPES-MARITIMES | C13: 5603 | D13: 42821 | E13: 42970 | F13: 42615 | G13: 41317 | H13: 41362 | I13: 39896 | J13: 34941 | K13: 34182 | L13: 32837 | M13: 33134 | N13: 31715 | O13: 31567 | P13: 31623 | Q13: 27602 | R13: 25860 | S13: 25426 | T13: 25303 | U13: 25284 | V13: 25149 | W13: 24808 | X13: 22381 | Y13: 21246 | Z13: 19736 | AA13: 17855 | AB13: 16440 | AC13: 14182 | AD13: 13960 | AE13: 13210 | AF13: 13559 | AG13: 13403 | AH13: 11871 | AI13: 12324 | AJ13: 14017 | AK13: 14614 | AL13: 15158 | AM13: 15318 | AN13: 15218 | AO13: 15234 | AP13: 15211 | AQ13: 15211 | AR13: 15051 | AS13: 15101 | AT13: 15101 | AU13: 16175 | AV13: 16175 | AW13: 16055 | AX13: 16779 | AY13: 17151 | AZ13: 18943 | BA13: 18815 | BB13: 18273 | BC13: 20464 | BD13: 19491 | BE13: 18453 | BF13: 22110 | BG13: 22684 | BH13: 22543 | BI13: 22733
A14: 07 | B14: ARDECHE | C14: 8730 | D14: 8919 | E14: 8919 | F14: 8994 | G14: 8075 | H14: 7483 | I14: 7539 | J14: 7491 | K14: 7749 | L14: 7749 | M14: 7728 | N14: 7985 | O14: 7275 | P14: 6811 | Q14: 5816 | R14: 6236 | S14: 6951 | T14: 7203 | U14: 6615 | V14: 7006 | W14: 6767 | X14: 6862 | Y14: 6748 | Z14: 6611 | AA14: 7087 | AB14: 6534 | AC14: 5591 | AD14: 5491 | AE14: 5491 | AF14: 5491 | AG14: 4741 | AH14: 4731 | AI14: 4374 | AJ14: 4678 | AK14: 4622 | AL14: 4714 | AM14: 4714 | AN14: 4714 | AO14: 4714 | AP14: 4496 | AQ14: 4686 | AR14: 4686 | AS14: 4686 | AT14: 4496 | AU14: 4686 | AV14: 4346 | AW14: 4596 | AX14: 4296 | AY14: 4296 | AZ14: 4462 | BA14: 4265 | BB14: 4473 | BC14: 4473 | BD14: 4533 | BE14: 4533 | BF14: 4587 | BG14: 4587 | BH14: 4587 | BI14: 4587
A15: 08 | B15: ARDENNES | C15: 12911 | D15: 12463 | E15: 12463 | F15: 12263 | G15: 12462 | H15: 11597 | I15: 11217 | J15: 11217 | K15: 11386 | L15: 11386 | M15: 11484 | N15: 8553 | O15: 7015 | P15: 6655 | Q15: 5966 | R15: 6056 | S15: 6056 | T15: 5677 | U15: 4944 | V15: 4944 | W15: 4164 | X15: 3460 | Y15: 3842 | Z15: 3417 | AA15: 3417 | AB15: 3417 | AC15: 2783 | AD15: 2783 | AE15: 3247 | AF15: 3247 | AG15: 3014 | AH15: 3014 | AI15: 3014 | AJ15: 3014 | AK15: 3014 | AL15: 3014 | AM15: 3014 | AN15: 3014 | AO15: 3593 | AP15: 3468 | AQ15: 3468 | AR15: 3018 | AS15: 3018 | AT15: 3468 | AU15: 3468 | AV15: 3468 | AW15: 3468 | AX15: 3468 | AY15: 3276 | AZ15: 3301 | BA15: 3276 | BB15: 3301 | BC15: 3276 | BD15: 3276 | BE15: 3276 | BF15: 3330 | BG15: 3330 | BH15: 3330 | BI15: 3330
A16: 09 | B16: ARIEGE | C16: 7121 | D16: 7202 | E16: 6802 | F16: 5375 | G16: 4625 | H16: 4625 | I16: 4482 | J16: 4482 | K16: 4652 | L16: 4312 | M16: 4029 | N16: 3582 | O16: 3590 | P16: 3670 | Q16: 3449 | R16: 3760 | S16: 3448 | T16: 3738 | U16: 3711 | V16: 3631 | W16: 3309 | X16: 3309 | Y16: 3129 | Z16: 2119 | AA16: 2641 | AB16: 2641 | AC16: 2680 | AD16: 2680 | AE16: 2869 | AF16: 2896 | AG16: 2596 | AH16: 2410 | AI16: 2454 | AJ16: 2596 | AK16: 2573 | AL16: 2759 | AM16: 2759 | AN16: 2595 | AO16: 2593 | AP16: 2580 | AQ16: 2580 | AR16: 2580 | AS16: 2580 | AT16: 2580 | AU16: 2580 | AV16: 2580 | AW16: 2580 | AX16: 2580 | AY16: 2580 | AZ16: 2580 | BA16: 2691 | BB16: 2670 | BC16: 2670 | BD16: 2670 | BE16: 2670 | BF16: 2793 | BG16: 2611 | BH16: 2611 | BI16: 2611
A17: 10 | B17: AUBE | C17: 9814 | D17: 9321 | E17: 9074 | F17: 8563 | G17: 7404 | H17: 7374 | I17: 6860 | J17: 6450 | K17: 6250 | L17: 4601 | M17: 4596 | N17: 4596 | O17: 4004 | P17: 4004 | Q17: 4746 | R17: 4746 | S17: 4751 | T17: 4751 | U17: 4597 | V17: 4416 | W17: 4316 | X17: 4570 | Y17: 3237 | Z17: 3237 | AA17: 3237 | AB17: 2990 | AC17: 3044 | AD17: 3044 | AE17: 3044 | AF17: 3044 | AG17: 3029 | AH17: 3029 | AI17: 3029 | AJ17: 3029 | AK17: 4125 | AL17: 4077 | AM17: 4077 | AN17: 4077 | AO17: 4303 | AP17: 3491 | AQ17: 3491 | AR17: 3491 | AS17: 3491 | AT17: 3491 | AU17: 3491 | AV17: 3491 | AW17: 3491 | AX17: 3491 | AY17: 3491 | AZ17: 3491 | BA17: 3491 | BB17: 3491 | BC17: 3803 | BD17: 3717 | BE17: 3717 | BF17: 3717 | BG17: 4014 | BH17: 4014 | BI17: 4014
A18: 11 | B18: AUDE | C18: 32989 | D18: 31866 | E18: 29877 | F18: 28656 | G18: 28311 | H18: 25979 | I18: 25183 | J18: 24365 | K18: 24235 | L18: 23317 | M18: 21997 | N18: 22063 | O18: 20441 | P18: 19690 | Q18: 19619 | R18: 18651 | S18: 18701 | T18: 19053 | U18: 17983 | V18: 16571 | W18: 14045 | X18: 11524 | Y18: 10211 | Z18: 9429 | AA18: 7093 | AB18: 6456 | AC18: 5456 | AD18: 5456 | AE18: 6085 | AF18: 5765 | AG18: 5284 | AH18: 4651 | AI18: 4651 | AJ18: 5645 | AK18: 5007 | AL18: 6865 | AM18: 6865 | AN18: 6865 | AO18: 6511 | AP18: 6464 | AQ18: 5261 | AR18: 6178 | AS18: 6082 | AT18: 6358 | AU18: 6158 | AV18: 5510 | AW18: 5510 | AX18: 5242 | AY18: 5242 | AZ18: 5242 | BA18: 5242 | BB18: 5242 | BC18: 5242 | BD18: 5548 | BE18: 5548 | BF18: 5474 | BG18: 5474 | BH18: 5474 | BI18: 5605
A19: 12 | B19: AVEYRON | C19: 12480 | D19: 12494 | E19: 11805 | F19: 11204 | G19: 10246 | H19: 9786 | I19: 8944 | J19: 8341 | K19: 8341 | L19: 8161 | M19: 7757 | N19: 7757 | O19: 7550 | P19: 7025 | Q19: 7078 | R19: 6251 | S19: 6605 | T19: 6450 | U19: 6536 | V19: 6608 | W19: 6591 | X19: 6037 | Y19: 5211 | Z19: 4904 | AA19: 5154 | AB19: 5304 | AC19: 4544 | AD19: 4544 | AE19: 3899 | AF19: 3899 | AG19: 3649 | AH19: 4051 | AI19: 4082 | AJ19: 4119 | AK19: 4034 | AL19: 4277 | AM19: 4277 | AN19: 4334 | AO19: 4359 | AP19: 4400 | AQ19: 4630 | AR19: 4630 | AS19: 4241 | AT19: 4241 | AU19: 4241 | AV19: 4329 | AW19: 4329 | AX19: 4689 | AY19: 4783 | AZ19: 4783 | BA19: 4783 | BB19: 4783 | BC19: 4783 | BD19: 4783 | BE19: 4881 | BF19: 4852 | BG19: 4934 | BH19: 4934 | BI19: 4934
... A103: 95 | B103: VAL-D'OISE | C103: 20381 | D103: 19867 | E103: 18270 | F103: 17166 | G103: 16138 | H103: 16415 | I103: 15700 | J103: 16061 | K103: 16263 | L103: 16804 | M103: 16883 | N103: 14005 | O103: 13712 | P103: 12677 | Q103: 12377 | R103: 12057 | S103: 12590 | T103: 12701 | U103: 12826 | V103: 12520 | W103: 12963 | X103: 12713 | Y103: 12773 | Z103: 12907 | AA103: 12876 | AB103: 12766 | AC103: 12229 | AD103: 12319 | AE103: 10352 | AF103: 12441 | AG103: 12316 | AH103: 11657 | AI103: 12169 | AJ103: 11673 | AK103: 11438 | AL103: 13419 | AM103: 12939 | AN103: 12939 | AO103: 12936 | AP103: 12305 | AQ103: 11747 | AR103: 11964 | AS103: 12161 | AT103: 12987 | AU103: 12987 | AV103: 12987 | AW103: 12557 | AX103: 12082 | AY103: 12082 | AZ103: 12427 | BA103: 12962 | BB103: 16640 | BC103: 16312 | BD103: 16532 | BE103: 16532 | BF103: 15949 | BG103: 16511 | BH103: 16427 | BI103: 16423
B104: TOTAL | C104: =SUM(C8:C103) -> 2482883 | D104: =SUM(D8:D103) -> 2364691 | E104: =SUM(E8:E103) -> 2269674 | F104: =SUM(F8:F103) -> 2176484 | G104: =SUM(G8:G103) -> 2071815 | H104: =SUM(H8:H103) -> 1974647 | I104: =SUM(I8:I103) -> 1902292 | J104: =SUM(J8:J103) -> 1844213 | ... AF104: =SUM(AF8:AF103) -> 921975 | AG104: 920177 | AH104: 938179 | AI104: 956746 | AJ104: 993307 | AK104: 1020102 | AL104: 1030938 | AM104: 1044298 | AN104: 1047703 | AO104: 1038608 | AP104: 1009515 | AQ104: 1008887 | AR104: 1012600 | AS104: 1026237 | AT104: 1043468 | AU104: 1038960 | AV104: 1038632 | AW104: 1045783 | AX104: 1059685 | AY104: 1065535 | AZ104: 1081588 | BA104: 1098281 | BB104: 1106167 | BC104: 1113563 | BD104: 1128422 | BE104: 1121514 | BF104: 1123669 | BG104: 1136960 | BH104: 1136752 | BI104: 1128689

Sheet multiplexes
A2: Retour au menu "Départements"
A5: Multiplexes (8 écrans et plus) par département
C7: 1966 | D7: 1967 | E7: 1968 | F7: 1969 | G7: 1970 | H7: 1971 | I7: 1972 | J7: 1973 | K7: 1974 | L7: 1975 | M7: 1976 | N7: 1977 | O7: 1978 | P7: 1979 | Q7: 1980 | R7: 1981 | S7: 1982 | T7: 1983 | U7: 1984 | V7: 1985 | W7: 1986 | X7: 1987 | Y7: 1988 | Z7: 1989 | AA7: 1990 | AB7: 1991 | AC7: 1992 | AD7: 1993 | AE7: 1994 | AF7: 1995 | AG7: 1996 | AH7: 1997 | AI7: 1998 | AJ7: 1999 | AK7: 2000 | AL7: 2001 | AM7: 2002 | AN7: 2003 | AO7: 2004 | AP7: 2005 | AQ7: 2006 | AR7: 2007 | AS7: 2008 | AT7: 2009 | AU7: 2010 | AV7: 2011 | AW7: 2012 | AX7: 2013 | AY7: 2014 | AZ7: 2015 | BA7: 2016 | BB7: 2017 | BC7: 2018 | BD7: 2019 | BE7: 2020 | BF7: 2021 | BG7: 2022 | BH7: 2023 | BI7: 2024
A8: 01 | B8: AIN | AS8: 1 | AT8: 1 | AU8: 1 | AV8: 1 | AW8: 1 | AX8: 1 | AY8: 1 | AZ8: 1 | BA8: 1 | BB8: 1 | BC8: 1 | BD8: 1 | BE8: 1 | BF8: 1 | BG8: 1 | BH8: 1 | BI8: 1
A9: 02 | B9: AISNE | AR9: 1 | AS9: 1 | AT9: 1 | AU9: 1 | AV9: 1 | AW9: 1 | AX9: 1 | AY9: 1 | AZ9: 1 | BA9: 1 | BB9: 1 | BC9: 1 | BD9: 1 | BE9: 1 | BF9: 1 | BG9: 1 | BH9: 1 | BI9: 1
A10: 03 | B10: ALLIER | AV10: 1 | AW10: 1 | AX10: 1 | AY10: 1 | AZ10: 1 | BA10: 1 | BB10: 1 | BC10: 1 | BD10: 1 | BE10: 1 | BF10: 1 | BG10: 1 | BH10: 1 | BI10: 1
A11: 04 | B11: ALPES-DE-HAUTE-PROVENCE | BC11: 1 | BD11: 1 | BE11: 1 | BF11: 1 | BG11: 1 | BH11: 1 | BI11: 1
A12: 05 | B12: HAUTES-ALPES
A13: 06 | B13: ALPES-MARITIMES | AC13: 1 | AD13: 1 | AE13: 1 | AF13: 1 | AG13: 1 | AH13: 1 | AI13: 1 | AJ13: 2 | AK13: 2 | AL13: 2 | AM13: 2 | AN13: 2 | AO13: 1 | AP13: 1 | AQ13: 1 | AR13: 1 | AS13: 1 | AT13: 1 | AU13: 1 | AV13: 1 | AW13: 1 | AX13: 1 | AY13: 1 | AZ13: 2 | BA13: 2 | BB13: 2 | BC13: 3 | BD13: 3 | BE13: 3 | BF13: 5 | BG13: 5 | BH13: 5 | BI13: 6
A14: 07 | B14: ARDECHE
A15: 08 | B15: ARDENNES | AO15: 1 | AP15: 1 | AQ15: 1 | AR15: 1 | AS15: 1 | AT15: 1 | AU15: 1 | AV15: 1 | AW15: 1 | AX15: 1 | AY15: 1 | AZ15: 1 | BA15: 1 | BB15: 1 | BC15: 1 | BD15: 1 | BE15: 1 | BF15: 1 | BG15: 1 | BH15: 1 | BI15: 1
A16: 09 | B16: ARIEGE
A17: 10 | B17: AUBE | AK17: 1 | AL17: 1 | AM17: 1 | AN17: 1 | AO17: 1 | AP17: 1 | AQ17: 1 | AR17: 1 | AS17: 1 | AT17: 1 | AU17: 1 | AV17: 1 | AW17: 1 | AX17: 1 | AY17: 1 | AZ17: 1 | BA17: 1 | BB17: 1 | BC17: 1 | BD17: 1 | BE17: 1 | BF17: 1 | BG17: 1 | BH17: 1 | BI17: 1
A18: 11 | B18: AUDE | AL18: 1 | AM18: 1 | AN18: 1 | AO18: 1 | AP18: 1 | AQ18: 1 | AR18: 2 | AS18: 2 | AT18: 2 | AU18: 2 | AV18: 2 | AW18: 2 | AX18: 2 | AY18: 2 | AZ18: 2 | BA18: 2 | BB18: 2 | BC18: 2 | BD18: 2 | BE18: 2 | BF18: 2 | BG18: 2 | BH18: 2 | BI18: 2
A19: 12 | B19: AVEYRON | AX19: 1 | AY19: 1 | AZ19: 1 | BA19: 1 | BB19: 1 | BC19: 1 | BD19: 1 | BE19: 1 | BF19: 1 | BG19: 1 | BH19: 1 | BI19: 1
A20: 13 | B20: BOUCHES-DU-RHONE | AC20: 3 | AD20: 4 | AE20: 4 | AF20: 4 | AG20: 4 | AH20: 7 | AI20: 7 | AJ20: 7 | AK20: 6 | AL20: 6 | AM20: 6 | AN20: 6 | AO20: 7 | AP20: 7 | AQ20: 7 | AR20: 7 | AS20: 6 | AT20: 6 | AU20: 6 | AV20: 6 | AW20: 6 | AX20: 6 | AY20: 6 | AZ20: 7 | BA20: 7 | BB20: 7 | BC20: 7 | BD20: 8 | BE20: 8 | BF20: 10 | BG20: 10 | BH20: 10 | BI20: 10
A21: 14 | B21: CALVADOS | AI21: 1 | AJ21: 1 | AK21: 1 | AL21: 1 | AM21: 1 | AN21: 1 | AO21: 1 | AP21: 1 | AQ21: 1 | AR21: 1 | AS21: 1 | AT21: 1 | AU21: 1 | AV21: 1 | AW21: 1 | AX21: 2 | AY21: 2 | AZ21: 2 | BA21: 2 | BB21: 2 | BC21: 2 | BD21: 2 | BE21: 2 | BF21: 2 | BG21: 2 | BH21: 2 | BI21: 2
A22: 15 | B22: CANTAL
A23: 16 | B23: CHARENTE | AG23: 1 | AH23: 1 | AI23: 1 | AJ23: 1 | AK23: 1 | AL23: 1 | AM23: 1 | AN23: 1 | AO23: 1 | AP23: 1 | AQ23: 1 | AR23: 1 | AS23: 1 | AT23: 1 | AU23: 1 | AV23: 1 | AW23: 1 | AX23: 1 | AY23: 1 | AZ23: 1 | BA23: 1 | BB23: 1 | BC23: 1 | BD23: 1 | BE23: 1 | BF23: 1 | BG23: 1 | BH23: 1 | BI23: 1
A24: 17 | B24: CHARENTE-MARITIME | AF24: 1 | AG24: 1 | AH24: 1 | AI24: 1 | AJ24: 1 | AK24: 1 | AL24: 1 | AM24: 1 | AN24: 1 | AO24: 1 | AP24: 1 | AQ24: 1 | AR24: 1 | AS24: 1 | AT24: 1 | AU24: 1 | AV24: 1 | AW24: 1 | AX24: 1 | AY24: 2 | AZ24: 3 | BA24: 3 | BB24: 3 | BC24: 3 | BD24: 3 | BE24: 3 | BF24: 3 | BG24: 3 | BH24: 3 | BI24: 3
A25: 18 | B25: CHER | AK25: 1 | AL25: 1 | AM25: 1 | AN25: 1 | AO25: 1 | AP25: 1 | AQ25: 1 | AR25: 1 | AS25: 1 | AT25: 1 | AU25: 1 | AV25: 1 | AW25: 1 | AX25: 1 | AY25: 1 | AZ25: 1 | BA25: 1 | BB25: 1 | BC25: 1 | BD25: 1 | BE25: 1 | BF25: 1 | BG25: 1 | BH25: 1 | BI25: 1
A26: 19 | B26: CORREZE | AL26: 1 | AM26: 1 | AN26: 1 | AO26: 1 | AP26: 1 | AQ26: 1 | AR26: 1 | AS26: 1 | AT26: 1 | AU26: 1 | AV26: 1 | AW26: 1 | AX26: 1 | AY26: 1 | AZ26: 1 | BA26: 1 | BB26: 1 | BC26: 1 | BD26: 1 | BE26: 1 | BF26: 1 | BG26: 1 | BH26: 1 | BI26: 1
A27: 2A | B27: CORSE-DU-SUD
A28: 2B | B28: HAUTE-CORSE
A29: 21 | B29: COTE-D'OR | AJ29: 1 | AK29: 1 | AL29: 1 | AM29: 1 | AN29: 1 | AO29: 1 | AP29: 1 | AQ29: 1 | AR29: 2 | AS29: 2 | AT29: 2 | AU29: 2 | AV29: 2 | AW29: 2 | AX29: 2 | AY29: 2 | AZ29: 2 | BA29: 2 | BB29: 2 | BC29: 2 | BD29: 2 | BE29: 2 | BF29: 2 | BG29: 3 | BH29: 3 | BI29: 3
A30: 22 | B30: COTES-D'ARMOR | AO30: 1 | AP30: 1 | AQ30: 1 | AR30: 1 | AS30: 1 | AT30: 1 | AU30: 1 | AV30: 1 | AW30: 1 | AX30: 1 | AY30: 1 | AZ30: 1 | BA30: 1 | BB30: 1 | BC30: 1 | BD30: 1 | BE30: 1 | BF30: 1 | BG30: 1 | BH30: 1 | BI30: 1
A31: 23 | B31: CREUSE
A32: 24 | B32: DORDOGNE | AP32: 1 | AQ32: 1 | AR32: 1 | AS32: 1 | AT32: 1 | AU32: 1 | AV32: 1 | AW32: 1 | AX32: 1 | AY32: 1 | AZ32: 2 | BA32: 2 | BB32: 2 | BC32: 2 | BD32: 2 | BE32: 2 | BF32: 2 | BG32: 2 | BH32: 2 | BI32: 2
A33: 25 | B33: DOUBS | AK33: 1 | AL33: 1 | AM33: 1 | AN33: 2 | AO33: 2 | AP33: 3 | AQ33: 3 | AR33: 3 | AS33: 3 | AT33: 3 | AU33: 3 | AV33: 3 | AW33: 3 | AX33: 3 | AY33: 3 | AZ33: 3 | BA33: 3 | BB33: 3 | BC33: 3 | BD33: 3 | BE33: 3 | BF33: 3 | BG33: 3 | BH33: 3 | BI33: 3
A34: 26 | B34: DROME | AK34: 1 | AL34: 1 | AM34: 1 | AN34: 1 | AO34: 1 | AP34: 1 | AQ34: 1 | AR34: 1 | AS34: 1 | AT34: 1 | AU34: 1 | AV34: 1 | AW34: 1 | AX34: 1 | AY34: 1 | AZ34: 2 | BA34: 2 | BB34: 2 | BC34: 2 | BD34: 2 | BE34: 2 | BF34: 2 | BG34: 2 | BH34: 2 | BI34: 2
A35: 27 | B35: EURE | AL35: 1 | AM35: 1 | AN35: 1 | AO35: 1 | AP35: 1 | AQ35: 1 | AR35: 1 | AS35: 1 | AT35: 1 | AU35: 1 | AV35: 1 | AW35: 1 | AX35: 1 | AY35: 1 | AZ35: 1 | BA35: 1 | BB35: 1 | BC35: 1 | BD35: 1 | BE35: 1 | BF35: 1 | BG35: 1 | BH35: 1 | BI35: 1
A36: 28 | B36: EURE-ET-LOIR | AS36: 2 | AT36: 2 | AU36: 2 | AV36: 2 | AW36: 2 | AX36: 2 | AY36: 2 | AZ36: 2 | BA36: 2 | BB36: 2 | BC36: 2 | BD36: 2 | BE36: 2 | BF36: 2 | BG36: 2 | BH36: 2 | BI36: 2
A37: 29 | B37: FINISTERE | AC37: 1 | AD37: 1 | AE37: 1 | AF37: 1 | AG37: 1 | AH37: 1 | AI37: 1 | AJ37: 1 | AK37: 1 | AL37: 1 | AM37: 1 | AN37: 1 | AO37: 1 | AP37: 2 | AQ37: 2 | AR37: 2 | AS37: 2 | AT37: 2 | AU37: 2 | AV37: 2 | AW37: 3 | AX37: 3 | AY37: 3 | AZ37: 3 | BA37: 3 | BB37: 3 | BC37: 3 | BD37: 3 | BE37: 3 | BF37: 3 | BG37: 3 | BH37: 3 | BI37: 3
A38: 30 | B38: GARD | AK38: 2 | AL38: 2 | AM38: 2 | AN38: 1 | AO38: 1 | AP38: 1 | AQ38: 1 | AR38: 1 | AS38: 1 | AT38: 1 | AU38: 1 | AV38: 1 | AW38: 1 | AX38: 1 | AY38: 1 | AZ38: 2 | BA38: 2 | BB38: 3 | BC38: 3 | BD38: 3 | BE38: 3 | BF38: 3 | BG38: 3 | BH38: 3 | BI38: 3
A39: 31 | B39: HAUTE-GARONNE | AC39: 2 | AD39: 2 | AE39: 2 | AF39: 2 | AG39: 3 | AH39: 4 | AI39: 4 | AJ39: 4 | AK39: 4 | AL39: 4 | AM39: 4 | AN39: 4 | AO39: 4 | AP39: 4 | AQ39: 4 | AR39: 4 | AS39: 4 | AT39: 4 | AU39: 4 | AV39: 4 | AW39: 4 | AX39: 4 | AY39: 4 | AZ39: 5 | BA39: 6 | BB39: 6 | BC39: 6 | BD39: 6 | BE39: 5 | BF39: 5 | BG39: 5 | BH39: 5 | BI39: 5
A40: 32 | B40: GERS
A41: 33 | B41: GIRONDE | AC41: 3 | AD41: 3 | AE41: 3 | AF41: 3 | AG41: 3 | AH41: 4 | AI41: 5 | AJ41: 6 | AK41: 6 | AL41: 6 | AM41: 7 | AN41: 7 | AO41: 7 | AP41: 7 | AQ41: 6 | AR41: 6 | AS41: 6 | AT41: 6 | AU41: 7 | AV41: 7 | AW41: 7 | AX41: 7 | AY41: 7 | AZ41: 7 | BA41: 7 | BB41: 7 | BC41: 7 | BD41: 7 | BE41: 7 | BF41: 8 | BG41: 9 | BH41: 9 | BI41: 9
A42: 34 | B42: HERAULT | AC42: 1 | AD42: 1 | AE42: 1 | AF42: 1 | AG42: 1 | AH42: 1 | AI42: 3 | AJ42: 3 | AK42: 3 | AL42: 3 | AM42: 3 | AN42: 3 | AO42: 4 | AP42: 4 | AQ42: 4 | AR42: 4 | AS42: 4 | AT42: 4 | AU42: 5 | AV42: 5 | AW42: 5 | AX42: 5 | AY42: 5 | AZ42: 5 | BA42: 5 | BB42: 6 | BC42: 6 | BD42: 6 | BE42: 6 | BF42: 6 | BG42: 6 | BH42: 6 | BI42: 6
A43: 35 | B43: ILLE-ET-VILAINE | AC43: 1 | AD43: 1 | AE43: 1 | AF43: 1 | AG43: 1 | AH43: 1 | AI43: 1 | AJ43: 1 | AK43: 1 | AL43: 1 | AM43: 1 | AN43: 2 | AO43: 2 | AP43: 2 | AQ43: 2 | AR43: 2 | AS43: 2 | AT43: 2 | AU43: 2 | AV43: 2 | AW43: 2 | AX43: 2 | AY43: 2 | AZ43: 2 | BA43: 2 | BB43: 2 | BC43: 2 | BD43: 2 | BE43: 3 | BF43: 3 | BG43: 3 | BH43: 3 | BI43: 3
A44: 36 | B44: INDRE | AF44: 1 | AG44: 1 | AH44: 1 | AI44: 1 | AJ44: 1 | AK44: 1 | AL44: 1 | AM44: 1 | AN44: 1 | AO44: 1 | AP44: 1 | AQ44: 1 | AR44: 1 | AS44: 1 | AT44: 1 | AU44: 1 | AV44: 1 | AW44: 1 | AX44: 1 | AY44: 1 | AZ44: 1 | BA44: 1 | BB44: 1 | BC44: 1 | BD44: 1 | BE44: 1 | BF44: 1 | BG44: 1 | BH44: 1 | BI44: 1
A45: 37 | B45: INDRE-ET-LOIRE | AG45: 1 | AH45: 1 | AI45: 2 | AJ45: 2 | AK45: 2 | AL45: 2 | AM45: 2 | AN45: 2 | AO45: 2 | AP45: 2 | AQ45: 2 | AR45: 2 | AS45: 2 | AT45: 2 | AU45: 2 | AV45: 2 | AW45: 2 | AX45: 2 | AY45: 2 | AZ45: 2 | BA45: 2 | BB45: 2 | BC45: 3 | BD45: 3 | BE45: 3 | BF45: 3 | BG45: 3 | BH45: 3 | BI45: 3
A46: 38 | B46: ISERE | AH46: 1 | AI46: 1 | AJ46: 1 | AK46: 2 | AL46: 3 | AM46: 4 | AN46: 4 | AO46: 4 | AP46: 4 | AQ46: 4 | AR46: 4 | AS46: 4 | AT46: 4 | AU46: 4 | AV46: 4 | AW46: 4 | AX46: 4 | AY46: 4 | AZ46: 4 | BA46: 4 | BB46: 4 | BC46: 4 | BD46: 4 | BE46: 4 | BF46: 4 | BG46: 4 | BH46: 4 | BI46: 4
A47: 39 | B47: JURA
A48: 40 | B48: LANDES | AL48: 1 | AM48: 1 | AN48: 2 | AO48: 2 | AP48: 2 | AQ48: 2 | AR48: 2 | AS48: 2 | AT48: 2 | AU48: 2 | AV48: 2 | AW48: 2 | AX48: 2 | AY48: 2 | AZ48: 2 | BA48: 3 | BB48: 3 | BC48: 3 | BD48: 3 | BE48: 2 | BF48: 3 | BG48: 3 | BH48: 3 | BI48: 3
A49: 41 | B49: LOIR-ET-CHER | AK49: 1 | AL49: 1 | AM49: 1 | AN49: 1 | AO49: 1 | AP49: 1 | AQ49: 1 | AR49: 1 | AS49: 1 | AT49: 1 | AU49: 1 | AV49: 1 | AW49: 1 | AX49: 1 | AY49: 1 | AZ49: 1 | BA49: 1 | BB49: 1 | BC49: 1 | BD49: 1 | BE49: 1 | BF49: 1 | BG49: 1 | BH49: 1 | BI49: 1
A50: 42 | B50: LOIRE | AC50: 1 | AD50: 1 | AE50: 1 | AF50: 1 | AG50: 1 | AH50: 1 | AI50: 1 | AJ50: 1 | AK50: 1 | AL50: 1 | AM50: 1 | AN50: 1 | AO50: 1 | AP50: 1 | AQ50: 1 | AR50: 2 | AS50: 2 | AT50: 2 | AU50: 2 | AV50: 2 | AW50: 2 | AX50: 2 | AY50: 2 | AZ50: 3 | BA50: 3 | BB50: 3 | BC50: 3 | BD50: 3 | BE50: 3 | BF50: 3 | BG50: 3 | BH50: 4 | BI50: 4
A51: 43 | B51: HAUTE-LOIRE
A52: 44 | B52: LOIRE-ATLANTIQUE | AF52: 1 | AG52: 3 | AH52: 3 | AI52: 3 | AJ52: 3 | AK52: 4 | AL52: 4 | AM52: 4 | AN52: 4 | AO52: 4 | AP52: 4 | AQ52: 4 | AR52: 5 | AS52: 6 | AT52: 6 | AU52: 6 | AV52: 6 | AW52: 6 | AX52: 6 | AY52: 6 | AZ52: 6 | BA52: 6 | BB52: 6 | BC52: 6 | BD52: 6 | BE52: 6 | BF52: 6 | BG52: 6 | BH52: 6 | BI52: 6
A53: 45 | B53: LOIRET | AN53: 1 | AO53: 1 | AP53: 1 | AQ53: 1 | AR53: 1 | AS53: 3 | AT53: 3 | AU53: 3 | AV53: 3 | AW53: 3 | AX53: 3 | AY53: 3 | AZ53: 3 | BA53: 3 | BB53: 3 | BC53: 3 | BD53: 3 | BE53: 3 | BF53: 3 | BG53: 3 | BH53: 3 | BI53: 3
A54: 46 | B54: LOT
A55: 47 | B55: LOT-ET-GARONNE | AC55: 1 | AD55: 1 | AE55: 1 | AF55: 1 | AG55: 1 | AH55: 1 | AI55: 1 | AJ55: 1 | AK55: 1 | AL55: 1 | AM55: 1 | AN55: 1 | AO55: 1 | AP55: 1 | AQ55: 1 | AR55: 1 | AS55: 1 | AT55: 1 | AU55: 1 | AV55: 1 | AW55: 1 | AX55: 1 | AY55: 1 | AZ55: 1 | BA55: 1 | BB55: 1 | BC55: 1 | BD55: 1 | BE55: 1 | BF55: 1 | BG55: 1 | BH55: 1 | BI55: 1
A56: 48 | B56: LOZERE
A57: 49 | B57: MAINE-ET-LOIRE | AK57: 1 | AL57: 1 | AM57: 1 | AN57: 1 | AO57: 1 | AP57: 1 | AQ57: 1 | AR57: 1 | AS57: 1 | AT57: 2 | AU57: 2 | AV57: 2 | AW57: 2 | AX57: 2 | AY57: 2 | AZ57: 2 | BA57: 2 | BB57: 3 | BC57: 3 | BD57: 3 | BE57: 3 | BF57: 3 | BG57: 4 | BH57: 4 | BI57: 4
A58: 50 | B58: MANCHE | AN58: 1 | AO58: 1 | AP58: 1 | AQ58: 1 | AR58: 1 | AS58: 1 | AT58: 2 | AU58: 2 | AV58: 2 | AW58: 2 | AX58: 2 | AY58: 2 | AZ58: 2 | BA58: 2 | BB58: 2 | BC58: 2 | BD58: 2 | BE58: 2 | BF58: 2 | BG58: 2 | BH58: 2 | BI58: 2
A59: 51 | B59: MARNE | AK59: 1 | AL59: 1 | AM59: 1 | AN59: 1 | AO59: 2 | AP59: 2 | AQ59: 2 | AR59: 2 | AS59: 2 | AT59: 2 | AU59: 2 | AV59: 2 | AW59: 2 | AX59: 2 | AY59: 2 | AZ59: 2 | BA59: 2 | BB59: 2 | BC59: 2 | BD59: 3 | BE59: 3 | BF59: 3 | BG59: 3 | BH59: 3 | BI59: 3
A60: 52 | B60: HAUTE-MARNE | AW60: 1 | AX60: 1 | AY60: 1 | AZ60: 1 | BA60: 1 | BB60: 1 | BC60: 1 | BD60: 1 | BE60: 1 | BF60: 1 | BG60: 1 | BH60: 1 | BI60: 1
A61: 53 | B61: MAYENNE | AM61: 1 | AN61: 1 | AO61: 1 | AP61: 1 | AQ61: 1 | AR61: 1 | AS61: 1 | AT61: 1 | AU61: 1 | AV61: 1 | AW61: 1 | AX61: 1 | AY61: 1 | AZ61: 1 | BA61: 1 | BB61: 1 | BC61: 1 | BD61: 1 | BE61: 1 | BF61: 1 | BG61: 1 | BH61: 1 | BI61: 1
A62: 54 | B62: MEURTHE-ET-MOSELLE | AH62: 1 | AI62: 1 | AJ62: 1 | AK62: 1 | AL62: 1 | AM62: 1 | AN62: 1 | AO62: 1 | AP62: 2 | AQ62: 2 | AR62: 2 | AS62: 2 | AT62: 2 | AU62: 2 | AV62: 2 | AW62: 2 | AX62: 2 | AY62: 2 | AZ62: 2 | BA62: 2 | BB62: 3 | BC62: 3 | BD62: 3 | BE62: 3 | BF62: 3 | BG62: 3 | BH62: 3 | BI62: 3
A63: 55 | B63: MEUSE | AZ63: 1 | BA63: 1 | BB63: 1 | BC63: 1 | BD63: 1 | BE63: 1 | BF63: 1 | BG63: 1 | BH63: 1 | BI63: 1
A64: 56 | B64: MORBIHAN | AJ64: 2 | AK64: 2 | AL64: 2 | AM64: 2 | AN64: 2 | AO64: 2 | AP64: 2 | AQ64: 2 | AR64: 2 | AS64: 2 | AT64: 2 | AU64: 2 | AV64: 2 | AW64: 2 | AX64: 2 | AY64: 2 | AZ64: 3 | BA64: 3 | BB64: 3 | BC64: 3 | BD64: 3 | BE64: 3 | BF64: 3 | BG64: 3 | BH64: 3 | BI64: 3
A65: 57 | B65: MOSELLE | AF65: 1 | AG65: 1 | AH65: 1 | AI65: 1 | AJ65: 2 | AK65: 3 | AL65: 3 | AM65: 3 | AN65: 4 | AO65: 4 | AP65: 5 | AQ65: 5 | AR65: 5 | AS65: 5 | AT65: 5 | AU65: 5 | AV65: 5 | AW65: 5 | AX65: 5 | AY65: 5 | AZ65: 5 | BA65: 5 | BB65: 5 | BC65: 5 | BD65: 5 | BE65: 5 | BF65: 5 | BG65: 6 | BH65: 6 | BI65: 6
A66: 58 | B66: NIEVRE | AF66: 1 | AG66: 1 | AH66: 1 | AI66: 1 | AJ66: 1 | AK66: 1 | AL66: 1 | AM66: 1 | AN66: 1 | AO66: 1 | AP66: 1 | AQ66: 1 | AR66: 1 | AS66: 1 | AT66: 1 | AU66: 1 | AV66: 1 | AW66: 1 | AX66: 1 | AY66: 1 | AZ66: 1 | BA66: 1 | BB66: 1 | BC66: 1 | BD66: 1 | BE66: 1 | BF66: 1 | BG66: 1 | BH66: 1 | BI66: 1
A67: 59 | B67: NORD | AC67: 3 | AD67: 3 | AE67: 3 | AF67: 3 | AG67: 5 | AH67: 5 | AI67: 4 | AJ67: 5 | AK67: 5 | AL67: 5 | AM67: 5 | AN67: 5 | AO67: 6 | AP67: 6 | AQ67: 7 | AR67: 7 | AS67: 7 | AT67: 8 | AU67: 8 | AV67: 8 | AW67: 8 | AX67: 8 | AY67: 8 | AZ67: 8 | BA67: 8 | BB67: 8 | BC67: 8 | BD67: 8 | BE67: 8 | BF67: 8 | BG67: 8 | BH67: 8 | BI67: 8
A68: 60 | B68: OISE | AL68: 2 | AM68: 3 | AN68: 3 | AO68: 3 | AP68: 3 | AQ68: 3 | AR68: 3 | AS68: 3 | AT68: 3 | AU68: 3 | AV68: 3 | AW68: 3 | AX68: 3 | AY68: 3 | AZ68: 3 | BA68: 3 | BB68: 3 | BC68: 3 | BD68: 3 | BE68: 3 | BF68: 3 | BG68: 3 | BH68: 3 | BI68: 3
A69: 61 | B69: ORNE
A70: 62 | B70: PAS-DE-CALAIS | AC70: 1 | AD70: 1 | AE70: 1 | AF70: 2 | AG70: 2 | AH70: 2 | AI70: 3 | AJ70: 5 | AK70: 6 | AL70: 6 | AM70: 6 | AN70: 6 | AO70: 6 | AP70: 5 | AQ70: 5 | AR70: 5 | AS70: 5 | AT70: 5 | AU70: 5 | AV70: 5 | AW70: 5 | AX70: 5 | AY70: 5 | AZ70: 5 | BA70: 5 | BB70: 5 | BC70: 5 | BD70: 5 | BE70: 6 | BF70: 6 | BG70: 6 | BH70: 6 | BI70: 7
A71: 63 | B71: PUY-DE-DOME | AK71: 1 | AL71: 1 | AM71: 1 | AN71: 1 | AO71: 1 | AP71: 1 | AQ71: 1 | AR71: 1 | AS71: 1 | AT71: 1 | AU71: 1 | AV71: 1 | AW71: 1 | AX71: 1 | AY71: 1 | AZ71: 1 | BA71: 1 | BB71: 2 | BC71: 2 | BD71: 2 | BE71: 2 | BF71: 2 | BG71: 2 | BH71: 2 | BI71: 2
A72: 64 | B72: PYRENEES-ATLANTIQUES | AG72: 1 | AH72: 1 | AI72: 1 | AJ72: 1 | AK72: 1 | AL72: 1 | AM72: 1 | AN72: 1 | AO72: 1 | AP72: 1 | AQ72: 1 | AR72: 1 | AS72: 1 | AT72: 1 | AU72: 1 | AV72: 1 | AW72: 1 | AX72: 1 | AY72: 1 | AZ72: 2 | BA72: 2 | BB72: 2 | BC72: 2 | BD72: 2 | BE72: 2 | BF72: 2 | BG72: 2 | BH72: 2 | BI72: 2
A73: 65 | B73: HAUTES-PYRENEES | AJ73: 1 | AK73: 1 | AL73: 1 | AM73: 1 | AN73: 1 | AO73: 1 | AP73: 1 | AQ73: 1 | AR73: 1 | AS73: 1 | AT73: 1 | AU73: 1 | AV73: 1 | AW73: 1 | AX73: 1 | AY73: 1 | AZ73: 1 | BA73: 1 | BB73: 1 | BC73: 1 | BD73: 1 | BE73: 1 | BF73: 1 | BG73: 1 | BH73: 1 | BI73: 1
A74: 66 | B74: PYRENEES-ORIENTALES | AC74: 1 | AD74: 1 | AE74: 1 | AF74: 1 | AG74: 1 | AH74: 1 | AI74: 1 | AJ74: 2 | AK74: 2 | AL74: 2 | AM74: 2 | AN74: 3 | AO74: 3 | AP74: 3 | AQ74: 3 | AR74: 2 | AS74: 2 | AT74: 2 | AU74: 2 | AV74: 2 | AW74: 2 | AX74: 2 | AY74: 2 | AZ74: 2 | BA74: 2 | BB74: 2 | BC74: 2 | BD74: 2 | BE74: 2 | BF74: 2 | BG74: 2 | BH74: 2 | BI74: 2
A75: 67 | B75: BAS-RHIN | AJ75: 2 | AK75: 3 | AL75: 3 | AM75: 3 | AN75: 3 | AO75: 3 | AP75: 3 | AQ75: 3 | AR75: 3 | AS75: 3 | AT75: 3 | AU75: 3 | AV75: 4 | AW75: 4 | AX75: 4 | AY75: 4 | AZ75: 4 | BA75: 4 | BB75: 4 | BC75: 4 | BD75: 4 | BE75: 4 | BF75: 4 | BG75: 4 | BH75: 4 | BI75: 4
A76: 68 | B76: HAUT-RHIN | AE76: 1 | AF76: 2 | AG76: 2 | AH76: 2 | AI76: 2 | AJ76: 3 | AK76: 3 | AL76: 3 | AM76: 3 | AN76: 2 | AO76: 2 | AP76: 2 | AQ76: 3 | AR76: 4 | AS76: 3 | AT76: 3 | AU76: 3 | AV76: 3 | AW76: 3 | AX76: 3 | AY76: 3 | AZ76: 3 | BA76: 3 | BB76: 3 | BC76: 3 | BD76: 3 | BE76: 3 | BF76: 3 | BG76: 3 | BH76: 3 | BI76: 3
A77: 69 | B77: RHONE | AC77: 3 | AD77: 3 | AE77: 3 | AF77: 3 | AG77: 3 | AH77: 4 | AI77: 4 | AJ77: 4 | AK77: 5 | AL77: 5 | AM77: 5 | AN77: 5 | AO77: 5 | AP77: 5 | AQ77: 5 | AR77: 5 | AS77: 6 | AT77: 6 | AU77: 6 | AV77: 6 | AW77: 7 | AX77: 7 | AY77: 7 | AZ77: 7 | BA77: 7 | BB77: 9 | BC77: 9 | BD77: 9 | BE77: 9 | BF77: 9 | BG77: 9 | BH77: 9 | BI77: 9
A78: 70 | B78: HAUTE-SAONE | AP78: 1 | AQ78: 1 | AR78: 1 | AS78: 1 | AT78: 1 | AU78: 1 | AV78: 1 | AW78: 1 | AX78: 1 | AY78: 1 | AZ78: 1 | BA78: 1 | BB78: 1 | BC78: 1 | BD78: 1 | BE78: 1 | BF78: 1 | BG78: 1 | BH78: 1 | BI78: 1
A79: 71 | B79: SAONE-ET-LOIRE | AX79: 1 | AY79: 1 | AZ79: 1 | BA79: 1 | BB79: 1 | BC79: 2 | BD79: 2 | BE79: 2 | BF79: 2 | BG79: 2 | BH79: 2 | BI79: 2
A80: 72 | B80: SARTHE | AJ80: 1 | AK80: 1 | AL80: 1 | AM80: 1 | AN80: 1 | AO80: 1 | AP80: 1 | AQ80: 1 | AR80: 1 | AS80: 1 | AT80: 1 | AU80: 1 | AV80: 1 | AW80: 1 | AX80: 1 | AY80: 2 | AZ80: 2 | BA80: 2 | BB80: 2 | BC80: 2 | BD80: 2 | BE80: 2 | BF80: 2 | BG80: 2 | BH80: 2 | BI80: 2
A81: 73 | B81: SAVOIE | AQ81: 1 | AR81: 1 | AS81: 1 | AT81: 1 | AU81: 1 | AV81: 1 | AW81: 2 | AX81: 2 | AY81: 2 | AZ81: 2 | BA81: 2 | BB81: 2 | BC81: 2 | BD81: 2 | BE81: 2 | BF81: 2 | BG81: 2 | BH81: 2 | BI81: 2
A82: 74 | B82: HAUTE-SAVOIE | AH82: 1 | AI82: 1 | AJ82: 1 | AK82: 1 | AL82: 2 | AM82: 3 | AN82: 3 | AO82: 3 | AP82: 3 | AQ82: 3 | AR82: 3 | AS82: 3 | AT82: 3 | AU82: 3 | AV82: 4 | AW82: 4 | AX82: 4 | AY82: 4 | AZ82: 4 | BA82: 4 | BB82: 4 | BC82: 4 | BD82: 4 | BE82: 4 | BF82: 4 | BG82: 5 | BH82: 5 | BI82: 5
A83: 75 | B83: PARIS | AC83: 3 | AD83: 3 | AE83: 4 | AF83: 5 | AG83: 4 | AH83: 4 | AI83: 6 | AJ83: 6 | AK83: 6 | AL83: 6 | AM83: 6 | AN83: 7 | AO83: 7 | AP83: 7 | AQ83: 7 | AR83: 7 | AS83: 7 | AT83: 7 | AU83: 7 | AV83: 7 | AW83: 7 | AX83: 9 | AY83: 9 | AZ83: 9 | BA83: 12 | BB83: 12 | BC83: 13 | BD83: 13 | BE83: 13 | BF83: 13 | BG83: 14 | BH83: 14 | BI83: 14
A84: 76 | B84: SEINE-MARITIME | AC84: 1 | AD84: 1 | AE84: 1 | AF84: 1 | AG84: 1 | AH84: 1 | AI84: 1 | AJ84: 3 | AK84: 4 | AL84: 4 | AM84: 4 | AN84: 3 | AO84: 3 | AP84: 3 | AQ84: 3 | AR84: 3 | AS84: 3 | AT84: 5 | AU84: 4 | AV84: 4 | AW84: 4 | AX84: 4 | AY84: 4 | AZ84: 4 | BA84: 4 | BB84: 4 | BC84: 4 | BD84: 5 | BE84: 5 | BF84: 5 | BG84: 6 | BH84: 6 | BI84: 6
A85: 77 | B85: SEINE-ET-MARNE | AH85: 1 | AI85: 1 | AJ85: 1 | AK85: 1 | AL85: 1 | AM85: 2 | AN85: 2 | AO85: 3 | AP85: 3 | AQ85: 3 | AR85: 3 | AS85: 3 | AT85: 4 | AU85: 4 | AV85: 4 | AW85: 4 | AX85: 5 | AY85: 5 | AZ85: 5 | BA85: 5 | BB85: 5 | BC85: 5 | BD85: 6 | BE85: 6 | BF85: 6 | BG85: 6 | BH85: 6 | BI85: 6
A86: 78 | B86: YVELINES | AC86: 1 | AD86: 1 | AE86: 1 | AF86: 1 | AG86: 1 | AH86: 1 | AI86: 1 | AJ86: 2 | AK86: 2 | AL86: 3 | AM86: 3 | AN86: 3 | AO86: 4 | AP86: 4 | AQ86: 4 | AR86: 4 | AS86: 4 | AT86: 4 | AU86: 4 | AV86: 4 | AW86: 4 | AX86: 4 | AY86: 4 | AZ86: 4 | BA86: 4 | BB86: 4 | BC86: 4 | BD86: 6 | BE86: 6 | BF86: 7 | BG86: 7 | BH86: 7 | BI86: 7
A87: 79 | B87: DEUX-SEVRES | AR87: 1 | AS87: 1 | AT87: 1 | AU87: 1 | AV87: 1 | AW87: 1 | AX87: 1 | AY87: 1 | AZ87: 1 | BA87: 1 | BB87: 1 | BC87: 1 | BD87: 1 | BE87: 1 | BF87: 1 | BG87: 1 | BH87: 1 | BI87: 1
A88: 80 | B88: SOMME | AP88: 1 | AQ88: 1 | AR88: 1 | AS88: 1 | AT88: 1 | AU88: 1 | AV88: 1 | AW88: 1 | AX88: 1 | AY88: 1 | AZ88: 1 | BA88: 1 | BB88: 2 | BC88: 2 | BD88: 2 | BE88: 2 | BF88: 2 | BG88: 2 | BH88: 2 | BI88: 2
A89: 81 | B89: TARN | AX89: 1 | AY89: 1 | AZ89: 1 | BA89: 1 | BB89: 1 | BC89: 1 | BD89: 1 | BE89: 1 | BF89: 1 | BG89: 1 | BH89: 2 | BI89: 2
A90: 82 | B90: TARN-ET-GARONNE | AR90: 1 | AS90: 1 | AT90: 1 | AU90: 1 | AV90: 1 | AW90: 1 | AX90: 1 | AY90: 1 | AZ90: 1 | BA90: 1 | BB90: 1 | BC90: 1 | BD90: 1 | BE90: 1 | BF90: 1 | BG90: 1 | BH90: 1 | BI90: 1
A91: 83 | B91: VAR | AD91: 1 | AE91: 1 | AF91: 1 | AG91: 1 | AH91: 1 | AI91: 1 | AJ91: 1 | AK91: 1 | AL91: 1 | AM91: 1 | AN91: 2 | AO91: 2 | AP91: 2 | AQ91: 2 | AR91: 2 | AS91: 2 | AT91: 2 | AU91: 2 | AV91: 2 | AW91: 2 | AX91: 2 | AY91: 2 | AZ91: 2 | BA91: 3 | BB91: 2 | BC91: 2 | BD91: 2 | BE91: 2 | BF91: 2 | BG91: 2 | BH91: 2 | BI91: 2
A92: 84 | B92: VAUCLUSE | AF92: 1 | AG92: 1 | AH92: 1 | AI92: 1 | AJ92: 1 | AK92: 1 | AL92: 1 | AM92: 1 | AN92: 1 | AO92: 1 | AP92: 1 | AQ92: 1 | AR92: 1 | AS92: 1 | AT92: 2 | AU92: 2 | AV92: 2 | AW92: 2 | AX92: 2 | AY92: 2 | AZ92: 2 | BA92: 2 | BB92: 2 | BC92: 2 | BD92: 2 | BE92: 2 | BF92: 2 | BG92: 2 | BH92: 2 | BI92: 2
A93: 85 | B93: VENDEE | AL93: 1 | AM93: 1 | AN93: 1 | AO93: 1 | AP93: 1 | AQ93: 1 | AR93: 1 | AS93: 1 | AT93: 1 | AU93: 1 | AV93: 1 | AW93: 1 | AX93: 1 | AY93: 1 | AZ93: 1 | BA93: 1 | BB93: 1 | BC93: 1 | BD93: 1 | BE93: 1 | BF93: 1 | BG93: 1 | BH93: 1 | BI93: 1
A94: 86 | B94: VIENNE | AC94: 1 | AD94: 1 | AE94: 1 | AF94: 1 | AG94: 1 | AH94: 1 | AI94: 2 | AJ94: 2 | AK94: 2 | AL94: 2 | AM94: 2 | AN94: 2 | AO94: 2 | AP94: 2 | AQ94: 2 | AR94: 2 | AS94: 2 | AT94: 2 | AU94: 2 | AV94: 2 | AW94: 3 | AX94: 2 | AY94: 2 | AZ94: 2 | BA94: 2 | BB94: 2 | BC94: 2 | BD94: 2 | BE94: 2 | BF94: 2 | BG94: 2 | BH94: 2 | BI94: 2
A95: 87 | B95: HAUTE-VIENNE | AG95: 1 | AH95: 1 | AI95: 1 | AJ95: 1 | AK95: 1 | AL95: 1 | AM95: 1 | AN95: 1 | AO95: 1 | AP95: 1 | AQ95: 1 | AR95: 1 | AS95: 2 | AT95: 2 | AU95: 2 | AV95: 2 | AW95: 2 | AX95: 2 | AY95: 2 | AZ95: 2 | BA95: 2 | BB95: 2 | BC95: 2 | BD95: 2 | BE95: 2 | BF95: 2 | BG95: 2 | BH95: 2 | BI95: 2
A96: 88 | B96: VOSGES | AV96: 1 | AW96: 1 | AX96: 1 | AY96: 1 | AZ96: 1 | BA96: 1 | BB96: 1 | BC96: 1 | BD96: 1 | BE96: 1 | BF96: 1 | BG96: 1 | BH96: 1 | BI96: 1
A97: 89 | B97: YONNE | AJ97: 1 | AK97: 1 | AL97: 1 | AM97: 1 | AN97: 1 | AO97: 1 | AP97: 1 | AQ97: 1 | AR97: 1 | AS97: 1 | AT97: 1 | AU97: 1 | AV97: 1 | AW97: 1 | AX97: 1 | AY97: 1 | AZ97: 1 | BA97: 1 | BB97: 1 | BC97: 1 | BD97: 1 | BE97: 1 | BF97: 1 | BG97: 1 | BH97: 1 | BI97: 1
A98: 90 | B98: TERRITOIRE DE BELFORT | AM98: 1 | AN98: 1 | AO98: 1 | AP98: 1 | AQ98: 1 | AR98: 1 | AS98: 1 | AT98: 1 | AU98: 1 | AV98: 1 | AW98: 1 | AX98: 1 | AY98: 1 | AZ98: 1 | BA98: 1 | BB98: 1 | BC98: 1 | BD98: 1 | BE98: 1 | BF98: 1 | BG98: 1 | BH98: 1 | BI98: 1
A99: 91 | B99: ESSONNE | AL99: 1 | AM99: 1 | AN99: 1 | AO99: 1 | AP99: 1 | AQ99: 1 | AR99: 1 | AS99: 1 | AT99: 1 | AU99: 1 | AV99: 1 | AW99: 1 | AX99: 1 | AY99: 1 | AZ99: 1 | BA99: 1 | BB99: 2 | BC99: 3 | BD99: 3 | BE99: 3 | BF99: 3 | BG99: 3 | BH99: 3 | BI99: 3
A100: 92 | B100: HAUTS-DE-SEINE | AC100: 1 | AD100: 1 | AE100: 1 | AF100: 1 | AG100: 2 | AH100: 2 | AI100: 2 | AJ100: 2 | AK100: 2 | AL100: 2 | AM100: 2 | AN100: 2 | AO100: 2 | AP100: 2 | AQ100: 2 | AR100: 2 | AS100: 2 | AT100: 2 | AU100: 2 | AV100: 2 | AW100: 2 | AX100: 2 | AY100: 2 | AZ100: 3 | BA100: 3 | BB100: 3 | BC100: 3 | BD100: 3 | BE100: 4 | BF100: 4 | BG100: 4 | BH100: 4 | BI100: 4
A101: 93 | B101: SEINE-SAINT-DENIS | AC101: 1 | AD101: 1 | AE101: 1 | AF101: 1 | AG101: 1 | AH101: 2 | AI101: 3 | AJ101: 3 | AK101: 3 | AL101: 3 | AM101: 4 | AN101: 4 | AO101: 4 | AP101: 4 | AQ101: 4 | AR101: 4 | AS101: 4 | AT101: 4 | AU101: 4 | AV101: 4 | AW101: 4 | AX101: 5 | AY101: 6 | AZ101: 6 | BA101: 6 | BB101: 6 | BC101: 6 | BD101: 6 | BE101: 6 | BF101: 6 | BG101: 6 | BH101: 6 | BI101: 6
A102: 94 | B102: VAL-DE-MARNE | AC102: 1 | AD102: 1 | AE102: 1 | AF102: 1 | AG102: 1 | AH102: 1 | AI102: 1 | AJ102: 1 | AK102: 1 | AL102: 1 | AM102: 2 | AN102: 2 | AO102: 3 | AP102: 3 | AQ102: 3 | AR102: 3 | AS102: 3 | AT102: 3 | AU102: 3 | AV102: 3 | AW102: 3 | AX102: 3 | AY102: 3 | AZ102: 3 | BA102: 3 | BB102: 3 | BC102: 4 | BD102: 4 | BE102: 4 | BF102: 4 | BG102: 4 | BH102: 4 | BI102: 4
A103: 95 | B103: VAL-D'OISE | AL103: 1 | AM103: 1 | AN103: 1 | AO103: 1 | AP103: 1 | AQ103: 1 | AR103: 1 | AS103: 1 | AT103: 1 | AU103: 1 | AV103: 1 | AW103: 1 | AX103: 1 | AY103: 1 | AZ103: 1 | BA103: 1 | BB103: 3 | BC103: 3 | BD103: 3 | BE103: 3 | BF103: 3 | BG103: 3 | BH103: 3 | BI103: 3
B104: TOTAL | C104: =SUM(C8:C103) -> 0 | D104: =SUM(D8:D103) -> 0 | E104: =SUM(E8:E103) -> 0 | F104: =SUM(F8:F103) -> 0 | G104: =SUM(G8:G103) -> 0 | H104: =SUM(H8:H103) -> 0 | I104: =SUM(I8:I103) -> 0 | J104: =SUM(J8:J103) -> 0 | ... AF104: =SUM(AF8:AF103) -> 44 | AG104: 53 | AH104: 64 | AI104: 73 | AJ104: 92 | AK104: 108 | AL104: 120 | AM104: 129 | AN104: 135 | AO104: 143 | AP104: 149 | AQ104: 151 | AR104: 158 | AS104: 164 | AT104: 171 | AU104: 172 | AV104: 176 | AW104: 181 | AX104: 188 | AY104: 191 | AZ104: 203 | BA104: 209 | BB104: 219 | BC104: 226 | BD104: 232 | BE104: 233 | BF104: 240 | BG104: 247 | BH104: 249 | BI104: 251

Sheet séances
A2: Retour au menu "Départements"
A5: Séances par département (milliers)
C7: 1966 | D7: 1967 | E7: 1968 | F7: 1969 | G7: 1970 | H7: 1971 | I7: 1972 | J7: 1973 | K7: 1974 | L7: 1975 | M7: 1976 | N7: 1977 | O7: 1978 | P7: 1979 | Q7: 1980 | R7: 1981 | S7: 1982 | T7: 1983 | U7: 1984 | V7: 1985 | W7: 1986 | X7: 1987 | Y7: 1988 | Z7: 1989 | AA7: 1990 | AB7: 1991 | AC7: 1992 | AD7: 1993 | AE7: 1994 | AF7: 1995 | AG7: 1996 | AH7: 1997 | AI7: 1998 | AJ7: 1999 | AK7: 2000 | AL7: 2001 | AM7: 2002 | AN7: 2003 | AO7: 2004 | AP7: 2005 | AQ7: 2006 | AR7: 2007 | AS7: 2008 | AT7: 2009 | AU7: 2010 | AV7: 2011 | AW7: 2012 | AX7: 2013 | AY7: 2014 | AZ7: 2015 | BA7: 2016 | BB7: 2017 | BC7: 2018 | BD7: 2019 | BE7: 2020 | BF7: 2021 | BG7: 2022 | BH7: 2023 | BI7: 2024
A8: 01 | B8: AIN | AC8: 21626 | AD8: 20270 | AE8: 20472 | AF8: 21408 | AG8: 23063 | AH8: 23780 | AI8: 24774 | AJ8: 23822 | AK8: 25349 | AL8: 26565 | AM8: 26373 | AN8: 26726 | AO8: 27917 | AP8: 29336 | AQ8: 29230 | AR8: 28062 | AS8: 30433 | AT8: 34892 | AU8: 34981 | AV8: 34709 | AW8: 35727 | AX8: 35668 | AY8: 36965 | AZ8: 37812 | BA8: 38265 | BB8: 37964 | BC8: 39840 | BD8: 39846 | BE8: 19058 | BF8: 21457 | BG8: 36793 | BH8: 34916 | BI8: 35835
A9: 02 | B9: AISNE | AC9: 21474 | AD9: 21894 | AE9: 21354 | AF9: 21353 | AG9: 23343 | AH9: 24848 | AI9: 26048 | AJ9: 26182 | AK9: 26329 | AL9: 28175 | AM9: 28185 | AN9: 29825 | AO9: 32075 | AP9: 30696 | AQ9: 31109 | AR9: 39225 | AS9: 45519 | AT9: 46081 | AU9: 47442 | AV9: 48860 | AW9: 49106 | AX9: 50680 | AY9: 51260 | AZ9: 51327 | BA9: 52531 | BB9: 52593 | BC9: 56341 | BD9: 55545 | BE9: 27860 | BF9: 34574 | BG9: 51979 | BH9: 50698 | BI9: 51479
A10: 03 | B10: ALLIER | AC10: 16233 | AD10: 15632 | AE10: 16278 | AF10: 18163 | AG10: 17498 | AH10: 18576 | AI10: 16388 | AJ10: 15953 | AK10: 17293 | AL10: 18441 | AM10: 17177 | AN10: 16777 | AO10: 19172 | AP10: 21475 | AQ10: 21710 | AR10: 21049 | AS10: 21802 | AT10: 20995 | AU10: 22357 | AV10: 24951 | AW10: 34090 | AX10: 34733 | AY10: 35309 | AZ10: 35326 | BA10: 35264 | BB10: 34671 | BC10: 38252 | BD10: 38200 | BE10: 18265 | BF10: 22122 | BG10: 37138 | BH10: 35334 | BI10: 35434
A11: 04 | B11: ALPES-DE-HAUTE-PROVENCE | AC11: 12012 | AD11: 12679 | AE11: 11901 | AF11: 13146 | AG11: 14196 | AH11: 14231 | AI11: 14919 | AJ11: 16551 | AK11: 16427 | AL11: 16554 | AM11: 17457 | AN11: 17644 | AO11: 18175 | AP11: 17977 | AQ11: 18149 | AR11: 19023 | AS11: 19887 | AT11: 20280 | AU11: 20518 | AV11: 20863 | AW11: 20693 | AX11: 20299 | AY11: 21680 | AZ11: 22312 | BA11: 23855 | BB11: 24771 | BC11: 27171 | BD11: 35147 | BE11: 17004 | BF11: 20726 | BG11: 33777 | BH11: 30400 | BI11: 30364
A12: 05 | B12: HAUTES-ALPES | AC12: 10706 | AD12: 12067 | AE12: 12893 | AF12: 13958 | AG12: 15119 | AH12: 15744 | AI12: 17800 | AJ12: 19004 | AK12: 19502 | AL12: 21620 | AM12: 20617 | AN12: 20311 | AO12: 20403 | AP12: 20372 | AQ12: 20859 | AR12: 20355 | AS12: 20176 | AT12: 20185 | AU12: 19824 | AV12: 19395 | AW12: 21514 | AX12: 21491 | AY12: 22454 | AZ12: 21955 | BA12: 22614 | BB12: 22992 | BC12: 23557 | BD12: 28275 | BE12: 16516 | BF12: 16106 | BG12: 27933 | BH12: 26951 | BI12: 26282
A13: 06 | B13: ALPES-MARITIMES | AC13: 77488 | AD13: 75917 | AE13: 79226 | AF13: 80222 | AG13: 82536 | AH13: 84467 | AI13: 84038 | AJ13: 89179 | AK13: 107678 | AL13: 109101 | AM13: 109754 | AN13: 113048 | AO13: 114544 | AP13: 109651 | AQ13: 111488 | AR13: 113330 | AS13: 120405 | AT13: 116973 | AU13: 121078 | AV13: 126652 | AW13: 125428 | AX13: 128398 | AY13: 128059 | AZ13: 133182 | BA13: 145437 | BB13: 148661 | BC13: 166207 | BD13: 160336 | BE13: 78307 | BF13: 94108 | BG13: 177758 | BH13: 174954 | BI13: 191145
A14: 07 | B14: ARDECHE | AC14: 9523 | AD14: 9586 | AE14: 10266 | AF14: 11711 | AG14: 11466 | AH14: 11181 | AI14: 11493 | AJ14: 11026 | AK14: 10973 | AL14: 11818 | AM14: 12089 | AN14: 11897 | AO14: 12529 | AP14: 12830 | AQ14: 13310 | AR14: 13464 | AS14: 13570 | AT14: 13724 | AU14: 14173 | AV14: 14732 | AW14: 15461 | AX14: 17184 | AY14: 17888 | AZ14: 18154 | BA14: 18618 | BB14: 18452 | BC14: 20602 | BD14: 21538 | BE14: 10659 | BF14: 14180 | BG14: 23956 | BH14: 22818 | BI14: 23145
A15: 08 | B15: ARDENNES | AC15: 10517 | AD15: 10653 | AE15: 12236 | AF15: 12227 | AG15: 12136 | AH15: 12085 | AI15: 12747 | AJ15: 13194 | AK15: 13247 | AL15: 13106 | AM15: 12786 | AN15: 12640 | AO15: 21981 | AP15: 21037 | AQ15: 21752 | AR15: 20020 | AS15: 20826 | AT15: 22410 | AU15: 22566 | AV15: 23213 | AW15: 23163 | AX15: 22622 | AY15: 22836 | AZ15: 23476 | BA15: 23521 | BB15: 23177 | BC15: 23389 | BD15: 22626 | BE15: 9922 | BF15: 13448 | BG15: 22473 | BH15: 21582 | BI15: 22052
A16: 09 | B16: ARIEGE | AC16: 2836 | AD16: 3289 | AE16: 3901 | AF16: 4038 | AG16: 4317 | AH16: 4771 | AI16: 4911 | AJ16: 5192 | AK16: 5529 | AL16: 5453 | AM16: 5556 | AN16: 4935 | AO16: 4991 | AP16: 5581 | AQ16: 5298 | AR16: 5470 | AS16: 5491 | AT16: 5547 | AU16: 5405 | AV16: 5405 | AW16: 5252 | AX16: 5580 | AY16: 5654 | AZ16: 5796 | BA16: 6130 | BB16: 6667 | BC16: 7486 | BD16: 8396 | BE16: 4402 | BF16: 5595 | BG16: 9480 | BH16: 9653 | BI16: 9737
A17: 10 | B17: AUBE | AC17: 12333 | AD17: 12627 | AE17: 12923 | AF17: 12947 | AG17: 12869 | AH17: 13270 | AI17: 12603 | AJ17: 12733 | AK17: 13281 | AL17: 20676 | AM17: 19970 | AN17: 19020 | AO17: 20703 | AP17: 20440 | AQ17: 20657 | AR17: 20465 | AS17: 20206 | AT17: 19692 | AU17: 19400 | AV17: 19885 | AW17: 18493 | AX17: 20708 | AY17: 21562 | AZ17: 22109 | BA17: 26832 | BB17: 27826 | BC17: 34303 | BD17: 35675 | BE17: 17228 | BF17: 20937 | BG17: 34178 | BH17: 39378 | BI17: 40160
A18: 11 | B18: AUDE | AC18: 13152 | AD18: 12999 | AE18: 13552 | AF18: 13224 | AG18: 13876 | AH18: 14462 | AI18: 14004 | AJ18: 15856 | AK18: 18152 | AL18: 22232 | AM18: 28834 | AN18: 27615 | AO18: 28687 | AP18: 31775 | AQ18: 31534 | AR18: 32869 | AS18: 41677 | AT18: 41796 | AU18: 41244 | AV18: 42574 | AW18: 44250 | AX18: 44338 | AY18: 44747 | AZ18: 44822 | BA18: 45405 | BB18: 45614 | BC18: 48895 | BD18: 47957 | BE18: 23307 | BF18: 31403 | BG18: 51247 | BH18: 47854 | BI18: 48020
A19: 12 | B19: AVEYRON | AC19: 11793 | AD19: 11802 | AE19: 11837 | AF19: 12756 | AG19: 13295 | AH19: 14372 | AI19: 13908 | AJ19: 14028 | AK19: 15498 | AL19: 15539 | AM19: 15150 | AN19: 15592 | AO19: 16099 | AP19: 16351 | AQ19: 17229 | AR19: 17724 | AS19: 17303 | AT19: 16988 | AU19: 17082 | AV19: 18938 | AW19: 20260 | AX19: 23396 | AY19: 32775 | AZ19: 32972 | BA19: 33447 | BB19: 34041 | BC19: 37553 | BD19: 37566 | BE19: 17746 | BF19: 21999 | BG19: 36795 | BH19: 33923 | BI19: 34182
... A103: 95 | B103: VAL-D'OISE | AC103: 49205 | AD103: 43188 | AE103: 43483 | AF103: 46803 | AG103: 47659 | AH103: 44604 | AI103: 44706 | AJ103: 45636 | AK103: 46128 | AL103: 61364 | AM103: 66314 | AN103: 68397 | AO103: 69228 | AP103: 62806 | AQ103: 58639 | AR103: 67421 | AS103: 70642 | AT103: 73373 | AU103: 73614 | AV103: 73616 | AW103: 70492 | AX103: 71295 | AY103: 74568 | AZ103: 74191 | BA103: 73712 | BB103: 82679 | BC103: 111553 | BD103: 112557 | BE103: 55090 | BF103: 63166 | BG103: 102917 | BH103: 97988 | BI103: 100190
B104: TOTAL | C104: =SUM(C8:C103) -> 0 | D104: =SUM(D8:D103) -> 0 | E104: =SUM(E8:E103) -> 0 | F104: =SUM(F8:F103) -> 0 | G104: =SUM(G8:G103) -> 0 | H104: =SUM(H8:H103) -> 0 | I104: =SUM(I8:I103) -> 0 | J104: =SUM(J8:J103) -> 0 | ... AF104: =SUM(AF8:AF103) -> 3909469 | AG104: 4211179 | AH104: 4493422 | AI104: 4627572.8 | AJ104: 4998997 | AK104: 5250168 | AL104: 5533726 | AM104: 5624239 | AN104: 5773517 | AO104: 6054415 | AP104: 6087834 | AQ104: 6239684 | AR104: 6295920 | AS104: 6581685 | AT104: 6708552 | AU104: 6844819 | AV104: 7044496 | AW104: 7151601 | AX104: 7268671 | AY104: 7581503 | AZ104: 7780823 | BA104: 8017529 | BB104: 8166449 | BC104: 8453383 | BD104: 8572481 | BE104: 4230251 | BF104: 5042169 | BG104: 8402717 | BH104: 8336114 | BI104: 8575634

Sheet entrées
A2: Retour au menu "Départements"
A5: Entrées par département (millions)
C7: 1966 | D7: 1967 | E7: 1968 | F7: 1969 | G7: 1970 | H7: 1971 | I7: 1972 | J7: 1973 | K7: 1974 | L7: 1975 | M7: 1976 | N7: 1977 | O7: 1978 | P7: 1979 | Q7: 1980 | R7: 1981 | S7: 1982 | T7: 1983 | U7: 1984 | V7: 1985 | W7: 1986 | X7: 1987 | Y7: 1988 | Z7: 1989 | AA7: 1990 | AB7: 1991 | AC7: 1992 | AD7: 1993 | AE7: 1994 | AF7: 1995 | AG7: 1996 | AH7: 1997 | AI7: 1998 | AJ7: 1999 | AK7: 2000 | AL7: 2001 | AM7: 2002 | AN7: 2003 | AO7: 2004 | AP7: 2005 | AQ7: 2006 | AR7: 2007 | AS7: 2008 | AT7: 2009 | AU7: 2010 | AV7: 2011 | AW7: 2012 | AX7: 2013 | AY7: 2014 | AZ7: 2015 | BA7: 2016 | BB7: 2017 | BC7: 2018 | BD7: 2019 | BE7: 2020 | BF7: 2021 | BG7: 2022 | BH7: 2023 | BI7: 2024
A8: 01 | B8: AIN | C8: 802733 | D8: 731594 | E8: 711298 | F8: 617923 | G8: 632750 | H8: 598529 | I8: 614866 | J8: 557997 | K8: 533322 | L8: 537169 | M8: 519426 | N8: 489714 | O8: 502166 | P8: 535936 | Q8: 449383 | R8: 573999 | S8: 848496 | T8: 872823 | U8: 870330 | V8: 816541 | W8: 832789 | X8: 660777.11 | Y8: 599622.84 | Z8: 623480.16 | AA8: 627873.61 | AB8: 623640.93 | AC8: 600483 | AD8: 704773 | AE8: 560305 | AF8: 612447 | AG8: 632894 | AH8: 681540 | AI8: 784805 | AJ8: 656386 | AK8: 687650 | AL8: 788612 | AM8: 765346 | AN8: 662526 | AO8: 787816 | AP8: 705600 | AQ8: 776277 | AR8: 729506 | AS8: 789447 | AT8: 933993 | AU8: 995001 | AV8: 1059327 | AW8: 997586 | AX8: 953588 | AY8: 1072531 | AZ8: 1099942 | BA8: 1155936 | BB8: 1103512 | BC8: 1076696 | BD8: 1130577 | BE8: 324124 | BF8: 451182 | BG8: 755799 | BH8: 901892 | BI8: 953825
A9: 02 | B9: AISNE | C9: 1414330 | D9: 1314318 | E9: 1296604 | F9: 1071328 | G9: 1137742 | H9: 1040276 | I9: 1113584 | J9: 1088907 | K9: 1070818 | L9: 1116738 | M9: 979009 | N9: 856749 | O9: 1026849 | P9: 995531 | Q9: 956666 | R9: 1134795 | S9: 1197469 | T9: 1180813 | U9: 1110105 | V9: 974646 | W9: 956002 | X9: 696991.37 | Y9: 593763.29 | Z9: 568428.05 | AA9: 623259.7 | AB9: 592127.12 | AC9: 525640 | AD9: 679910 | AE9: 578064 | AF9: 593027 | AG9: 635072 | AH9: 707291 | AI9: 874276 | AJ9: 688190 | AK9: 712351 | AL9: 777069 | AM9: 728561 | AN9: 663948 | AO9: 742111 | AP9: 605540 | AQ9: 683519 | AR9: 684104 | AS9: 822318 | AT9: 832960 | AU9: 850859 | AV9: 990919 | AW9: 907341 | AX9: 826978 | AY9: 966123 | AZ9: 976093 | BA9: 1023600 | BB9: 1002742 | BC9: 951279 | BD9: 971972 | BE9: 266269 | BF9: 426705 | BG9: 627036 | BH9: 803829 | BI9: 783589
A10: 03 | B10: ALLIER | C10: 1380363 | D10: 1315849 | E10: 1270958 | F10: 1144726 | G10: 1113559 | H10: 1046932 | I10: 1097246 | J10: 1007605 | K10: 971656 | L10: 961736 | M10: 915446 | N10: 815066 | O10: 817351 | P10: 814433 | Q10: 737856 | R10: 837652 | S10: 957256 | T10: 888170 | U10: 826207 | V10: 738542 | W10: 723053 | X10: 507551.43 | Y10: 437832.89 | Z10: 416206.38 | AA10: 423960.36 | AB10: 379002.38 | AC10: 373449 | AD10: 439435 | AE10: 355327 | AF10: 451527 | AG10: 438060 | AH10: 468449 | AI10: 547337 | AJ10: 423153 | AK10: 421639 | AL10: 534630 | AM10: 497223 | AN10: 449114 | AO10: 550843 | AP10: 503556 | AQ10: 612139 | AR10: 563546 | AS10: 562990 | AT10: 575547 | AU10: 605943 | AV10: 663861 | AW10: 715344 | AX10: 675584 | AY10: 749120 | AZ10: 742880 | BA10: 771648 | BB10: 738024 | BC10: 705809 | BD10: 735953 | BE10: 204450 | BF10: 333726 | BG10: 510497 | BH10: 618919 | BI10: 640967
A11: 04 | B11: ALPES-DE-HAUTE-PROVENCE | C11: 424860 | D11: 348652 | E11: 324081 | F11: 275244 | G11: 262797 | H11: 238468 | I11: 244392 | J11: 261627 | K11: 245909 | L11: 278756 | M11: 289109 | N11: 267033 | O11: 304891 | P11: 335289 | Q11: 336976 | R11: 375563 | S11: 458019 | T11: 451834 | U11: 404867 | V11: 369497 | W11: 441270 | X11: 305500.62 | Y11: 278571.07 | Z11: 277119.82 | AA11: 289166.81 | AB11: 264805.9 | AC11: 260037 | AD11: 298496 | AE11: 239796 | AF11: 310157 | AG11: 311093 | AH11: 352522 | AI11: 417140 | AJ11: 379227 | AK11: 381947 | AL11: 459279 | AM11: 450717 | AN11: 421209 | AO11: 491598 | AP11: 415895 | AQ11: 453736 | AR11: 435974 | AS11: 461321 | AT11: 472689 | AU11: 482817 | AV11: 501199 | AW11: 447705 | AX11: 421951 | AY11: 466848 | AZ11: 470297 | BA11: 508618 | BB11: 479622 | BC11: 495146 | BD11: 568676 | BE11: 166979 | BF11: 228080 | BG11: 390939 | BH11: 447493 | BI11: 441350
A12: 05 | B12: HAUTES-ALPES | C12: 446332 | D12: 417170 | E12: 405441 | F12: 365908 | G12: 397502 | H12: 358858 | I12: 365309 | J12: 370832 | K12: 365219 | L12: 386256 | M12: 398051 | N12: 376288 | O12: 429438 | P12: 449216 | Q12: 412014 | R12: 418798 | S12: 526031 | T12: 525013 | U12: 517546 | V12: 551243 | W12: 541246 | X12: 457600.91 | Y12: 405924.46 | Z12: 394905.44 | AA12: 392023.74 | AB12: 365175.57 | AC12: 355580 | AD12: 436936 | AE12: 400777 | AF12: 442357 | AG12: 427996 | AH12: 429988 | AI12: 533340 | AJ12: 467189 | AK12: 477142 | AL12: 579429 | AM12: 535935 | AN12: 465629 | AO12: 519096 | AP12: 430018 | AQ12: 472080 | AR12: 430185 | AS12: 423739 | AT12: 425408 | AU12: 426093 | AV12: 447708 | AW12: 405703 | AX12: 385285 | AY12: 422463 | AZ12: 431637 | BA12: 457111 | BB12: 444859 | BC12: 432427 | BD12: 484635 | BE12: 171374 | BF12: 212653 | BG12: 368468 | BH12: 428990 | BI12: 450673
A13: 06 | B13: ALPES-MARITIMES | C13: 6764701 | D13: 5811565 | E13: 5405970 | F13: 5026399 | G13: 4909620 | H13: 4728590 | I13: 4963193 | J13: 4725730 | K13: 4673113 | L13: 4814280 | M13: 4719191 | N13: 4439425 | O13: 4749206 | P13: 4617177 | Q13: 4305353 | R13: 4439499 | S13: 4654720 | T13: 4481834 | U13: 4239832 | V13: 3947734 | W13: 3888964 | X13: 3302737.4 | Y13: 2872030 | Z13: 2824592.5 | AA13: 2683493.5 | AB13: 2604071.5 | AC13: 2570298 | AD13: 2726304 | AE13: 2574821 | AF13: 2691005 | AG13: 2688207 | AH13: 2900879 | AI13: 3140180 | AJ13: 2784339 | AK13: 3164717 | AL13: 3579643 | AM13: 3498671 | AN13: 3302912 | AO13: 3651019 | AP13: 3150987 | AQ13: 3283605 | AR13: 3120903 | AS13: 3379469 | AT13: 3656003 | AU13: 3957715 | AV13: 3974959 | AW13: 3755587 | AX13: 3576862 | AY13: 3778631 | AZ13: 3688317 | BA13: 3945503 | BB13: 3809638 | BC13: 3873312 | BD13: 4069511 | BE13: 1128053 | BF13: 1704087 | BG13: 3013544 | BH13: 3578555 | BI13: 3588808
A14: 07 | B14: ARDECHE | C14: 510215 | D14: 440778 | E14: 444382 | F14: 387031 | G14: 372148 | H14: 326921 | I14: 336845 | J14: 293806 | K14: 299759 | L14: 291461 | M14: 286400 | N14: 238870 | O14: 272838 | P14: 270624 | Q14: 245580 | R14: 329159 | S14: 421179 | T14: 463579 | U14: 430097 | V14: 438617 | W14: 455774 | X14: 350034.97 | Y14: 310677.27 | Z14: 314603.82 | AA14: 330529.5 | AB14: 310162.95 | AC14: 298239 | AD14: 367726 | AE14: 329255 | AF14: 359610 | AG14: 349718 | AH14: 363184 | AI14: 429359 | AJ14: 352533 | AK14: 361089 | AL14: 410156 | AM14: 403224 | AN14: 361339 | AO14: 410949 | AP14: 368945 | AQ14: 423567 | AR14: 409228 | AS14: 416265 | AT14: 429561 | AU14: 430742 | AV14: 467614 | AW14: 440388 | AX14: 438755 | AY14: 503241 | AZ14: 490587 | BA14: 507343 | BB14: 491816 | BC14: 537187 | BD14: 581326 | BE14: 175492 | BF14: 251776 | BG14: 438533 | BH14: 527823 | BI14: 549448
A15: 08 | B15: ARDENNES | C15: 1001441 | D15: 906056 | E15: 912240 | F15: 785609 | G15: 804210 | H15: 728542 | I15: 765194 | J15: 655044 | K15: 621326 | L15: 677026 | M15: 633851 | N15: 556724 | O15: 617295 | P15: 605845 | Q15: 527381 | R15: 606613 | S15: 640717 | T15: 573711 | U15: 520293 | V15: 436954 | W15: 417605 | X15: 282712.6 | Y15: 266813.24 | Z15: 232888.64 | AA15: 256747.86 | AB15: 235213.97 | AC15: 235296 | AD15: 316336 | AE15: 297031 | AF15: 311950 | AG15: 314558 | AH15: 337347 | AI15: 433635 | AJ15: 344839 | AK15: 348736 | AL15: 389794 | AM15: 369891 | AN15: 333102 | AO15: 510732 | AP15: 443820 | AQ15: 515387 | AR15: 481135 | AS15: 520684 | AT15: 525918 | AU15: 509858 | AV15: 574013 | AW15: 526587 | AX15: 474225 | AY15: 543598 | AZ15: 561227 | BA15: 582952 | BB15: 580337 | BC15: 537037 | BD15: 531203 | BE15: 151307 | BF15: 215646 | BG15: 354185 | BH15: 444949 | BI15: 437829
A16: 09 | B16: ARIEGE | C16: 341527 | D16: 288527 | E16: 306616 | F16: 263486 | G16: 228631 | H16: 226836 | I16: 229586 | J16: 221327 | K16: 218749 | L16: 262240 | M16: 229962 | N16: 220475 | O16: 239370 | P16: 236465 | Q16: 179789 | R16: 257723 | S16: 315561 | T16: 305510 | U16: 291056 | V16: 246164 | W16: 229348 | X16: 162321.88 | Y16: 100387.04 | Z16: 90285.006 | AA16: 101242.31 | AB16: 106963.79 | AC16: 95877 | AD16: 133111 | AE16: 115329 | AF16: 153258 | AG16: 146447 | AH16: 160003 | AI16: 190123 | AJ16: 152590 | AK16: 170864 | AL16: 198548 | AM16: 198438 | AN16: 167325 | AO16: 180416 | AP16: 158161 | AQ16: 168502 | AR16: 175594 | AS16: 161954 | AT16: 174412 | AU16: 169720 | AV16: 180193 | AW16: 148530 | AX16: 130126 | AY16: 149648 | AZ16: 150820 | BA16: 164231 | BB16: 164974 | BC16: 168427 | BD16: 186086 | BE16: 54346 | BF16: 78381 | BG16: 143836 | BH16: 182355 | BI16: 196601
A17: 10 | B17: AUBE | C17: 936386 | D17: 818856 | E17: 783345 | F17: 642008 | G17: 650027 | H17: 581475 | I17: 640424 | J17: 641970 | K17: 634888 | L17: 650021 | M17: 592536 | N17: 560792 | O17: 623925 | P17: 626008 | Q17: 579109 | R17: 632281 | S17: 634379 | T17: 597782 | U17: 602685 | V17: 558242 | W17: 578943 | X17: 404415.77 | Y17: 405790.92 | Z17: 401013.52 | AA17: 441164.15 | AB17: 424874.8 | AC17: 425216 | AD17: 495711 | AE17: 447047 | AF17: 490178 | AG17: 468318 | AH17: 492882 | AI17: 543561 | AJ17: 422092 | AK17: 429251 | AL17: 586599 | AM17: 570254 | AN17: 535716 | AO17: 610523 | AP17: 533707 | AQ17: 597364 | AR17: 543481 | AS17: 571145 | AT17: 592381 | AU17: 606132 | AV17: 652002 | AW17: 608033 | AX17: 586970 | AY17: 672244 | AZ17: 686221 | BA17: 702240 | BB17: 698946 | BC17: 665802 | BD17: 715840 | BE17: 195121 | BF17: 313677 | BG17: 489049 | BH17: 626831 | BI17: 621414
A18: 11 | B18: AUDE | C18: 1405364 | D18: 1176595 | E18: 1151991 | F18: 1017264 | G18: 937987 | H18: 893233 | I18: 904414 | J18: 856094 | K18: 836381 | L18: 872191 | M18: 764349 | N18: 683675 | O18: 721750 | P18: 716169 | Q18: 674112 | R18: 711763 | S18: 787522 | T18: 873689 | U18: 848736 | V18: 757729 | W18: 697992 | X18: 505298.56 | Y18: 405572.77 | Z18: 376888.53 | AA18: 380601.89 | AB18: 364241.32 | AC18: 357095 | AD18: 444101 | AE18: 430208 | AF18: 434830 | AG18: 413487 | AH18: 459491 | AI18: 525778 | AJ18: 449363 | AK18: 479164 | AL18: 600389 | AM18: 675042 | AN18: 586808 | AO18: 613262 | AP18: 560639 | AQ18: 603227 | AR18: 604317 | AS18: 721189 | AT18: 826763 | AU18: 881002 | AV18: 945501 | AW18: 889327 | AX18: 839857 | AY18: 931133 | AZ18: 927932 | BA18: 965693 | BB18: 932701 | BC18: 896585 | BD18: 935834 | BE18: 270380 | BF18: 412981 | BG18: 722672 | BH18: 847358 | BI18: 878684
A19: 12 | B19: AVEYRON | C19: 531497 | D19: 498915 | E19: 474316 | F19: 418217 | G19: 411727 | H19: 376550 | I19: 397885 | J19: 371097 | K19: 393599 | L19: 402524 | M19: 380861 | N19: 335818 | O19: 394803 | P19: 377894 | Q19: 331897 | R19: 358336 | S19: 506207 | T19: 492064 | U19: 492387 | V19: 436879 | W19: 472993 | X19: 328961.4 | Y19: 279200.05 | Z19: 269719.29 | AA19: 280176.08 | AB19: 284507.16 | AC19: 262737 | AD19: 316424 | AE19: 282760 | AF19: 327935 | AG19: 346184 | AH19: 357596 | AI19: 418929 | AJ19: 352963 | AK19: 366537 | AL19: 426408 | AM19: 432369 | AN19: 376206 | AO19: 435693 | AP19: 373002 | AQ19: 431286 | AR19: 451469 | AS19: 454237 | AT19: 458088 | AU19: 464431 | AV19: 514250 | AW19: 463828 | AX19: 441789 | AY19: 602986 | AZ19: 597866 | BA19: 646324 | BB19: 640122 | BC19: 616189 | BD19: 656436 | BE19: 188301 | BF19: 277467 | BG19: 467059 | BH19: 565911 | BI19: 607283
... A26: 19 | B26: CORREZE | C26: 489298 | D26: 461222 | E26: 457851 | F26: 402529 | G26: 439689 | H26: 413625 | I26: 419351 | J26: 380272 | K26: 384940 | L26: 364033 | M26: 346404 | N26: 314705 | O26: 346258 | P26: 419796 | Q26: 376804 | R26: 481057 | S26: 549867 | T26: 557976 | U26: 522697 | V26: 465587 | W26: 452929 | X26: 349063.55 | Y26: 296267.96 | Z26: 272221.75 | AA26: 299378.73 | AB26: 286373.6 | AC26: 265105 | AD26: 321871 | AE26: 294918 | AF26: 340998 | AG26: 345788 | AH26: 366998 | AI26: 429373 | AJ26: 358535 | AK26: 357440 | AL26: 469123 | AM26: 519596 | AN26: 511037 | AO26: 581544 | AP26: 489421 | AQ26: 538709 | AR26: 513794 | AS26: 519217 | AT26: 537490 | AU26: 569244 | AV26: 606454 | AW26: 548476 | AX26: 504049 | AY26: 570130 | AZ26: 568617 | BA26: 616240 | BB26: 602186 | BC26: 591626 | BD26: 611219 | BE26: 188371 | BF26: 278176 | BG26: 450067 | BH26: 539111 | BI26: 541045
A27: 2A | B27: CORSE-DU-SUD | C27: 374540 | D27: 319271 | E27: 303828 | F27: 285161 | G27: 269496 | H27: 250755 | I27: 257224 | J27: 255128 | K27: 262055 | L27: 267894 | M27: 282192 | N27: 277285 | O27: 276078 | P27: 272944 | R27: 283213 | S27: 319933 | T27: 300110 | U27: 247265 | V27: 202791 | W27: 202219 | X27: 167518 | Y27: 138328 | Z27: 139513 | AA27: 129751.97 | AB27: 125364.01 | AC27: 131100 | AD27: 154275 | AE27: 129203 | AF27: 141649 | AG27: 142490 | AH27: 156223 | AI27: 178976 | AJ27: 153209 | AK27: 159003 | AL27: 179541 | AM27: 175458 | AN27: 156733 | AO27: 207521 | AP27: 143019 | AQ27: 131308 | AR27: 140446 | AS27: 128328 | AT27: 163059 | AU27: 163204 | AV27: 181173 | AW27: 161907 | AX27: 150917 | AY27: 201350 | AZ27: 408867 | BA27: 444802 | BB27: 434806 | BC27: 400366 | BD27: 455311 | BE27: 137923 | BF27: 209249 | BG27: 364690 | BH27: 474017 | BI27: 456799
A28: 2B | B28: HAUTE-CORSE | C28: 427931 | D28: 364783 | E28: 347138 | F28: 325811 | G28: 307913 | H28: 286500 | I28: 293890 | J28: 291496 | K28: 299412 | L28: 306082 | M28: 322418 | N28: 316812 | O28: 315432 | P28: 311851 | Q28: 283229 | R28: 323584 | S28: 365539 | T28: 342890 | U28: 282513 | V28: 231698 | W28: 231045 | X28: 191397 | Y28: 158047 | Z28: 159400 | AA28: 148247.97 | AB28: 143235.01 | AC28: 144119 | AD28: 176156 | AE28: 148961 | AF28: 161841 | AG28: 160076 | AH28: 161485 | AI28: 210228 | AJ28: 169097 | AK28: 164894 | AL28: 180900 | AM28: 178130 | AN28: 170224 | AO28: 223303 | AP28: 148299 | AQ28: 167388 | AR28: 160221 | AS28: 175596 | AT28: 203453 | AU28: 229372 | AV28: 218282 | AW28: 189673 | AX28: 184441 | AY28: 188739 | AZ28: 203483 | BA28: 247583 | BB28: 256731 | BC28: 244248 | BD28: 272948 | BE28: 65778 | BF28: 119410 | BG28: 218390 | BH28: 277759 | BI28: 259402
A29: 21 | B29: COTE-D'OR | C29: 1671639 | D29: 1513846 | E29: 1470364 | F29: 1367759 | G29: 1398870 | H29: 1392987 | I29: 1486877 | J29: 1462664 | K29: 1425048 | L29: 1508524 | M29: 1412334 | N29: 1387326 | O29: 1546316 | P29: 1535116 | Q29: 1523181 | R29: 1681284 | S29: 1812681 | T29: 1824378 | U29: 1805765 | V29: 1625974 | W29: 1609362 | X29: 1254631.8 | Y29: 1162168.9 | Z29: 1104105.3 | AA29: 1016573.1 | AB29: 983914.28 | AC29: 1033121 | AD29: 1211148 | AE29: 1146562 | AF29: 1143383 | AG29: 1168244 | AH29: 1234558 | AI29: 1355191 | AJ29: 1208525 | AK29: 1394828 | AL29: 1597965 | AM29: 1491223 | AN29: 1401844 | AO29: 1658886 | AP29: 1426293 | AQ29: 1553858 | AR29: 1405340 | AS29: 1555099 | AT29: 1629953 | AU29: 1725028 | AV29: 1743876 | AW29: 1611045 | AX29: 1590345 | AY29: 1734893 | AZ29: 1718389 | BA29: 1746126 | BB29: 1709085 | BC29: 1631629 | BD29: 1610666 | BE29: 459780 | BF29: 696132 | BG29: 1108645 | BH29: 1366324 | BI29: 1363195
A30: 22 | B30: COTES-D'ARMOR | C30: 1046684 | D30: 977084 | E30: 980436 | F30: 850662 | G30: 870993 | H30: 917456 | I30: 894568 | J30: 875563 | K30: 890811 | L30: 856805 | M30: 859545 | N30: 815589 | O30: 904627 | P30: 883374 | Q30: 870703 | R30: 918014 | S30: 1109782 | T30: 1079733 | U30: 1039953 | V30: 1043212 | W30: 984702 | X30: 753387.35 | Y30: 729771.44 | Z30: 649800.27 | AA30: 670563.75 | AB30: 695534.62 | AC30: 682232 | AD30: 798503 | AE30: 740537 | AF30: 774282 | AG30: 808615 | AH30: 894764 | AI30: 1138848 | AJ30: 977209 | AK30: 1005942 | AL30: 1125858 | AM30: 1049756 | AN30: 960396 | AO30: 1171177 | AP30: 1046502 | AQ30: 1205374 | AR30: 1180257 | AS30: 1259835 | AT30: 1331676 | AU30: 1338319 | AV30: 1475448 | AW30: 1402058 | AX30: 1273030 | AY30: 1427284 | AZ30: 1435331 | BA30: 1482275 | BB30: 1503627 | BC30: 1414585 | BD30: 1529823 | BE30: 492382 | BF30: 707550 | BG30: 1090601 | BH30: 1354438 | BI30: 1370870
A31: 23 | B31: CREUSE | C31: 197763 | D31: 172391 | E31: 160034 | F31: 131302 | G31: 117285 | H31: 132093 | I31: 130384 | J31: 120861 | K31: 117336 | L31: 125309 | M31: 115624 | N31: 107525 | O31: 110414 | P31: 114541 | Q31: 78593 | R31: 82488 | S31: 135791 | T31: 160159 | U31: 254634 | V31: 195169 | W31: 201031 | X31: 144843.59 | Y31: 127473.68 | Z31: 132770.87 | AA31: 127158.88 | AB31: 116254.9 | AC31: 115088 | AD31: 135366 | AE31: 112243 | AF31: 117824 | AG31: 129659 | AH31: 147009 | AI31: 181144 | AJ31: 157054 | AK31: 161899 | AL31: 180661 | AM31: 180366 | AN31: 153035 | AO31: 188116 | AP31: 162996 | AQ31: 193794 | AR31: 164775 | AS31: 184550 | AT31: 173575 | AU31: 173628 | AV31: 191945 | AW31: 166988 | AX31: 147333 | AY31: 167584 | AZ31: 175036 | BA31: 198282 | BB31: 194074 | BC31: 189880 | BD31: 200413 | BE31: 56815 | BF31: 89199 | BG31: 136603 | BH31: 160578 | BI31: 179730
A32: 24 | B32: DORDOGNE | C32: 965644 | D32: 821054 | E32: 804901 | F32: 696772 | G32: 718473 | H32: 664380 | I32: 688681 | J32: 647885 | K32: 607217 | L32: 641132 | M32: 628361 | N32: 545374 | O32: 604992 | P32: 679411 | Q32: 608423 | R32: 673943 | S32: 736900 | T32: 798483 | U32: 726617 | V32: 614580 | W32: 680566 | X32: 476380.28 | Y32: 423636.64 | Z32: 394418.99 | AA32: 415883.21 | AB32: 392860 | AC32: 381849 | AD32: 472450 | AE32: 440769 | AF32: 479669 | AG32: 494616 | AH32: 547815 | AI32: 656574 | AJ32: 589029 | AK32: 600514 | AL32: 705634 | AM32: 697801 | AN32: 634311 | AO32: 732694 | AP32: 649250 | AQ32: 839850 | AR32: 788988 | AS32: 791485 | AT32: 814982 | AU32: 825872 | AV32: 907132 | AW32: 834654 | AX32: 745942 | AY32: 808874 | AZ32: 861714 | BA32: 910391 | BB32: 912086 | BC32: 895220 | BD32: 963666 | BE32: 295510 | BF32: 437830 | BG32: 685519 | BH32: 823796 | BI32: 842155
A33: 25 | B33: DOUBS | C33: 1654982 | D33: 1550469 | E33: 1529533 | F33: 1372269 | G33: 1450910 | H33: 1373969 | I33: 1538801 | J33: 1481821 | K33: 1531203 | L33: 1465577 | M33: 1374558 | N33: 1281310 | O33: 1343904 | P33: 1419671 | Q33: 1319049 | R33: 1325911 | S33: 1644647 | T33: 1572336 | U33: 1516155 | V33: 1360415 | W33: 1349893 | X33: 1109710.7 | Y33: 1021397 | Z33: 988249.21 | AA33: 992342.66 | AB33: 987966.43 | AC33: 916465 | AD33: 1106672 | AE33: 996314 | AF33: 1063421 | AG33: 1074823 | AH33: 1153202 | AI33: 1372095 | AJ33: 1151505 | AK33: 1321752 | AL33: 1569889 | AM33: 1488600 | AN33: 1319317 | AO33: 1536461 | AP33: 1438515 | AQ33: 1667106 | AR33: 1617325 | AS33: 1725558 | AT33: 1778949 | AU33: 1758229 | AV33: 1841916 | AW33: 1681299 | AX33: 1568799 | AY33: 1801029 | AZ33: 1791048 | BA33: 1871263 | BB33: 1757632 | BC33: 1646631 | BD33: 1698502 | BE33: 522464 | BF33: 723106 | BG33: 1168891 | BH33: 1381730 | BI33: 1407823
A34: 26 | B34: DROME | C34: 1168396 | D34: 1079608 | E34: 1078657 | F34: 941222 | G34: 964273 | H34: 895017 | I34: 902340 | J34: 926556 | K34: 916294 | L34: 924202 | M34: 899611 | N34: 1025227 | O34: 1118941 | P34: 1142259 | Q34: 1081091 | R34: 1213147 | S34: 1441721 | T34: 1530028 | U34: 1358989 | V34: 1264782 | W34: 1211865 | X34: 959396.16 | Y34: 899182.47 | Z34: 797801.65 | AA34: 832926.28 | AB34: 761273.59 | AC34: 750676 | AD34: 879343 | AE34: 815067 | AF34: 905502 | AG34: 982283 | AH34: 1051824 | AI34: 1232253 | AJ34: 1058772 | AK34: 1055391 | AL34: 1392216 | AM34: 1387185 | AN34: 1335947 | AO34: 1541037 | AP34: 1362762 | AQ34: 1433495 | AR34: 1372639 | AS34: 1409624 | AT34: 1529601 | AU34: 1679455 | AV34: 1733221 | AW34: 1571966 | AX34: 1529190 | AY34: 1615971 | AZ34: 1624058 | BA34: 1721027 | BB34: 1648926 | BC34: 1646378 | BD34: 1736899 | BE34: 505434 | BF34: 719742 | BG34: 1191857 | BH34: 1445105 | BI34: 1460562
A35: 27 | B35: EURE | C35: 1074507 | D35: 1053858 | E35: 1008956 | F35: 859847 | G35: 882350 | H35: 831581 | I35: 878683 | J35: 810348 | K35: 805337 | L35: 773836 | M35: 735606 | N35: 692652 | O35: 786044 | P35: 746241 | Q35: 670388 | R35: 832608 | S35: 961077 | T35: 1043811 | U35: 946357 | V35: 909610 | W35: 806480 | X35: 621927.62 | Y35: 538722.5 | Z35: 517841.5 | AA35: 575118.71 | AB35: 547765.92 | AC35: 534714 | AD35: 706042 | AE35: 641505 | AF35: 691403 | AG35: 719435 | AH35: 795404 | AI35: 938399 | AJ35: 746715 | AK35: 763704 | AL35: 876934 | AM35: 1016025 | AN35: 977022 | AO35: 1140030 | AP35: 999457 | AQ35: 1149833 | AR35: 1035499 | AS35: 1101941 | AT35: 1062315 | AU35: 1057245 | AV35: 1163805 | AW35: 1047316 | AX35: 942547 | AY35: 1051100 | AZ35: 1014663 | BA35: 1032397 | BB35: 1036901 | BC35: 982275 | BD35: 1036374 | BE35: 312714 | BF35: 501826 | BG35: 778736 | BH35: 1025821 | BI35: 1029437
A36: 28 | B36: EURE-ET-LOIR | C36: 923416 | D36: 907482 | E36: 855714 | F36: 775656 | G36: 783773 | H36: 749775 | I36: 716131 | J36: 657945 | K36: 636325 | L36: 624188 | M36: 581861 | N36: 566220 | O36: 627384 | P36: 595675 | Q36: 569271 | R36: 700459 | S36: 823115 | T36: 848164 | U36: 826312 | V36: 702188 | W36: 644085 | X36: 463210.33 | Y36: 430414.68 | Z36: 406210.78 | AA36: 454127.04 | AB36: 394598.1 | AC36: 346589 | AD36: 370639 | AE36: 376834 | AF36: 440184 | AG36: 462671 | AH36: 487550 | AI36: 567640 | AJ36: 453484 | AK36: 459641 | AL36: 528467 | AM36: 490092 | AN36: 443828 | AO36: 488723 | AP36: 402924 | AQ36: 485863 | AR36: 453314 | AS36: 644836 | AT36: 819426 | AU36: 863010 | AV36: 985846 | AW36: 930279 | AX36: 885707 | AY36: 995340 | AZ36: 999091 | BA36: 1045879 | BB36: 1043526 | BC36: 980461 | BD36: 1046796 | BE36: 298028 | BF36: 461095 | BG36: 695786 | BH36: 831303 | BI36: 847967
A37: 29 | B37: FINISTERE | C37: 2858357 | D37: 2602060 | E37: 2495694 | F37: 2277593 | G37: 2239545 | H37: 2109288 | I37: 2144256 | J37: 2011465 | K37: 2119232 | L37: 2019527 | M37: 1946056 | N37: 1756620 | O37: 1929086 | P37: 1955098 | Q37: 1939811 | R37: 2013657 | S37: 2253195 | T37: 2337608 | U37: 2273974 | V37: 2213375 | W37: 2163641 | X37: 1761393.7 | Y37: 1593453.1 | Z37: 1517676.9 | AA37: 1507918 | AB37: 1476635.8 | AC37: 1449148 | AD37: 1670750 | AE37: 1653844 | AF37: 1643893 | AG37: 1665954 | AH37: 1792664 | AI37: 2036299 | AJ37: 1726609 | AK37: 1741266 | AL37: 1886976 | AM37: 1803171 | AN37: 1675963 | AO37: 1987393 | AP37: 1867887 | AQ37: 2170512 | AR37: 2048531 | AS37: 2216633 | AT37: 2373031 | AU37: 2392687 | AV37: 2504754 | AW37: 2386584 | AX37: 2237225 | AY37: 2490818 | AZ37: 2513736 | BA37: 2593063 | BB37: 2541294 | BC37: 2380989 | BD37: 2610126 | BE37: 826447 | BF37: 1197639 | BG37: 1907748 | BH37: 2397283 | BI37: 2389618
A38: 30 | B38: GARD | C38: 2200052 | D38: 1935728 | E38: 1829463 | F38: 1595420 | G38: 1606931 | H38: 1537081 | I38: 1638872 | J38: 1439580 | K38: 1421200 | L38: 1467337 | M38: 1414097 | N38: 1318772 | O38: 1410361 | P38: 1395085 | Q38: 1330069 | R38: 1568437 | S38: 1753093 | T38: 1757503 | U38: 1657976 | V38: 1375196 | W38: 1290361 | X38: 931458.6 | Y38: 792653.51 | Z38: 755754.41 | AA38: 786132.17 | AB38: 740462.53 | AC38: 765044 | AD38: 886225 | AE38: 768318 | AF38: 854110 | AG38: 876268 | AH38: 1003805 | AI38: 1170198 | AJ38: 972651 | AK38: 1111084 | AL38: 1523134 | AM38: 1581394 | AN38: 1414574 | AO38: 1631822 | AP38: 1459033 | AQ38: 1541047 | AR38: 1513140 | AS38: 1630344 | AT38: 1723564 | AU38: 1774003 | AV38: 1797164 | AW38: 1613384 | AX38: 1551851 | AY38: 1641021 | AZ38: 1630124 | BA38: 1734121 | BB38: 1660032 | BC38: 1695781 | BD38: 1784479 | BE38: 521735 | BF38: 743437 | BG38: 1283074 | BH38: 1514850 | BI38: 1513436
A39: 31 | B39: HAUTE-GARONNE | C39: 3038945 | D39: 2726594 | E39: 2685490 | F39: 2531046 | G39: 2572247 | H39: 2546463 | I39: 2679605 | J39: 2614254 | K39: 2843337 | L39: 3141980 | M39: 3119939 | N39: 3201176 | O39: 3327668 | P39: 3381739 | Q39: 3277962 | R39: 3621197 | S39: 3850099 | T39: 3877485 | U39: 3728552 | V39: 3464502 | W39: 3460408 | X39: 2872245.3 | Y39: 2592871.7 | Z39: 2562246.3 | AA39: 2618104.8 | AB39: 2555319.4 | AC39: 2388804 | AD39: 2888480 | AE39: 2880599 | AF39: 2939393 | AG39: 3112695 | AH39: 3735857 | AI39: 4405810 | AJ39: 4023670 | AK39: 4224136 | AL39: 4696065 | AM39: 4721393 | AN39: 4506806 | AO39: 5108734 | AP39: 4662829 | AQ39: 4879821 | AR39: 4685418 | AS39: 4875298 | AT39: 5508038 | AU39: 5699845 | AV39: 5777601 | AW39: 5338901 | AX39: 5207999 | AY39: 5544982 | AZ39: 5437943 | BA39: 5655993 | BB39: 5494171 | BC39: 5302401 | BD39: 5507873 | BE39: 1675519 | BF39: 2493594 | BG39: 4115209 | BH39: 4798214 | BI39: 4861681
... A103: 95 | B103: VAL-D'OISE | C103: 1745793 | D103: 1613506 | E103: 1598644 | F103: 1376239 | G103: 1462550 | H103: 1447001 | I103: 1770307 | J103: 1747913 | K103: 2081607 | L103: 2040580 | M103: 2213754 | N103: 2099879 | O103: 2243448 | P103: 2347788 | Q103: 2273928 | R103: 2577648 | S103: 2665478 | T103: 2753854 | U103: 2622650 | V103: 2372974 | W103: 2179581 | X103: 1717554.8 | Y103: 1646509.1 | Z103: 1579267.6 | AA103: 1680795.9 | AB103: 1570190.6 | AC103: 1661102 | AD103: 1949796 | AE103: 2055602 | AF103: 1835426 | AG103: 1813583 | AH103: 1803712 | AI103: 1920172 | AJ103: 1607663 | AK103: 1804698 | AL103: 2189779 | AM103: 2158739 | AN103: 2016162 | AO103: 2244336 | AP103: 1916685 | AQ103: 1908124 | AR103: 1839056 | AS103: 1943791 | AT103: 2145308 | AU103: 2105957 | AV103: 2246295 | AW103: 2056297 | AX103: 1931125 | AY103: 2031192 | AZ103: 1821554 | BA103: 1780381 | BB103: 1857657 | BC103: 2169582 | BD103: 2487510 | BE103: 748990 | BF103: 1051215 | BG103: 1721667 | BH103: 1945391 | BI103: 1859687
B104: TOTAL | C104: =SUM(C8:C103) -> 234174965 | D104: =SUM(D8:D103) -> 211451427 | E104: =SUM(E8:E103) -> 203238341 | F104: =SUM(F8:F103) -> 183876445 | G104: =SUM(G8:G103) -> 184424699 | H104: =SUM(H8:H103) -> 176981166 | I104: =SUM(I8:I103) -> 184403643 | J104: =SUM(J8:J103) -> 175958150 | ... AF104: =SUM(AF8:AF103) -> 130235475 | AG104: 136740581 | AH104: 149259035 | AI104: 1.7060262e+08 | AJ104: 153608166 | AK104: 165757516 | AL104: 187454335 | AM104: 184409634 | AN104: 1.7345727e+08 | AO104: 195845316 | AP104: 175630965 | AQ104: 188761628 | AR104: 178484145 | AS104: 190308477 | AT104: 201623826 | AU104: 207101103 | AV104: 217199041 | AW104: 203584017 | AX104: 193740612 | AY104: 209078803 | AZ104: 205358716 | BA104: 213204571 | BB104: 209413121 | BC104: 201212933 | BD104: 213223642 | BE104: 65263711 | BF104: 95502573 | BG104: 152071030 | BH104: 180431873 | BI104: 181524251

Sheet recettes
A2: Retour au menu "Départements"
A5: Recettes guichets par département (M€)
C7: 1966 | D7: 1967 | E7: 1968 | F7: 1969 | G7: 1970 | H7: 1971 | I7: 1972 | J7: 1973 | K7: 1974 | L7: 1975 | M7: 1976 | N7: 1977 | O7: 1978 | P7: 1979 | Q7: 1980 | R7: 1981 | S7: 1982 | T7: 1983 | U7: 1984 | V7: 1985 | W7: 1986 | X7: 1987 | Y7: 1988 | Z7: 1989 | AA7: 1990 | AB7: 1991 | AC7: 1992 | AD7: 1993 | AE7: 1994 | AF7: 1995 | AG7: 1996 | AH7: 1997 | AI7: 1998 | AJ7: 1999 | AK7: 2000 | AL7: 2001 | AM7: 2002 | AN7: 2003 | AO7: 2004 | AP7: 2005 | AQ7: 2006 | AR7: 2007 | AS7: 2008 | AT7: 2009 | AU7: 2010 | AV7: 2011 | AW7: 2012 | AX7: 2013 | AY7: 2014 | AZ7: 2015 | BA7: 2016 | BB7: 2017 | BC7: 2018 | BD7: 2019 | BE7: 2020 | BF7: 2021 | BG7: 2022 | BH7: 2023 | BI7: 2024
A8: 01 | B8: AIN | C8: 313857.77 | D8: 314581.75 | E8: 331288.03 | F8: 326184.34 | G8: 354021.53 | H8: 366313.49 | I8: 421091.02 | J8: 465940.76 | K8: 474732.95 | L8: 537880.84 | M8: 627264.44 | N8: 651768.03 | O8: 748587.48 | P8: 864818.12 | Q8: 919679.95 | R8: 1411741.6 | S8: 2442498.1 | T8: 2691399 | U8: 2789884.9 | V8: 2811231.4 | W8: 3084313.7 | X8: 2497029.8 | Y8: 2438592.9 | Z8: 2610732.9 | AA8: 2689734.3 | AB8: 2821877.9 | AC8: 2785150.8 | AD8: 3135869.5 | AE8: 2731117.9 | AF8: 3056042.4 | AG8: 3177956.6 | AH8: 3434167.9 | AI8: 4124588 | AJ8: 3386132.2 | AK8: 3533928 | AL8: 4130383.6 | AM8: 4067003.1 | AN8: 3549634.3 | AO8: 4229383.8 | AP8: 3815593.9 | AQ8: 4287677 | AR8: 4055601.3 | AS8: 4488630.7 | AT8: 5718006.8 | AU8: 6306374.2 | AV8: 6745942 | AW8: 6407008.1 | AX8: 6114939.8 | AY8: 6578448.1 | AZ8: 6758035.1 | BA8: 7109125.5 | BB8: 6835930.6 | BC8: 6652559.3 | BD8: 7052433.2 | BE8: 1970323.3 | BF8: 2792601.1 | BG8: 4803288 | BH8: 5905332.3 | BI8: 6263096.5
A9: 02 | B9: AISNE | C9: 554072.75 | D9: 552642.63 | E9: 571132.1 | F9: 541620.41 | G9: 613923.17 | H9: 637884.8 | I9: 767466.01 | J9: 889944.77 | K9: 1056382.2 | L9: 1340087.7 | M9: 1351156.6 | N9: 1258098.6 | O9: 1727589.8 | P9: 1880199 | Q9: 2259854.8 | R9: 2962102.4 | S9: 3494481 | T9: 3738249 | U9: 3741066.7 | V9: 3518814.8 | W9: 3683435.7 | X9: 2822621.2 | Y9: 2491666.1 | Z9: 2447746.1 | AA9: 2781929.2 | AB9: 2795538.3 | AC9: 2584500 | AD9: 3357087 | AE9: 2836689.8 | AF9: 3048701.8 | AG9: 3261355.4 | AH9: 3596166.1 | AI9: 4568499.4 | AJ9: 3492405.1 | AK9: 3659793.9 | AL9: 4127095.7 | AM9: 3939377.8 | AN9: 3637327.1 | AO9: 4062238.6 | AP9: 3380038 | AQ9: 3909094 | AR9: 3965044.7 | AS9: 4799863.4 | AT9: 4977345.6 | AU9: 5218720.5 | AV9: 6185122.9 | AW9: 5703153.7 | AX9: 5175497.5 | AY9: 5934177.9 | AZ9: 6259655 | BA9: 6569910.8 | BB9: 6517898.6 | BC9: 6061932.8 | BD9: 6176865.4 | BE9: 1673974.2 | BF9: 2743402.4 | BG9: 4164293.5 | BH9: 5408679.9 | BI9: 5329820.8
A10: 03 | B10: ALLIER | C10: 736154.35 | D10: 746601.99 | E10: 744482.95 | F10: 732004.08 | G10: 783217.35 | H10: 793614.52 | I10: 906277.55 | J10: 935636.94 | K10: 1015784.9 | L10: 1168097 | M10: 1307504.6 | N10: 1294707.3 | O10: 1432102.7 | P10: 1631028.4 | Q10: 1855464.3 | R10: 2298741.7 | S10: 2863467.6 | T10: 2851033.5 | U10: 2890014.9 | V10: 2701259.2 | W10: 2825566.4 | X10: 2110264.2 | Y10: 1883353.4 | Z10: 1839168.5 | AA10: 1954313.3 | AB10: 1845867.9 | AC10: 1875353.4 | AD10: 2266190.5 | AE10: 1945688.2 | AF10: 2372863.2 | AG10: 2295291 | AH10: 2457899 | AI10: 2994956.1 | AJ10: 2287406.4 | AK10: 2311662.3 | AL10: 2927187.1 | AM10: 2788191.6 | AN10: 2526532.6 | AO10: 3111661 | AP10: 2914096.1 | AQ10: 3585884.3 | AR10: 3374097.9 | AS10: 3426570.1 | AT10: 3535340.7 | AU10: 3788296.6 | AV10: 4180238.8 | AW10: 4492088.2 | AX10: 4258404.1 | AY10: 4652703.5 | AZ10: 4752522.1 | BA10: 4926904.7 | BB10: 4756177.1 | BC10: 4534810.4 | BD10: 4755101.6 | BE10: 1287494.6 | BF10: 2161339.7 | BG10: 3293336.1 | BH10: 4053931.9 | BI10: 4360767.8
A11: 04 | B11: ALPES-DE-HAUTE-PROVENCE | C11: 138169.88 | D11: 131020.33 | E11: 127274.04 | F11: 130504.74 | G11: 132924.11 | H11: 131942.03 | I11: 153245.87 | J11: 205408.28 | K11: 216590.26 | L11: 298324.74 | M11: 364983.53 | N11: 362960.68 | O11: 462271.61 | P11: 581069.34 | Q11: 769026.93 | R11: 957437.61 | S11: 1280095 | T11: 1376045.8 | U11: 1321863.8 | V11: 1265373.5 | W11: 1668584.3 | X11: 1247882 | Y11: 1196160.8 | Z11: 1245244.6 | AA11: 1325477.2 | AB11: 1268735.5 | AC11: 1242407.2 | AD11: 1419124.1 | AE11: 1131344.8 | AF11: 1536872 | AG11: 1503194.1 | AH11: 1688692.5 | AI11: 2050982.2 | AJ11: 1824508.7 | AK11: 1850173 | AL11: 2245441.3 | AM11: 2261065.5 | AN11: 2121917.2 | AO11: 2517581.3 | AP11: 2112110.6 | AQ11: 2330166.9 | AR11: 2339776 | AS11: 2508062.8 | AT11: 2582758.8 | AU11: 2738011.8 | AV11: 2887246.6 | AW11: 2597467.1 | AX11: 2484470.7 | AY11: 2691666 | AZ11: 2736094.4 | BA11: 3062510.5 | BB11: 2921497 | BC11: 3006709.3 | BD11: 3516184.5 | BE11: 1022727.9 | BF11: 1453805.9 | BG11: 2531220.2 | BH11: 2998265.8 | BI11: 3012796.6
A12: 05 | B12: HAUTES-ALPES | C12: 155157.88 | D12: 169558.98 | E12: 171713.08 | F12: 172017.68 | G12: 209811.31 | H12: 224984.11 | I12: 249127.46 | J12: 292826.05 | K12: 328029.89 | L12: 397000.26 | M12: 463656.61 | N12: 470870.8 | O12: 603325.52 | P12: 718855.35 | Q12: 883174.35 | R12: 1008343.5 | S12: 1418903.8 | T12: 1565317.4 | U12: 1659018.4 | V12: 1868469.4 | W12: 2051576.1 | X12: 1892140.9 | Y12: 1734964.7 | Z12: 1757674.2 | AA12: 1783224.5 | AB12: 1740733 | AC12: 1728669.3 | AD12: 2188166.8 | AE12: 2057849.2 | AF12: 2330337.2 | AG12: 2264561.5 | AH12: 2258660.6 | AI12: 2853416.6 | AJ12: 2453989.7 | AK12: 2509909.5 | AL12: 3158705.9 | AM12: 2994976.1 | AN12: 2625225.1 | AO12: 3054623.9 | AP12: 2580501.1 | AQ12: 2863012.4 | AR12: 2621639.5 | AS12: 2559339.5 | AT12: 2572564.5 | AU12: 2677307.7 | AV12: 2843765.1 | AW12: 2642483.9 | AX12: 2519472.4 | AY12: 2650065 | AZ12: 2722561.6 | BA12: 2868348.3 | BB12: 2810594.2 | BC12: 2717312.9 | BD12: 3083883.8 | BE12: 1068382 | BF12: 1385072.3 | BG12: 2409994.9 | BH12: 2908039.9 | BI12: 3147549.7
A13: 06 | B13: ALPES-MARITIMES | C13: 4085775.7 | D13: 3937500.5 | E13: 3764817.1 | F13: 3925061.2 | G13: 4186612.5 | H13: 4312902.1 | I13: 4926573.8 | J13: 5134899.4 | K13: 5698528.7 | L13: 6803766.9 | M13: 7548103.8 | N13: 7860041.4 | O13: 9218912.5 | P13: 9723495.6 | Q13: 11337045 | R13: 13177030 | S13: 15419688 | T13: 16052773 | U13: 16231699 | V13: 16122216 | W13: 16904439 | X13: 14942806 | Y13: 13583861 | Z13: 13940100 | AA13: 13656833 | AB13: 14109500 | AC13: 14523873 | AD13: 15427808 | AE13: 14701591 | AF13: 15763242 | AG13: 15781647 | AH13: 16866084 | AI13: 18534397 | AJ13: 16382597 | AK13: 19073708 | AL13: 21592519 | AM13: 21691817 | AN13: 20826774 | AO13: 23453234 | AP13: 20375097 | AQ13: 21321263 | AR13: 20226121 | AS13: 22117882 | AT13: 24416866 | AU13: 27750612 | AV13: 27641103 | AW13: 26526878 | AX13: 25343812 | AY13: 26188926 | AZ13: 25847086 | BA13: 28111651 | BB13: 27383222 | BC13: 28184998 | BD13: 30206239 | BE13: 8172390.4 | BF13: 13635124 | BG13: 24280206 | BH13: 29110840 | BI13: 29332025
A14: 07 | B14: ARDECHE | C14: 194063.64 | D14: 189614.87 | E14: 203036.48 | F14: 198448.07 | G14: 203843.54 | H14: 193565.58 | I14: 227450.12 | J14: 229265.49 | K14: 261612.58 | L14: 282196.55 | M14: 326326.27 | N14: 293113.57 | O14: 364662.17 | P14: 402935.1 | Q14: 490865.86 | R14: 727351.49 | S14: 1086682.7 | T14: 1293164.5 | U14: 1277831 | V14: 1379856.6 | W14: 1522677.3 | X14: 1225307.8 | Y14: 1147505.2 | Z14: 1197554.5 | AA14: 1290656.4 | AB14: 1259460.2 | AC14: 1225564.6 | AD14: 1580301 | AE14: 1443254.4 | AF14: 1602083.9 | AG14: 1577723 | AH14: 1638270.4 | AI14: 1985285.3 | AJ14: 1590470.6 | AK14: 1633429.9 | AL14: 1912508.4 | AM14: 1933232.9 | AN14: 1743504.6 | AO14: 1992223.5 | AP14: 1782124 | AQ14: 2088764.3 | AR14: 2044917.4 | AS14: 2127881.4 | AT14: 2214317.2 | AU14: 2234755.3 | AV14: 2511808 | AW14: 2428892.8 | AX14: 2409964.1 | AY14: 2691579.1 | AZ14: 2675145.3 | BA14: 2768659.6 | BB14: 2691262.4 | BC14: 2986166 | BD14: 3263101.5 | BE14: 973417.54 | BF14: 1441138.7 | BG14: 2477218.1 | BH14: 3040086.6 | BI14: 3180226.3
A15: 08 | B15: ARDENNES | C15: 392185.92 | D15: 382139.68 | E15: 388284.6 | F15: 363606.76 | G15: 393375.48 | H15: 429422.81 | I15: 512338 | J15: 503598.56 | K15: 608791.43 | L15: 806154.82 | M15: 835801.43 | N15: 807015.25 | O15: 1005447.3 | P15: 1085711 | Q15: 1184880.1 | R15: 1531680.4 | S15: 1850236.5 | T15: 1794419.5 | U15: 1716947.1 | V15: 1533643.1 | W15: 1552368.2 | X15: 1097167.1 | Y15: 1074933 | Z15: 963126.23 | AA15: 1078770.3 | AB15: 1038173.2 | AC15: 1068412.7 | AD15: 1476044.7 | AE15: 1398750.4 | AF15: 1557549.3 | AG15: 1612853.4 | AH15: 1711982 | AI15: 2257117.5 | AJ15: 1750359.7 | AK15: 1797357.8 | AL15: 2074778.4 | AM15: 1984627.4 | AN15: 1841099.9 | AO15: 2983609.3 | AP15: 2569789.5 | AQ15: 3109193.9 | AR15: 2919879.1 | AS15: 3237305.9 | AT15: 3284671.5 | AU15: 3288237.7 | AV15: 3859941.1 | AW15: 3526854.5 | AX15: 3147831.6 | AY15: 3434980.1 | AZ15: 3549890 | BA15: 3672782 | BB15: 3670311 | BC15: 3409855.4 | BD15: 3419262.9 | BE15: 968997.31 | BF15: 1435494.5 | BG15: 2306522.1 | BH15: 2988287.9 | BI15: 2977248.6
A16: 09 | B16: ARIEGE | C16: 130866.2 | D16: 123294.06 | E16: 136833.51 | F16: 142072.12 | G16: 130381.56 | H16: 139689.8 | I16: 151927.03 | J16: 160594.06 | K16: 183005.59 | L16: 251125.3 | M16: 250641.73 | N16: 270839.09 | O16: 319287.7 | P16: 346366.3 | Q16: 340813.65 | R16: 552228.27 | S16: 746890.27 | T16: 771705.92 | U16: 761021.23 | V16: 695698.8 | W16: 731265.96 | X16: 580312.68 | Y16: 382410.85 | Z16: 366778.36 | AA16: 414598.18 | AB16: 450295.55 | AC16: 419594.17 | AD16: 586341.98 | AE16: 496431.65 | AF16: 681650.77 | AG16: 654449.1 | AH16: 733718.38 | AI16: 887396.84 | AJ16: 696056.8 | AK16: 785550.02 | AL16: 920358.92 | AM16: 922446.29 | AN16: 778108.27 | AO16: 848196.69 | AP16: 740231.9 | AQ16: 797809.49 | AR16: 828606.3 | AS16: 774819.71 | AT16: 849089.7 | AU16: 829856.32 | AV16: 956348.65 | AW16: 821864.38 | AX16: 724403.32 | AY16: 808484.25 | AZ16: 812967.29 | BA16: 881950.43 | BB16: 878675.28 | BC16: 888595.53 | BD16: 995697.93 | BE16: 279439.21 | BF16: 410875.38 | BG16: 754730.97 | BH16: 989263.27 | BI16: 1082966.4
A17: 10 | B17: AUBE | C17: 436654.23 | D17: 422008.76 | E17: 417622.34 | F17: 379326.69 | G17: 417077.64 | H17: 401505.13 | I17: 556133.41 | J17: 661895.37 | K17: 752955.15 | L17: 862677.89 | M17: 903354.95 | N17: 934660.81 | O17: 1145054.2 | P17: 1235204.1 | Q17: 1438434.1 | R17: 1796773.3 | S17: 2054164.1 | T17: 2091920.2 | U17: 2172392.9 | V17: 2099603 | W17: 2299469.3 | X17: 1674070.6 | Y17: 1700386.2 | Z17: 1723777 | AA17: 1932204.7 | AB17: 1904386 | AC17: 1978043.7 | AD17: 2422786.3 | AE17: 2341833.7 | AF17: 2494139.6 | AG17: 2479681.7 | AH17: 2617917.9 | AI17: 2995515.4 | AJ17: 2287492.3 | AK17: 2351129.8 | AL17: 3397736.7 | AM17: 3487958 | AN17: 3302831.2 | AO17: 3754848.5 | AP17: 3323335 | AQ17: 3762680.4 | AR17: 3422368.5 | AS17: 3600492.6 | AT17: 3818363 | AU17: 3968218.6 | AV17: 4377248.7 | AW17: 4009935.3 | AX17: 3927584.3 | AY17: 4431488.4 | AZ17: 4436777.2 | BA17: 4518330.3 | BB17: 4560993.8 | BC17: 4433495.7 | BD17: 4828108.9 | BE17: 1309123.7 | BF17: 2171640.4 | BG17: 3455627.8 | BH17: 4407691.1 | BI17: 4407822.9
A18: 11 | B18: AUDE | C18: 457116.55 | D18: 420294.17 | E18: 438417.46 | F18: 468109.8 | G18: 474766.94 | H18: 514657.52 | I18: 597779.28 | J18: 656192.4 | K18: 732183.36 | L18: 890675.61 | M18: 914858.29 | N18: 892397.22 | O18: 1078826.8 | P18: 1149888.5 | Q18: 1486516.6 | R18: 1816691.2 | S18: 2251384.3 | T18: 2711375.4 | U18: 2767193.3 | V18: 2628364.4 | W18: 2585081 | X18: 2020951 | Y18: 1701326.1 | Z18: 1710206.2 | AA18: 1784574.6 | AB18: 1768987.3 | AC18: 1778489.2 | AD18: 2208158.2 | AE18: 1987626.7 | AF18: 2211662.7 | AG18: 2152202.5 | AH18: 2348029.4 | AI18: 2775388.6 | AJ18: 2319389.9 | AK18: 2426623.1 | AL18: 3069526 | AM18: 3445125.8 | AN18: 3209507.2 | AO18: 3464917.3 | AP18: 3146015 | AQ18: 3499474.4 | AR18: 3478939.3 | AS18: 4270772.2 | AT18: 5214011.2 | AU18: 5694873.9 | AV18: 6096956.2 | AW18: 5691136.8 | AX18: 5382676.8 | AY18: 5895378.1 | AZ18: 6051914.1 | BA18: 6307753.8 | BB18: 6215009.4 | BC18: 5863202.8 | BD18: 6116127.4 | BE18: 1738980.8 | BF18: 2738164.9 | BG18: 4732404.2 | BH18: 5722339.7 | BI18: 6071830.1
A19: 12 | B19: AVEYRON | C19: 196540.93 | D19: 215360.92 | E19: 208442.78 | F19: 215000.37 | G19: 225889.2 | H19: 227043.24 | I19: 254850.7 | J19: 265835.41 | K19: 331392.3 | L19: 400925.21 | M19: 433446.4 | N19: 407095.89 | O19: 530849.13 | P19: 575829.97 | Q19: 653175.28 | R19: 843122.03 | S19: 1430193.7 | T19: 1571282 | U19: 1705839.1 | V19: 1595915.3 | W19: 1866399 | X19: 1415277.1 | Y19: 1259698.1 | Z19: 1232532.4 | AA19: 1306018.4 | AB19: 1322857.7 | AC19: 1214972.8 | AD19: 1517014 | AE19: 1306482.1 | AF19: 1565564.6 | AG19: 1649244 | AH19: 1745878 | AI19: 2124961 | AJ19: 1751789.6 | AK19: 1806878.8 | AL19: 2144861.1 | AM19: 2219685.9 | AN19: 1977676.6 | AO19: 2303861.4 | AP19: 1968089.1 | AQ19: 2302728.2 | AR19: 2430400.3 | AS19: 2497012.8 | AT19: 2587268.8 | AU19: 2693705.1 | AV19: 2977501.1 | AW19: 2726380.6 | AX19: 2677817.2 | AY19: 3689682.6 | AZ19: 3757044.4 | BA19: 4050570.8 | BB19: 4012240.7 | BC19: 3822374.2 | BD19: 4060702.6 | BE19: 1134731.1 | BF19: 1736647.2 | BG19: 2901203.5 | BH19: 3551737.2 | BI19: 3854570.1
... A37: 29 | B37: FINISTERE | C37: 1278970.7 | D37: 1278871.5 | E37: 1287898.9 | F37: 1346262 | G37: 1448255.1 | H37: 1529596.8 | I37: 1756910 | J37: 1958350.3 | K37: 2382846 | L37: 2519731 | M37: 2792505.6 | N37: 2795073.5 | O37: 3374833.3 | P37: 3768526.7 | Q37: 4818244.6 | R37: 5568946.6 | S37: 6897911 | T37: 7913294.6 | U37: 7968051.3 | V37: 8216875.5 | W37: 8435351 | X37: 7192106.1 | Y37: 6873718.1 | Z37: 6734182.5 | AA37: 6790299.7 | AB37: 6899545.2 | AC37: 6835695.7 | AD37: 7995834.7 | AE37: 7701346.2 | AF37: 8071124.2 | AG37: 8326992.6 | AH37: 8975785.7 | AI37: 10382248 | AJ37: 8654221.5 | AK37: 8707205.2 | AL37: 9589049.8 | AM37: 9332256.2 | AN37: 8858943.9 | AO37: 10579790 | AP37: 10006593 | AQ37: 11706729 | AR37: 11367093 | AS37: 12490269 | AT37: 13592500 | AU37: 14009257 | AV37: 14867831 | AW37: 14276680 | AX37: 13319101 | AY37: 14570552 | AZ37: 15039240 | BA37: 15598232 | BB37: 15367647 | BC37: 14443145 | BD37: 16101747 | BE37: 5034936.5 | BF37: 7871846.8 | BG37: 13083290 | BH37: 16805823 | BI37: 16874992
A38: 30 | B38: GARD | C38: 918983.87 | D38: 907678.4 | E38: 886929.17 | F38: 888113.09 | G38: 953956.13 | H38: 1018284.9 | I38: 1223220.6 | J38: 1248281.1 | K38: 1405846.3 | L38: 1694727.9 | M38: 1908136.5 | O38: 2401177.5 | P38: 2576799.9 | Q38: 3078421.9 | R38: 4022359.2 | S38: 5035809.7 | T38: 5499687.9 | U38: 5597496.6 | V38: 4895840.7 | W38: 4918607.7 | X38: 3688543.1 | Y38: 3339574.1 | Z38: 3347650.8 | AA38: 3595080 | AB38: 3524030.6 | AC38: 3767584.6 | AD38: 4555905.2 | AE38: 3946057 | AF38: 4432953.5 | AG38: 4491043.6 | AH38: 5002231.7 | AI38: 5908651.5 | AJ38: 4752797.4 | AK38: 5601702.6 | AL38: 7761609 | AM38: 7842872.1 | AN38: 7878815.6 | AO38: 9191349.7 | AP38: 8381508 | AQ38: 9005861.1 | AR38: 9095229.8 | AS38: 10015048 | AT38: 11013048 | AU38: 11777210 | AV38: 12047077 | AW38: 10883543 | AX38: 10365996 | AY38: 10706799 | AZ38: 10927583 | BA38: 11853730 | BB38: 11529149 | BC38: 11612821 | BD38: 12656846 | BE38: 3653254.2 | BF38: 5487023.1 | BG38: 9581627.3 | BH38: 11626774 | BI38: 11613686
A39: 31 | B39: HAUTE-GARONNE | C39: 1678058.8 | D39: 1709029.3 | E39: 1749546.8 | F39: 1888903.5 | G39: 2050153.3 | H39: 2185513.1 | I39: 2460640.1 | J39: 2635528.5 | K39: 3436799.7 | L39: 4311385.3 | M39: 4923423.5 | N39: 5628861.5 | O39: 6316744.8 | P39: 7031015.8 | Q39: 8449954.3 | R39: 10472465 | S39: 12437563 | T39: 13504174 | U39: 13695174 | V39: 13468204 | W39: 14160841 | X39: 12339665 | Y39: 11888191 | Z39: 12407276 | AA39: 13009189 | AB39: 13413654 | AC39: 12815634 | AD39: 15439521 | AE39: 16047886 | AF39: 15833429 | AG39: 16699382 | AH39: 19996286 | AI39: 23160228 | AJ39: 21074496 | AK39: 22002940 | AL39: 24515982 | AM39: 25390513 | AN39: 25009726 | AO39: 28947424 | AP39: 27031073 | AQ39: 28277551 | AR39: 27151202 | AS39: 28228279 | AT39: 31426243 | AU39: 33908788 | AV39: 34747868 | AW39: 32977896 | AX39: 32797287 | AY39: 34936570 | AZ39: 35144069 | BA39: 37001460 | BB39: 36729497 | BC39: 35875516 | BD39: 38842816 | BE39: 11349531 | BF39: 18263271 | BG39: 30925477 | BH39: 37021219 | BI39: 37345591
A40: 32 | B40: GERS | C40: 140726.75 | D40: 131556.03 | E40: 149757.53 | F40: 146536.13 | G40: 154659.53 | H40: 152858.8 | I40: 178953.96 | J40: 209674.11 | K40: 218016.12 | L40: 259370.05 | M40: 283302.72 | N40: 289042.42 | O40: 343540.2 | P40: 426875.85 | Q40: 499462.62 | R40: 634364.14 | S40: 841111.38 | T40: 895578.83 | U40: 915706.97 | V40: 885347.06 | W40: 898339.35 | X40: 675305.39 | Y40: 672605.66 | Z40: 687321.28 | AA40: 868033.24 | AB40: 825453.71 | AC40: 765344.97 | AD40: 952979.01 | AE40: 875844.22 | AF40: 1026373.9 | AG40: 986175.75 | AH40: 997372.8 | AI40: 1190457.8 | AJ40: 981032.56 | AK40: 1006271.9 | AL40: 1220513 | AM40: 1295883.1 | AN40: 1183319.6 | AO40: 1303844.9 | AP40: 1146670.9 | AQ40: 1314838.9 | AR40: 1260247.7 | AS40: 1276129.9 | AT40: 1388457.3 | AU40: 1387891.4 | AV40: 1555606.2 | AW40: 1569156.1 | AX40: 1783309.6 | AY40: 1846278.1 | AZ40: 1873455.8 | BA40: 2035290.5 | BB40: 1992770.6 | BC40: 1969855.9 | BD40: 2179714.7 | BE40: 707314.73 | BF40: 897652.04 | BG40: 1610569.4 | BH40: 1948301.3 | BI40: 2218388.4
A41: 33 | B41: GIRONDE | C41: 2321413.6 | D41: 2228935.1 | E41: 2193138.3 | F41: 2260450.9 | G41: 2441422.4 | H41: 2556226.1 | I41: 2978781.1 | J41: 3561667 | K41: 4428649 | L41: 4964898.9 | M41: 5517960.9 | N41: 5746250 | O41: 6706086.1 | P41: 7463327.2 | Q41: 8893876.6 | R41: 10761460 | S41: 12789570 | T41: 13740339 | U41: 13798103 | V41: 13984576 | W41: 14643779 | X41: 12308948 | Y41: 11870041 | Z41: 11951713 | AA41: 12489674 | AB41: 13538222 | AC41: 13932658 | AD41: 15644446 | AE41: 14849267 | AF41: 15496783 | AG41: 15421213 | AH41: 17252578 | AI41: 21982857 | AJ41: 19924968 | AK41: 22241842 | AL41: 24369794 | AM41: 24657641 | AN41: 23937314 | AO41: 28103238 | AP41: 25304209 | AQ41: 27658973 | AR41: 26374997 | AS41: 28185630 | AT41: 31330767 | AU41: 34505863 | AV41: 35605533 | AW41: 33869329 | AX41: 32667029 | AY41: 33995826 | AZ41: 34494358 | BA41: 36040590 | BB41: 36810522 | BC41: 35181494 | BD41: 38208137 | BE41: 11576901 | BF41: 18969295 | BG41: 31044854 | BH41: 37933312 | BI41: 38663942
A42: 34 | B42: HERAULT | C42: 1692026.8 | D42: 1654493.5 | E42: 1703283.3 | F42: 1727210.3 | G42: 1850687.3 | H42: 1852834.9 | I42: 2153605.2 | J42: 2444924.7 | K42: 2671822.5 | L42: 3030056.8 | M42: 3513236.8 | N42: 4212030.4 | O42: 5059826.3 | P42: 5622111.2 | Q42: 7310192.3 | R42: 9020152.8 | S42: 10934958 | T42: 11057627 | U42: 11163006 | V42: 10854397 | W42: 11229108 | X42: 9674008.8 | Y42: 9146873.7 | Z42: 9579048.8 | AA42: 10343048 | AB42: 10227524 | AC42: 10875157 | AD42: 11901297 | AE42: 11266469 | AF42: 11948261 | AG42: 12457946 | AH42: 13422113 | AI42: 17517094 | AJ42: 17007505 | AK42: 17477744 | AL42: 18567610 | AM42: 19398514 | AN42: 18547040 | AO42: 22053441 | AP42: 20329914 | AQ42: 21554616 | AR42: 20246743 | AS42: 22022164 | AT42: 24335429 | AU42: 26317813 | AV42: 27232910 | AW42: 25993289 | AX42: 25070399 | AY42: 26134338 | AZ42: 26263456 | BA42: 27525800 | BB42: 27696751 | BC42: 27432155 | BD42: 29503729 | BE42: 8563283.6 | BF42: 14009243 | BG42: 23236826 | BH42: 27717246 | BI42: 28116875
A43: 35 | B43: ILLE-ET-VILAINE | C43: 934004.97 | D43: 928282.49 | E43: 976373.15 | F43: 1039400.4 | G43: 1123541.8 | H43: 1221654.8 | I43: 1439958.3 | J43: 1595473.9 | K43: 1794717.6 | L43: 2121050.5 | M43: 2555328.5 | N43: 2704250.6 | O43: 3352457.6 | P43: 4121358.9 | Q43: 5047553.9 | R43: 6341090.3 | S43: 7582161 | T43: 7997695 | U43: 8229725.7 | V43: 8115040 | W43: 8806919.6 | X43: 7147382.4 | Y43: 7051640.4 | Z43: 7437928.1 | AA43: 7701634.6 | AB43: 8000415 | AC43: 7979865.1 | AD43: 9396055.2 | AE43: 8973033.5 | AF43: 9561870.5 | AG43: 10075966 | AH43: 10603277 | AI43: 12094557 | AJ43: 10448372 | AK43: 11219534 | AL43: 12411243 | AM43: 12370772 | AN43: 12655563 | AO43: 15223421 | AP43: 13783568 | AQ43: 15189596 | AR43: 14435527 | AS43: 16109974 | AT43: 18491019 | AU43: 19758964 | AV43: 21165536 | AW43: 20201983 | AX43: 18903640 | AY43: 20427709 | AZ43: 20964804 | BA43: 21830381 | BB43: 22238130 | BC43: 21255536 | BD43: 23852905 | BE43: 7712208.5 | BF43: 12742476 | BG43: 20268587 | BH43: 25754093 | BI43: 26568343
A44: 36 | B44: INDRE | C44: 218761.29 | D44: 216457.02 | E44: 200116.17 | F44: 219755.56 | G44: 237273.94 | H44: 264856.08 | I44: 291521.55 | J44: 354248.83 | K44: 392073.72 | L44: 460400.45 | M44: 501447.5 | N44: 501419.3 | O44: 574864.51 | P44: 658880.99 | Q44: 694728.92 | R44: 1121986.7 | S44: 1511200.7 | T44: 1647669.6 | U44: 1669520.4 | V44: 1408566.9 | W44: 1352382.9 | X44: 1047280.7 | Y44: 1098131.4 | Z44: 1079867.6 | AA44: 1130010.4 | AB44: 1015626.6 | AC44: 990094.4 | AD44: 1256419.7 | AE44: 1036203.2 | AF44: 1372449 | AG44: 1789466 | AH44: 1681881.1 | AI44: 2015787.9 | AJ44: 1662458.2 | AK44: 1659849.2 | AL44: 1879809.9 | AM44: 1744618 | AN44: 1754795.4 | AO44: 1915666.5 | AP44: 1630225.4 | AQ44: 1852977.6 | AR44: 1752454.6 | AS44: 1992499 | AT44: 1990866.6 | AU44: 2157106.1 | AV44: 2448080.1 | AW44: 2296871.7 | AX44: 2100195.3 | AY44: 2333918.4 | AZ44: 2374735.3 | BA44: 2514757.5 | BB44: 2467834.1 | BC44: 2292511.3 | BD44: 2449205.5 | BE44: 711326.62 | BF44: 1139684.4 | BG44: 1660512.9 | BH44: 1993587.8 | BI44: 2126636.5
A45: 37 | B45: INDRE-ET-LOIRE | C45: 868070.01 | D45: 833954.36 | E45: 821177.46 | F45: 866805.9 | G45: 920703.49 | H45: 1009747.7 | I45: 1097606.9 | J45: 1204368.1 | K45: 1344020.6 | L45: 1597490.7 | M45: 1793373.2 | N45: 1999916.9 | O45: 2381330.2 | P45: 2642910.9 | Q45: 3124633.3 | R45: 3873576 | S45: 4535921.7 | T45: 5514956.8 | U45: 5630309.2 | V45: 5770221.5 | W45: 6189199.4 | X45: 5064265.6 | Y45: 4820098 | Z45: 4666219.9 | AA45: 4905215.6 | AB45: 4846824.4 | AC45: 4785248.8 | AD45: 5498702.7 | AE45: 5301363.3 | AF45: 5589342.7 | AG45: 5859214.4 | AH45: 7014820.8 | AI45: 8456268.6 | AJ45: 7453787.5 | AK45: 7675886.6 | AL45: 8610912.5 | AM45: 8397150.9 | AN45: 8070747.3 | AO45: 9406425.4 | AP45: 8445925.9 | AQ45: 9384010.6 | AR45: 8846015.6 | AS45: 9561761 | AT45: 10618144 | AU45: 11338868 | AV45: 11666837 | AW45: 10873237 | AX45: 10332663 | AY45: 11312757 | AZ45: 11222701 | BA45: 11524192 | BB45: 11503433 | BC45: 11100802 | BD45: 13089196 | BE45: 4062189.4 | BF45: 6169153.3 | BG45: 10123525 | BH45: 12057431 | BI45: 12348200
A46: 38 | B46: ISERE | C46: 1779072.6 | D46: 1842914.9 | E46: 1808090 | F46: 1857046.4 | G46: 2071791.9 | H46: 2238444.4 | I46: 2552311.8 | J46: 2803774.9 | K46: 3155073 | L46: 3722183.5 | M46: 4374754.6 | N46: 4697987.4 | O46: 5609488.6 | P46: 6111403.3 | Q46: 7352442.9 | R46: 9707493.5 | S46: 11937351 | T46: 13053469 | U46: 13090980 | V46: 12753460 | W46: 12831600 | X46: 11598421 | Y46: 11107011 | Z46: 11498025 | AA46: 12007155 | AB46: 11970057 | AC46: 11893117 | AD46: 13417201 | AE46: 12632946 | AF46: 13668712 | AG46: 14363871 | AH46: 16171364 | AI46: 19899318 | AJ46: 17326793 | AK46: 18346885 | AL46: 21558787 | AM46: 22978599 | AN46: 21519823 | AO46: 24424842 | AP46: 22430827 | AQ46: 23700901 | AR46: 22608839 | AS46: 23728677 | AT46: 26271122 | AU46: 28144925 | AV46: 28686269 | AW46: 26938787 | AX46: 26583859 | AY46: 27700687 | AZ46: 27390212 | BA46: 28048645 | BB46: 26627373 | BC46: 25796223 | BD46: 27669845 | BE46: 8148049.2 | BF46: 12555427 | BG46: 20045477 | BH46: 24864072 | BI46: 25874623
A47: 39 | B47: JURA | C47: 279726.41 | D47: 279200.31 | E47: 280761.85 | F47: 255653.04 | G47: 285732.3 | H47: 292915.85 | I47: 355818.29 | J47: 376567.52 | K47: 436175.85 | L47: 474563.73 | M47: 501815.21 | N47: 587699.8 | O47: 700077.14 | P47: 761204.32 | Q47: 951043.74 | R47: 1129613.7 | S47: 1517587.9 | T47: 1620168.4 | U47: 1797954 | V47: 1760143.7 | W47: 1903736.9 | X47: 1491056.7 | Y47: 1225578.7 | Z47: 1286761.1 | AA47: 1254312.9 | AB47: 1160508 | AC47: 1125138 | AD47: 1443118.5 | AE47: 1321631.4 | AF47: 1475603.3 | AG47: 1475620.4 | AH47: 1516432.4 | AI47: 1912047 | AJ47: 1555247.3 | AK47: 1634161.8 | AL47: 1983931.6 | AM47: 1944203.4 | AN47: 1687679.6 | AO47: 1992045.3 | AP47: 1721525.1 | AQ47: 2014772.1 | AR47: 1954023.4 | AS47: 2025428.6 | AT47: 2024406.7 | AU47: 2072247.2 | AV47: 2521119.3 | AW47: 2301767.8 | AX47: 2090943.9 | AY47: 2410594.3 | AZ47: 3266764 | BA47: 3451023.9 | BB47: 3435569.3 | BC47: 3246043.5 | BD47: 3389106.5 | BE47: 1017224.1 | BF47: 1585775.4 | BG47: 2457749.9 | BH47: 3085726.3 | BI47: 3429652.2
A48: 40 | B48: LANDES | C48: 327884.3 | D48: 342899.76 | E48: 349391.5 | F48: 336452.54 | G48: 400804.93 | H48: 426297.15 | I48: 504536.58 | J48: 534287.77 | K48: 646669.52 | L48: 779272.57 | M48: 856461.93 | N48: 922119.74 | O48: 1043904.9 | P48: 1155132 | Q48: 1353166.1 | R48: 1674477.3 | S48: 2095235.4 | T48: 2524691.9 | U48: 2505791.8 | V48: 2591660.1 | W48: 2560406.2 | X48: 1901754.3 | Y48: 1520558.4 | Z48: 1541261.1 | AA48: 1721477.3 | AB48: 1697595.5 | AC48: 1815857.1 | AD48: 2077607.2 | AE48: 1934443.8 | AF48: 2065065.4 | AG48: 2149378.2 | AH48: 2378288.8 | AI48: 2981071.8 | AJ48: 2773148.4 | AK48: 2993242.8 | AL48: 5793109 | AM48: 6408291 | AN48: 6084358.9 | AO48: 7255149.5 | AP48: 5660338.2 | AQ48: 5504486 | AR48: 5309460.3 | AS48: 5396816.6 | AT48: 6043820.4 | AU48: 6417624.5 | AV48: 6915705.5 | AW48: 6227598.3 | AX48: 5848770.9 | AY48: 6280390.1 | AZ48: 6667650.1 | BA48: 7074312.7 | BB48: 7435760.8 | BC48: 7186927.5 | BD48: 7661208.7 | BE48: 2201603.3 | BF48: 3837677.9 | BG48: 6146696.9 | BH48: 7331523.4 | BI48: 7723750.4
A49: 41 | B49: LOIR-ET-CHER | C49: 300692.42 | D49: 321403.38 | E49: 293505.67 | F49: 296181 | G49: 324459.23 | H49: 330578.99 | I49: 369871.2 | J49: 1062297.4 | K49: 464588.99 | L49: 547157.97 | M49: 588213.86 | N49: 666014.39 | O49: 936108.16 | P49: 1100530.1 | Q49: 1246345 | R49: 1567226.4 | S49: 1991961.2 | T49: 2099834 | U49: 2224916.6 | V49: 2099011.4 | W49: 2209138.3 | X49: 1650039.9 | Y49: 1668837.7 | Z49: 1589944.9 | AA49: 1643571.3 | AB49: 1749015.1 | AC49: 1738747.4 | AD49: 2186718.8 | AE49: 1994193.4 | AF49: 2147437.3 | AG49: 2226558.5 | AH49: 2354797 | AI49: 2963629.3 | AJ49: 2382900.5 | AK49: 2511996 | AL49: 3868469.6 | AM49: 3874377.8 | AN49: 3716656.8 | AO49: 4315474.3 | AP49: 3570631 | AQ49: 4276406.8 | AR49: 4100200.8 | AS49: 4352424.3 | AT49: 4703283.8 | AU49: 5005584.4 | AV49: 5161651.9 | AW49: 4785376.2 | AX49: 4474489.6 | AY49: 4837239.2 | AZ49: 4857994.5 | BA49: 5133297.8 | BB49: 5336874.1 | BC49: 4923853.9 | BD49: 5388605.9 | BE49: 1647611.8 | BF49: 2587280.8 | BG49: 4072172.6 | BH49: 4857305.9 | BI49: 5286962.1
A50: 42 | B50: LOIRE | C50: 1151019.7 | D50: 1153462.3 | E50: 1129179.5 | F50: 1151178.5 | G50: 1237537.2 | H50: 1356306 | I50: 1508866 | J50: 1580417.2 | K50: 1917955.8 | L50: 2137138.9 | M50: 2452982.9 | N50: 2805528.4 | O50: 3047736.1 | P50: 3304575 | Q50: 3913162.9 | R50: 5034860.1 | S50: 6241420.7 | T50: 6597603.2 | U50: 7055039.1 | V50: 6726426.7 | W50: 7324201.2 | X50: 6130900.3 | Y50: 5787222.9 | Z50: 5842787.3 | AA50: 5866639.5 | AB50: 6045413.3 | AC50: 5895023.7 | AD50: 6827632.7 | AE50: 6349279.2 | AF50: 6964458.1 | AG50: 7053332.9 | AH50: 7260403.6 | AI50: 8388398.7 | AJ50: 7029923.8 | AK50: 7062932 | AL50: 9362002.8 | AM50: 9214525.2 | AN50: 8590079.5 | AO50: 9776119.2 | AP50: 8606642.2 | AQ50: 9438892 | AR50: 9375316 | AS50: 10608305 | AT50: 11376410 | AU50: 12526447 | AV50: 12963860 | AW50: 11766918 | AX50: 11034531 | AY50: 11847201 | AZ50: 11190979 | BA50: 12132531 | BB50: 12668540 | BC50: 12592674 | BD50: 13848017 | BE50: 4144580.5 | BF50: 6257954.2 | BG50: 9960217 | BH50: 12368664 | BI50: 12850930
... A103: 95 | B103: VAL-D'OISE | C103: 781073.91 | D103: 805100.94 | E103: 875511.96 | F103: 862257.74 | G103: 1055849.2 | H103: 1280829.7 | I103: 1881045.1 | J103: 2131360 | K103: 2797502.7 | L103: 3040603.6 | M103: 3730259 | N103: 3862265.4 | O103: 4436067.3 | P103: 5079716.2 | Q103: 6012318.3 | R103: 7705764.6 | S103: 8866463.5 | T103: 9825832.6 | U103: 9681059.9 | V103: 9268265.3 | W103: 9045614.8 | X103: 7564432 | Y103: 7478916.3 | Z103: 7368308.2 | AA103: 7985862.2 | AB103: 7766841.3 | AC103: 8281994.7 | AD103: 9773878 | AE103: 9298909 | AF103: 9576605.2 | AG103: 9508333.5 | AH103: 9274470.3 | AI103: 10113030 | AJ103: 8280433.6 | AK103: 9477738.5 | AL103: 11777431 | AM103: 11605617 | AN103: 11011138 | AO103: 12316507 | AP103: 10590023 | AQ103: 10697751 | AR103: 10341251 | AS103: 10817999 | AT103: 11560362 | AU103: 11675755 | AV103: 12607876 | AW103: 11739990 | AX103: 11206263 | AY103: 11707999 | AZ103: 10600444 | BA103: 10247299 | BB103: 10782568 | BC103: 13201034 | BD103: 15514472 | BE103: 4560483.2 | BF103: 6677780.2 | BG103: 11073223 | BH103: 12941944 | BI103: 12332689
B104: TOTAL | C104: =SUM(C8:C103) -> 1.1969507e+08 | D104: =SUM(D8:D103) -> 1.1963031e+08 | E104: =SUM(E8:E103) -> 1.1949423e+08 | F104: =SUM(F8:F103) -> 1.2293606e+08 | G104: =SUM(G8:G103) -> 1.3447165e+08 | H104: =SUM(H8:H103) -> 1.422148e+08 | I104: =SUM(I8:I103) -> 1.6437287e+08 | J104: =SUM(J8:J103) -> 1.7909431e+08 | ... AF104: =SUM(AF8:AF103) -> 6.9012653e+08 | AG104: 7.2597837e+08 | AH104: 7.9017107e+08 | AI104: 9.1702602e+08 | AJ104: 8.2396594e+08 | AK104: 8.9395115e+08 | AL104: 1.0210074e+09 | AM104: 1.0300089e+09 | AN104: 9.9610632e+08 | AO104: 1.1398396e+09 | AP104: 1.0318019e+09 | AQ104: 1.1206493e+09 | AR104: 1.0618692e+09 | AS104: 1.1428932e+09 | AT104: 1.2372357e+09 | AU104: 1.3099439e+09 | AV104: 1.3747356e+09 | AW104: 1.3064789e+09 | AX104: 1.2508735e+09 | AY104: 1.3333094e+09 | AZ104: 1.3316512e+09 | BA104: 1.3884469e+09 | BB104: 1.3805993e+09 | BC104: 1.3368911e+09 | BD104: 1.4486576e+09 | BE104: 4.3277824e+08 | BF104: 6.7257239e+08 | BG104: 1.0946544e+09 | BH104: 1.3340268e+09 | BI104: 1.3478074e+09

Sheet RME
A2: Retour au menu "Départements"
A5: Recette moyenne par entrée par département (€)
C7: 1966 | D7: 1967 | E7: 1968 | F7: 1969 | G7: 1970 | H7: 1971 | I7: 1972 | J7: 1973 | K7: 1974 | L7: 1975 | M7: 1976 | N7: 1977 | O7: 1978 | P7: 1979 | Q7: 1980 | R7: 1981 | S7: 1982 | T7: 1983 | U7: 1984 | V7: 1985 | W7: 1986 | X7: 1987 | Y7: 1988 | Z7: 1989 | AA7: 1990 | AB7: 1991 | AC7: 1992 | AD7: 1993 | AE7: 1994 | AF7: 1995 | AG7: 1996 | AH7: 1997 | AI7: 1998 | AJ7: 1999 | AK7: 2000 | AL7: 2001 | AM7: 2002 | AN7: 2003 | AO7: 2004 | AP7: 2005 | AQ7: 2006 | AR7: 2007 | AS7: 2008 | AT7: 2009 | AU7: 2010 | AV7: 2011 | AW7: 2012 | AX7: 2013 | AY7: 2014 | AZ7: 2015 | BA7: 2016 | BB7: 2017 | BC7: 2018 | BD7: 2019 | BE7: 2020 | BF7: 2021 | BG7: 2022 | BH7: 2023 | BI7: 2024
A8: 01 | B8: AIN | C8: 0.3909865 | D8: 0.42999498 | E8: 0.46575138 | F8: 0.52787214 | G8: 0.55949669 | H8: 0.61202296 | I8: 0.68485006 | J8: 0.83502376 | K8: 0.89014319 | L8: 1.0013252 | M8: 1.2076108 | N8: 1.3309157 | O8: 1.4907172 | P8: 1.6136593 | Q8: 2.0465393 | R8: 2.4594845 | S8: 2.8786206 | T8: 3.0835564 | U8: 3.2055483 | V8: 3.4428539 | W8: 3.7035956 | X8: 3.778929 | Y8: 4.0668779 | Z8: 4.1873552 | AA8: 4.2838786 | AB8: 4.5248441 | AC8: 4.6381842 | AD8: 4.4494746 | AE8: 4.8743415 | AF8: 4.9898888 | AG8: 5.0213095 | AH8: 5.0388354 | AI8: 5.2555578 | AJ8: 5.1587515 | AK8: 5.1391377 | AL8: 5.2375359 | AM8: 5.3139404 | AN8: 5.3577283 | AO8: 5.3684919 | AP8: 5.4075877 | AQ8: 5.5233854 | AR8: 5.5593803 | AS8: 5.6857911 | AT8: 6.1221088 | AU8: 6.3380582 | AV8: 6.3681394 | AW8: 6.422512 | AX8: 6.4125595 | AY8: 6.1335738 | AZ8: 6.1439923 | BA8: 6.1501031 | BB8: 6.1947044 | BC8: 6.1786794 | BD8: 6.2379061 | BE8: 6.0789181 | BF8: 6.1895225 | BG8: 6.3552452 | BH8: 6.5477156 | BI8: 6.5662952
A9: 02 | B9: AISNE | C9: 0.39175635 | D9: 0.42047863 | E9: 0.44048306 | F9: 0.50555984 | G9: 0.53959788 | H9: 0.61318804 | I9: 0.68918556 | J9: 0.81728262 | K9: 0.98651891 | L9: 1.2000019 | M9: 1.3801268 | N9: 1.4684565 | O9: 1.6824185 | P9: 1.8886393 | Q9: 2.3622192 | R9: 2.6102533 | S9: 2.9182226 | T9: 3.1658264 | U9: 3.3700116 | V9: 3.6103517 | W9: 3.8529582 | X9: 4.0497218 | Y9: 4.1963963 | Z9: 4.306167 | AA9: 4.4635153 | AB9: 4.7211794 | AC9: 4.9168632 | AD9: 4.9375461 | AE9: 4.9072245 | AF9: 5.1409157 | AG9: 5.1354105 | AH9: 5.0844223 | AI9: 5.2254659 | AJ9: 5.0747688 | AK9: 5.1376273 | AL9: 5.3111058 | AM9: 5.4070665 | AN9: 5.4783313 | AO9: 5.4738963 | AP9: 5.5818576 | AQ9: 5.7190715 | AR9: 5.7959677 | AS9: 5.8369918 | AT9: 5.9754917 | AU9: 6.1334728 | AV9: 6.2418047 | AW9: 6.2855681 | AX9: 6.2583255 | AY9: 6.1422592 | AZ9: 6.4129699 | BA9: 6.4184357 | BB9: 6.5000754 | BC9: 6.3724026 | BD9: 6.3549829 | BE9: 6.2867785 | BF9: 6.4292718 | BG9: 6.641235 | BH9: 6.7286449 | BI9: 6.8018065
A10: 03 | B10: ALLIER | C10: 0.5333049 | D10: 0.56739184 | E10: 0.58576518 | F10: 0.6394579 | G10: 0.70334607 | H10: 0.75803827 | I10: 0.82595657 | J10: 0.92857513 | K10: 1.0454162 | L10: 1.2145714 | M10: 1.4282706 | N10: 1.5884692 | O10: 1.7521269 | P10: 2.0026551 | Q10: 2.5146699 | R10: 2.7442681 | S10: 2.9913289 | T10: 3.2100088 | U10: 3.4979308 | V10: 3.6575567 | W10: 3.9078276 | X10: 4.1577347 | Y10: 4.3015348 | Z10: 4.4188859 | AA10: 4.6096604 | AB10: 4.8703333 | AC10: 5.0217121 | AD10: 5.1570551 | AE10: 5.4757678 | AF10: 5.2551966 | AG10: 5.2396726 | AH10: 5.2468871 | AI10: 5.4718685 | AJ10: 5.4056248 | AK10: 5.4825629 | AL10: 5.4751643 | AM10: 5.6075275 | AN10: 5.625593 | AO10: 5.6489072 | AP10: 5.7870349 | AQ10: 5.8579576 | AR10: 5.9872627 | AS10: 6.0863783 | AT10: 6.1425752 | AU10: 6.2519026 | AV10: 6.2968585 | AW10: 6.2796196 | AX10: 6.3032934 | AY10: 6.2108922 | AZ10: 6.3974291 | BA10: 6.3849122 | BB10: 6.4444748 | BC10: 6.4249824 | BD10: 6.4611485 | BE10: 6.2973566 | BF10: 6.4763898 | BG10: 6.451235 | BH10: 6.5500201 | BI10: 6.8034202
A11: 04 | B11: ALPES-DE-HAUTE-PROVENCE | C11: 0.32521273 | D11: 0.37579112 | E11: 0.39272294 | F11: 0.47414201 | G11: 0.50580528 | H11: 0.55329031 | I11: 0.62704945 | J11: 0.78511882 | K11: 0.88077404 | L11: 1.0702002 | M11: 1.2624426 | N11: 1.3592353 | O11: 1.5161865 | P11: 1.7330403 | Q11: 2.2821416 | R11: 2.5493395 | S11: 2.7948514 | T11: 3.0454677 | U11: 3.2649334 | V11: 3.4245839 | W11: 3.7813228 | X11: 4.0847119 | Y11: 4.2939161 | Z11: 4.4935241 | AA11: 4.5837805 | AB11: 4.7911904 | AC11: 4.7778095 | AD11: 4.7542485 | AE11: 4.7179467 | AF11: 4.9551422 | AG11: 4.8319766 | AH11: 4.790318 | AI11: 4.9167719 | AJ11: 4.8111255 | AK11: 4.8440569 | AL11: 4.8890572 | AM11: 5.0165968 | AN11: 5.0376826 | AO11: 5.1212196 | AP11: 5.0784707 | AQ11: 5.1355124 | AR11: 5.3667788 | AS11: 5.4366976 | AT11: 5.4639705 | AU11: 5.6709101 | AV11: 5.7606791 | AW11: 5.801738 | AX11: 5.888055 | AY11: 5.7656154 | AZ11: 5.817801 | BA11: 6.021239 | BB11: 6.091249 | BC11: 6.0723692 | BD11: 6.183107 | BE11: 6.1248894 | BF11: 6.3741051 | BG11: 6.4747192 | BH11: 6.7001401 | BI11: 6.8263206
A12: 05 | B12: HAUTES-ALPES | C12: 0.34762886 | D12: 0.40645056 | E12: 0.42352176 | F12: 0.47011183 | G12: 0.52782455 | H12: 0.62694466 | I12: 0.68196365 | J12: 0.78964613 | K12: 0.89817311 | L12: 1.0278164 | M12: 1.1648171 | N12: 1.2513575 | O12: 1.4049188 | P12: 1.6002443 | Q12: 2.1435542 | R12: 2.4077086 | S12: 2.6973768 | T12: 2.9814831 | U12: 3.2055476 | V12: 3.3895567 | W12: 3.7904688 | X12: 4.1349151 | Y12: 4.2741074 | Z12: 4.4508737 | AA12: 4.5487666 | AB12: 4.7668387 | AC12: 4.8615482 | AD12: 5.00798 | AE12: 5.1346489 | AF12: 5.2680012 | AG12: 5.2910811 | AH12: 5.2528457 | AI12: 5.3500893 | AJ12: 5.2526701 | AK12: 5.2602989 | AL12: 5.4514115 | AM12: 5.5883197 | AN12: 5.6380188 | AO12: 5.8845067 | AP12: 6.0009141 | AQ12: 6.0646763 | AR12: 6.0942142 | AS12: 6.0398959 | AT12: 6.0472876 | AU12: 6.2833882 | AV12: 6.3518301 | AW12: 6.5133456 | AX12: 6.5392434 | AY12: 6.2728925 | AZ12: 6.307526 | BA12: 6.2749493 | BB12: 6.3179438 | BC12: 6.283865 | BD12: 6.3633122 | BE12: 6.2342129 | BF12: 6.5132979 | BG12: 6.5405814 | BH12: 6.7788057 | BI12: 6.9841097
A13: 06 | B13: ALPES-MARITIMES | C13: 0.60398468 | D13: 0.67752842 | E13: 0.69641841 | F13: 0.78088931 | G13: 0.85273657 | H13: 0.91209051 | I13: 0.99262186 | J13: 1.0865833 | K13: 1.2194288 | L13: 1.413247 | M13: 1.5994487 | N13: 1.7705089 | O13: 1.9411482 | P13: 2.1059395 | Q13: 2.633244 | R13: 2.9681344 | S13: 3.3126993 | T13: 3.581742 | U13: 3.8283826 | V13: 4.0839165 | W13: 4.3467719 | X13: 4.5243699 | Y13: 4.7297074 | Z13: 4.9352604 | AA13: 5.089199 | AB13: 5.4182458 | AC13: 5.6506573 | AD13: 5.6588728 | AE13: 5.7097527 | AF13: 5.8577526 | AG13: 5.8706962 | AH13: 5.8141287 | AI13: 5.9023359 | AJ13: 5.883837 | AK13: 6.026987 | AL13: 6.0320313 | AM13: 6.2000162 | AN13: 6.3055796 | AO13: 6.4237503 | AP13: 6.4662587 | AQ13: 6.4932484 | AR13: 6.4808554 | AS13: 6.5447804 | AT13: 6.6785682 | AU13: 7.0117763 | AV13: 6.9538084 | AW13: 7.0633109 | AX13: 7.0854878 | AY13: 6.9307974 | AZ13: 7.0078266 | BA13: 7.1249854 | BB13: 7.1878803 | BC13: 7.2767178 | BD13: 7.4225721 | BE13: 7.2446866 | BF13: 8.0014247 | BG13: 8.0570271 | BH13: 8.1348029 | BI13: 8.1731941
A14: 07 | B14: ARDECHE | C14: 0.38035659 | D14: 0.43018224 | E14: 0.45689627 | F14: 0.51274464 | G14: 0.5477486 | H14: 0.59208673 | I14: 0.67523675 | J14: 0.78032949 | K14: 0.87274302 | L14: 0.96821375 | M14: 1.1394074 | N14: 1.2270841 | O14: 1.336552 | P14: 1.4889112 | Q14: 1.9988023 | R14: 2.2097269 | S14: 2.580097 | T14: 2.7895234 | U14: 2.9710298 | V14: 3.145926 | W14: 3.3408605 | X14: 3.5005297 | Y14: 3.6935602 | Z14: 3.8065481 | AA14: 3.9048147 | AB14: 4.0606404 | AC14: 4.1093372 | AD14: 4.297496 | AE14: 4.383394 | AF14: 4.4550594 | AG14: 4.511415 | AH14: 4.5108551 | AI14: 4.6238353 | AJ14: 4.5115508 | AK14: 4.5236214 | AL14: 4.6628806 | AM14: 4.794439 | AN14: 4.8251217 | AO14: 4.8478608 | AP14: 4.8303242 | AQ14: 4.9313669 | AR14: 4.9970124 | AS14: 5.1118432 | AT14: 5.1548377 | AU14: 5.1881527 | AV14: 5.3715416 | AW14: 5.5153474 | AX14: 5.4927331 | AY14: 5.3484894 | AZ14: 5.4529478 | BA14: 5.4571752 | BB14: 5.4720919 | BC14: 5.5588948 | BD14: 5.6132041 | BE14: 5.5467915 | BF14: 5.7238923 | BG14: 5.6488749 | BH14: 5.7596706 | BI14: 5.7880387
A15: 08 | B15: ARDENNES | C15: 0.39162159 | D15: 0.42176166 | E15: 0.42563865 | F15: 0.46283426 | G15: 0.48914522 | H15: 0.58942767 | I15: 0.66955309 | J15: 0.76880112 | K15: 0.9798261 | L15: 1.1907295 | M15: 1.3186087 | N15: 1.4495787 | O15: 1.6287955 | P15: 1.7920606 | Q15: 2.2467251 | R15: 2.5249713 | S15: 2.8877594 | T15: 3.1277411 | U15: 3.299962 | V15: 3.5098501 | W15: 3.7173122 | X15: 3.8808567 | Y15: 4.0287843 | Z15: 4.1355654 | AA15: 4.201672 | AB15: 4.4137396 | AC15: 4.5407177 | AD15: 4.666066 | AE15: 4.7091056 | AF15: 4.9929452 | AG15: 5.127364 | AH15: 5.0748398 | AI15: 5.2051093 | AJ15: 5.0758752 | AK15: 5.1539211 | AL15: 5.3227561 | AM15: 5.3654384 | AN15: 5.5271355 | AO15: 5.8418296 | AP15: 5.7901616 | AQ15: 6.0327364 | AR15: 6.0687314 | AS15: 6.21741 | AT15: 6.2455963 | AU15: 6.4493205 | AV15: 6.7244837 | AW15: 6.6975722 | AX15: 6.637844 | AY15: 6.3189712 | AZ15: 6.3252303 | BA15: 6.3003164 | BB15: 6.3244477 | BC15: 6.3493864 | BD15: 6.436829 | BE15: 6.4041803 | BF15: 6.6567174 | BG15: 6.5121959 | BH15: 6.7160234 | BI15: 6.8000259
A16: 09 | B16: ARIEGE | C16: 0.38317966 | D16: 0.42732243 | E16: 0.44626997 | F16: 0.53920177 | G16: 0.57027072 | H16: 0.61581846 | I16: 0.66174345 | J16: 0.72559635 | K16: 0.83660082 | L16: 0.95761631 | M16: 1.0899267 | N16: 1.2284345 | O16: 1.3338668 | P16: 1.4647677 | Q16: 1.8956313 | R16: 2.1427202 | S16: 2.3668649 | T16: 2.5259596 | U16: 2.61469 | V16: 2.8261598 | W16: 3.1884558 | X16: 3.5750738 | Y16: 3.8093649 | Z16: 4.0624505 | AA16: 4.0951078 | AB16: 4.2097944 | AC16: 4.3763798 | AD16: 4.40491 | AE16: 4.3044824 | AF16: 4.4477337 | AG16: 4.4688461 | AH16: 4.5856539 | AI16: 4.6674881 | AJ16: 4.5616148 | AK16: 4.5975163 | AL16: 4.635448 | AM16: 4.6485365 | AN16: 4.650281 | AO16: 4.7013385 | AP16: 4.6802429 | AQ16: 4.7347182 | AR16: 4.7188759 | AS16: 4.7841962 | AT16: 4.8682986 | AU16: 4.8895612 | AV16: 5.3073574 | AW16: 5.5333224 | AX16: 5.5669376 | AY16: 5.402573 | AZ16: 5.3903149 | BA16: 5.3701824 | BB16: 5.326144 | BC16: 5.2758497 | BD16: 5.3507407 | BE16: 5.1418542 | BF16: 5.2420278 | BG16: 5.2471632 | BH16: 5.4249309 | BI16: 5.5084482
A17: 10 | B17: AUBE | C17: 0.46631862 | D17: 0.51536382 | E17: 0.53312697 | F17: 0.59084419 | G17: 0.64163126 | H17: 0.69049422 | I17: 0.86838314 | J17: 1.0310378 | K17: 1.1859653 | L17: 1.3271539 | M17: 1.5245571 | N17: 1.66668 | O17: 1.8352433 | P17: 1.9731443 | Q17: 2.4838745 | R17: 2.8417322 | S17: 3.2380707 | T17: 3.49947 | U17: 3.6045245 | V17: 3.7610983 | W17: 3.9718406 | X17: 4.139479 | Y17: 4.1903013 | Z17: 4.2985509 | AA17: 4.3797863 | AB17: 4.4822286 | AC17: 4.6518561 | AD17: 4.8874976 | AE17: 5.2384507 | AF17: 5.0882324 | AG17: 5.2948673 | AH17: 5.3114496 | AI17: 5.5109093 | AJ17: 5.4194163 | AK17: 5.4772845 | AL17: 5.7922648 | AM17: 6.1164989 | AN17: 6.1652652 | AO17: 6.1502163 | AP17: 6.2268904 | AQ17: 6.2988067 | AR17: 6.2971264 | AS17: 6.3039904 | AT17: 6.4457892 | AU17: 6.5467895 | AV17: 6.713551 | AW17: 6.5949304 | AX17: 6.6912863 | AY17: 6.5920833 | AZ17: 6.4655224 | BA17: 6.4341682 | BB17: 6.5255311 | BC17: 6.6588802 | BD17: 6.744676 | BE17: 6.7092916 | BF17: 6.923174 | BG17: 7.0660156 | BH17: 7.0317057 | BI17: 7.0932147
A18: 11 | B18: AUDE | C18: 0.32526559 | D18: 0.35721227 | E18: 0.38057368 | F18: 0.4601655 | G18: 0.50615514 | H18: 0.57617387 | I18: 0.66095756 | J18: 0.76649574 | K18: 0.87541845 | L18: 1.0211933 | M18: 1.1969117 | N18: 1.3052945 | O18: 1.4947375 | P18: 1.6056105 | Q18: 2.2051479 | R18: 2.5523822 | S18: 2.8588208 | T18: 3.1033645 | U18: 3.2603699 | V18: 3.4687393 | W18: 3.7035968 | X18: 3.9995187 | Y18: 4.1948726 | Z18: 4.5376978 | AA18: 4.6888223 | AB18: 4.8566355 | AC18: 4.9804372 | AD18: 4.9721983 | AE18: 4.6201528 | AF18: 5.0862698 | AG18: 5.2050065 | AH18: 5.1100661 | AI18: 5.2786321 | AJ18: 5.1615062 | AK18: 5.0642852 | AL18: 5.112562 | AM18: 5.1035726 | AN18: 5.4694333 | AO18: 5.6499788 | AP18: 5.6114809 | AQ18: 5.8012563 | AR18: 5.7568119 | AS18: 5.9218487 | AT18: 6.3065367 | AU18: 6.4640874 | AV18: 6.4483869 | AW18: 6.3993748 | AX18: 6.4090397 | AY18: 6.3314028 | AZ18: 6.5219371 | BA18: 6.5318417 | BB18: 6.6634532 | BC18: 6.5394835 | BD18: 6.5354832 | BE18: 6.4316178 | BF18: 6.6302443 | BG18: 6.5484815 | BH18: 6.7531548 | BI18: 6.9101408
A19: 12 | B19: AVEYRON | C19: 0.36978747 | D19: 0.43165853 | E19: 0.43945973 | F19: 0.51408808 | G19: 0.54863829 | H19: 0.60295641 | I19: 0.64051346 | J19: 0.71635021 | K19: 0.84195412 | L19: 0.9960281 | M19: 1.1380698 | N19: 1.2122516 | O19: 1.3445924 | P19: 1.523787 | Q19: 1.968006 | R19: 2.3528812 | S19: 2.825314 | T19: 3.1932471 | U19: 3.4644276 | V19: 3.6529915 | W19: 3.9459337 | X19: 4.302259 | Y19: 4.5118117 | Z19: 4.5696856 | AA19: 4.6614201 | AB19: 4.6496463 | AC19: 4.6242926 | AD19: 4.7942444 | AE19: 4.6204631 | AF19: 4.7740089 | AG19: 4.7640676 | AH19: 4.8822638 | AI19: 5.0723656 | AJ19: 4.963097 | AK19: 4.9295947 | AL19: 5.0300676 | AM19: 5.1337766 | AN19: 5.2568981 | AO19: 5.2878091 | AP19: 5.27635 | AQ19: 5.3392138 | AR19: 5.3833161 | AS19: 5.4971584 | AT19: 5.6479733 | AU19: 5.8000114 | AV19: 5.7899876 | AW19: 5.8779993 | AX19: 6.0613036 | AY19: 6.1190187 | AZ19: 6.2840911 | BA19: 6.2670903 | BB19: 6.2679313 | BC19: 6.2032497 | BD19: 6.1859841 | BE19: 6.0261553 | BF19: 6.2589324 | BG19: 6.2116423 | BH19: 6.2761409 | BI19: 6.3472386
... A26: 19 | B26: CORREZE | C26: 0.44206719 | D26: 0.49912541 | E26: 0.52919621 | F26: 0.59767867 | G26: 0.61152551 | H26: 0.6522507 | I26: 0.72837193 | J26: 0.79060478 | K26: 0.8914822 | L26: 1.035762 | M26: 1.1822021 | N26: 1.2742816 | O26: 1.438433 | P26: 1.7062124 | Q26: 2.2190066 | R26: 2.5980696 | S26: 2.8847139 | T26: 3.0744186 | U26: 3.2527572 | V26: 3.4458985 | W26: 3.6883521 | X26: 4.0588497 | Y26: 4.2390612 | Z26: 4.4067001 | AA26: 4.5091856 | AB26: 4.6557343 | AC26: 4.7373015 | AD26: 4.7796243 | AE26: 4.7807064 | AF26: 4.8222554 | AG26: 4.7094712 | AH26: 4.7948051 | AI26: 4.9630305 | AJ26: 4.8629848 | AK26: 4.8171065 | AL26: 4.7556602 | AM26: 4.8596687 | AN26: 4.9944788 | AO26: 5.0495397 | AP26: 5.1410045 | AQ26: 5.3160459 | AR26: 5.338576 | AS26: 5.401873 | AT26: 5.8057845 | AU26: 5.9716125 | AV26: 6.1420015 | AW26: 6.0944705 | AX26: 6.0665067 | AY26: 6.0825885 | AZ26: 6.2924369 | BA26: 6.2102173 | BB26: 6.4192138 | BC26: 6.3626179 | BD26: 6.3854136 | BE26: 6.264809 | BF26: 6.5379885 | BG26: 6.5356993 | BH26: 6.7324141 | BI26: 6.8609043
A27: 2A | B27: CORSE-DU-SUD | C27: 0.42480093 | D27: 0.47813176 | E27: 0.50912727 | F27: 0.62455763 | G27: 0.75592076 | H27: 0.80161293 | I27: 0.81079071 | J27: 0.95998818 | K27: 0.98723239 | L27: 1.0670151 | M27: 1.2634714 | N27: 1.4082186 | O27: 1.5497995 | P27: 1.7237735 | R27: 2.5759003 | S27: 2.9351729 | T27: 3.1665821 | U27: 3.4854267 | V27: 3.7759712 | W27: 4.087568 | X27: 4.4942383 | Y27: 4.6856615 | Z27: 5.0121156 | AA27: 5.1932385 | AB27: 5.3110719 | AC27: 5.6430188 | AD27: 5.685797 | AE27: 5.6974682 | AF27: 5.6340285 | AG27: 5.7506925 | AH27: 5.7771941 | AI27: 5.7854 | AJ27: 6.0891949 | AK27: 6.0642307 | AL27: 5.9472845 | AM27: 6.0149626 | AN27: 6.1015898 | AO27: 5.8516753 | AP27: 5.8483361 | AQ27: 6.2718997 | AR27: 7.1686321 | AS27: 7.6939037 | AT27: 7.4203859 | AU27: 7.5181081 | AV27: 7.6196844 | AW27: 7.3991442 | AX27: 7.3183616 | AY27: 7.2647681 | AZ27: 6.658215 | BA27: 6.6937384 | BB27: 6.6135567 | BC27: 6.5224084 | BD27: 6.5131348 | BE27: 6.482183 | BF27: 6.7577512 | BG27: 6.6701847 | BH27: 6.7384162 | BI27: 6.6617412
A28: 2B | B28: HAUTE-CORSE | C28: 0.41234597 | D28: 0.46411313 | E28: 0.49420045 | F28: 0.6062456 | G28: 0.73375679 | H28: 0.77811043 | I28: 0.78702162 | J28: 0.93184289 | K28: 0.95828392 | L28: 1.0357311 | M28: 1.2264283 | N28: 1.3669299 | O28: 1.504364 | P28: 1.6732391 | Q28: 2.1851221 | R28: 2.5003831 | S28: 2.8491174 | T28: 3.0737441 | U28: 3.3832293 | V28: 3.6652732 | W28: 3.9677264 | X28: 4.362483 | Y28: 4.548268 | Z28: 4.865178 | AA28: 5.0409779 | AB28: 5.1553382 | AC28: 5.0640687 | AD28: 5.2537034 | AE28: 5.45412 | AF28: 5.4688411 | AG28: 5.5831895 | AH28: 5.6517303 | AI28: 5.7684407 | AJ28: 5.6061245 | AK28: 5.5816822 | AL28: 5.911866 | AM28: 6.204489 | AN28: 6.2234221 | AO28: 6.2055984 | AP28: 6.0717264 | AQ28: 6.1104537 | AR28: 6.095625 | AS28: 6.0018837 | AT28: 6.1014092 | AU28: 6.4232028 | AV28: 6.5793077 | AW28: 6.5297559 | AX28: 6.4445596 | AY28: 6.3839465 | AZ28: 6.633184 | BA28: 6.8072416 | BB28: 6.7466268 | BC28: 6.7196036 | BD28: 6.5986223 | BE28: 6.4270601 | BF28: 6.8231501 | BG28: 6.7369017 | BH28: 6.8512099 | BI28: 6.8925856
A29: 21 | B29: COTE-D'OR | C29: 0.5138541 | D29: 0.57932582 | E29: 0.58562509 | F29: 0.63375262 | G29: 0.68397698 | H29: 0.75984889 | I29: 0.837884 | J29: 0.94468437 | K29: 1.1016357 | L29: 1.3205321 | M29: 1.5446174 | N29: 1.6599369 | O29: 1.8164747 | P29: 1.9489997 | Q29: 2.4407563 | R29: 2.7229473 | S29: 2.9623915 | T29: 3.2145785 | U29: 3.3959003 | V29: 3.5859896 | W29: 3.820953 | X29: 4.0299448 | Y29: 4.1567789 | Z29: 4.5178958 | AA29: 4.7131798 | AB29: 4.9388224 | AC29: 5.1552218 | AD29: 5.16636 | AE29: 5.2041589 | AF29: 5.4203604 | AG29: 5.5309226 | AH29: 5.4995287 | AI29: 5.6550566 | AJ29: 5.5405484 | AK29: 5.3577608 | AL29: 5.4281185 | AM29: 5.5439575 | AN29: 5.652811 | AO29: 5.6056136 | AP29: 5.6437823 | AQ29: 5.6922046 | AR29: 5.7823319 | AS29: 5.8558312 | AT29: 5.9380612 | AU29: 6.0973291 | AV29: 6.1209112 | AW29: 6.2139145 | AX29: 6.1962597 | AY29: 6.085079 | AZ29: 6.2291865 | BA29: 6.3695034 | BB29: 6.4050221 | BC29: 6.4120693 | BD29: 6.4272295 | BE29: 6.3269196 | BF29: 6.7945503 | BG29: 7.1945295 | BH29: 7.382228 | BI29: 7.5202895
A30: 22 | B30: COTES-D'ARMOR | C30: 0.40843503 | D30: 0.45344332 | E30: 0.47233406 | F30: 0.5362463 | G30: 0.59535163 | H30: 0.63072039 | I30: 0.70357431 | J30: 0.83844565 | K30: 0.96242488 | L30: 1.1019879 | M30: 1.2891879 | N30: 1.3983382 | O30: 1.4974194 | P30: 1.6914582 | Q30: 2.2082296 | R30: 2.5249696 | S30: 2.750682 | T30: 3.042424 | U30: 3.2329574 | V30: 3.5570592 | W30: 3.7203564 | X30: 3.9371451 | Y30: 4.1598264 | Z30: 4.3351084 | AA30: 4.382831 | AB30: 4.5507177 | AC30: 4.6722517 | AD30: 4.8652368 | AE30: 5.568082 | AF30: 5.0388017 | AG30: 5.1634578 | AH30: 5.2144677 | AI30: 5.2617404 | AJ30: 5.1443527 | AK30: 5.1073349 | AL30: 5.2498234 | AM30: 5.3970384 | AN30: 5.4356983 | AO30: 5.5141006 | AP30: 5.5334358 | AQ30: 5.6303963 | AR30: 5.6911851 | AS30: 5.7562283 | AT30: 5.8614618 | AU30: 6.0175486 | AV30: 6.0576499 | AW30: 6.0784588 | AX30: 6.0307787 | AY30: 5.902293 | AZ30: 5.987815 | BA30: 6.0354132 | BB30: 6.1183668 | BC30: 6.1066871 | BD30: 6.2114875 | BE30: 6.141923 | BF30: 6.3764406 | BG30: 6.408167 | BH30: 6.6170043 | BI30: 6.7415737
A31: 23 | B31: CREUSE | C31: 0.35308572 | D31: 0.39161811 | E31: 0.43032644 | F31: 0.48051825 | G31: 0.51624305 | H31: 0.55178505 | I31: 0.56816443 | J31: 0.72219066 | K31: 0.83525914 | L31: 0.99073065 | M31: 1.0885897 | N31: 1.2028082 | O31: 1.3445914 | P31: 1.5291485 | Q31: 1.9833929 | R31: 2.2401826 | S31: 2.5953325 | T31: 2.8535187 | U31: 3.3456457 | V31: 3.4672124 | W31: 3.5771034 | X31: 3.6739588 | Y31: 3.9617395 | Z31: 4.0167536 | AA31: 4.0129012 | AB31: 3.9617118 | AC31: 3.8257826 | AD31: 3.981379 | AE31: 3.946651 | AF31: 4.0706314 | AG31: 4.2241857 | AH31: 4.2074046 | AI31: 4.3112993 | AJ31: 4.2379592 | AK31: 4.2107017 | AL31: 4.3055239 | AM31: 4.411104 | AN31: 4.4308626 | AO31: 4.3947948 | AP31: 4.2748766 | AQ31: 4.317864 | AR31: 4.3517151 | AS31: 4.6478721 | AT31: 4.7451941 | AU31: 4.8765689 | AV31: 5.0563921 | AW31: 5.2307224 | AX31: 5.2781083 | AY31: 5.21361 | AZ31: 5.2040854 | BA31: 5.1518665 | BB31: 5.1214797 | BC31: 5.1282893 | BD31: 5.190796 | BE31: 5.2099034 | BF31: 5.2183003 | BG31: 5.1573806 | BH31: 5.5013709 | BI31: 5.62968
A32: 24 | B32: DORDOGNE | C32: 0.42684695 | D32: 0.47535082 | E32: 0.50094355 | F32: 0.58000124 | G32: 0.62762404 | H32: 0.65922486 | I32: 0.73020622 | J32: 0.80102648 | K32: 0.89951214 | L32: 1.0317894 | M32: 1.1554548 | N32: 1.2378735 | O32: 1.358 | P32: 1.5975622 | Q32: 2.1574138 | R32: 2.5219249 | S32: 2.8085592 | T32: 3.0698462 | U32: 3.2420945 | V32: 3.4717841 | W32: 3.8118103 | X32: 4.3083442 | Y32: 4.4798131 | Z32: 4.6732651 | AA32: 4.7481938 | AB32: 4.8398937 | AC32: 4.8431396 | AD32: 4.9122914 | AE32: 5.1648758 | AF32: 5.1630285 | AG32: 5.1125575 | AH32: 5.0996801 | AI32: 5.237401 | AJ32: 5.036364 | AK32: 5.0043201 | AL32: 5.0217222 | AM32: 5.1276957 | AN32: 5.3001572 | AO32: 5.2558901 | AP32: 5.3325204 | AQ32: 5.5986069 | AR32: 5.6763493 | AS32: 5.7908591 | AT32: 5.9971857 | AU32: 6.1373342 | AV32: 6.2145301 | AW32: 6.220261 | AX32: 6.1936711 | AY32: 6.0291342 | AZ32: 6.232055 | BA32: 6.2199281 | BB32: 6.2166877 | BC32: 6.1570777 | BD32: 6.3198023 | BE32: 6.1314725 | BF32: 6.4258594 | BG32: 6.532123 | BH32: 6.6080347 | BI32: 6.7068125
A33: 25 | B33: DOUBS | C33: 0.44686793 | D33: 0.47406634 | E33: 0.48185528 | F33: 0.54742365 | G33: 0.60093929 | H33: 0.64647209 | I33: 0.75020194 | J33: 0.88526532 | K33: 1.0012434 | L33: 1.1947033 | M33: 1.406873 | N33: 1.5399245 | O33: 1.6850992 | P33: 1.836326 | Q33: 2.3545197 | R33: 2.7579748 | S33: 3.0720524 | T33: 3.3090347 | U33: 3.472042 | V33: 3.6788734 | W33: 3.8270508 | X33: 4.0710202 | Y33: 4.2466799 | Z33: 4.3960375 | AA33: 4.5381102 | AB33: 4.7577069 | AC33: 4.9065269 | AD33: 4.8833176 | AE33: 4.9343937 | AF33: 4.8976799 | AG33: 4.8841175 | AH33: 4.752273 | AI33: 4.8425133 | AJ33: 4.7756138 | AK33: 4.8343372 | AL33: 4.9448239 | AM33: 5.1505259 | AN33: 5.3741217 | AO33: 5.6019428 | AP33: 5.5485507 | AQ33: 5.4649804 | AR33: 5.3402121 | AS33: 5.578256 | AT33: 5.6844329 | AU33: 6.0075791 | AV33: 5.9569164 | AW33: 5.9624287 | AX33: 6.0003056 | AY33: 5.9153885 | AZ33: 5.9746071 | BA33: 5.9946808 | BB33: 6.0748015 | BC33: 6.0776786 | BD33: 6.3020738 | BE33: 6.188296 | BF33: 6.3711171 | BG33: 6.5080538 | BH33: 6.7645775 | BI33: 6.6479064
A34: 26 | B34: DROME | C34: 0.4999014 | D34: 0.55332836 | E34: 0.56015326 | F34: 0.63295702 | G34: 0.6582741 | H34: 0.75938472 | I34: 0.83841992 | J34: 0.90187764 | K34: 0.98384182 | L34: 1.1324516 | M34: 1.2851751 | N34: 1.5223955 | O34: 1.6569466 | P34: 1.8658349 | Q34: 2.3498998 | R34: 2.6209128 | S34: 2.9578207 | T34: 3.1368804 | U34: 3.2832107 | V34: 3.5875104 | W34: 3.8240015 | X34: 3.9188894 | Y34: 4.1583027 | Z34: 4.3122599 | AA34: 4.4726493 | AB34: 4.7668387 | AC34: 4.913138 | AD34: 4.8810357 | AE34: 4.8572721 | AF34: 4.8690939 | AG34: 4.8301737 | AH34: 4.798811 | AI34: 4.880937 | AJ34: 4.7400384 | AK34: 4.7783887 | AL34: 5.0526298 | AM34: 5.3736782 | AN34: 5.5597187 | AO34: 5.673804 | AP34: 5.7369397 | AQ34: 5.8269178 | AR34: 5.9219658 | AS34: 6.0249746 | AT34: 6.1585663 | AU34: 6.3906643 | AV34: 6.2878445 | AW34: 6.3266224 | AX34: 6.4664937 | AY34: 6.4831323 | AZ34: 6.5192283 | BA34: 6.4766165 | BB34: 6.5117007 | BC34: 6.5365721 | BD34: 6.7503083 | BE34: 6.509267 | BF34: 6.9072318 | BG34: 7.1026007 | BH34: 7.2541835 | BI34: 7.3022381
A35: 27 | B35: EURE | C35: 0.41621858 | D35: 0.45633546 | E35: 0.48205635 | F35: 0.54609632 | G35: 0.60733591 | H35: 0.67244422 | I35: 0.75226726 | J35: 0.86543622 | K35: 1.0079368 | L35: 1.1814588 | M35: 1.3346575 | N35: 1.4617159 | O35: 1.6234335 | P35: 1.8349837 | Q35: 2.3329624 | R35: 2.6102531 | S35: 2.9821905 | T35: 3.2709495 | U35: 3.4887934 | V35: 3.7123723 | W35: 3.9169719 | X35: 4.0497218 | Y35: 4.2253475 | Z35: 4.3747123 | AA35: 4.3402053 | AB35: 4.527888 | AC35: 4.5612708 | AD35: 4.6820733 | AE35: 4.7818105 | AF35: 4.8846167 | AG35: 4.8840341 | AH35: 4.929849 | AI35: 5.1689583 | AJ35: 5.0276919 | AK35: 5.0321743 | AL35: 5.1842851 | AM35: 5.4109013 | AN35: 5.5111217 | AO35: 5.5773138 | AP35: 5.6970174 | AQ35: 5.6554398 | AR35: 5.7313616 | AS35: 5.8502087 | AT35: 6.069381 | AU35: 6.2336124 | AV35: 6.2544074 | AW35: 6.2987435 | AX35: 6.1618626 | AY35: 6.232334 | AZ35: 6.370551 | BA35: 6.4717866 | BB35: 6.559513 | BC35: 6.5943853 | BD35: 6.6952154 | BE35: 6.5133028 | BF35: 6.7246655 | BG35: 6.8901084 | BH35: 6.9717569 | BI35: 7.1091659
A36: 28 | B36: EURE-ET-LOIR | C36: 0.4340634 | D36: 0.48388967 | E36: 0.50141616 | F36: 0.57610817 | G36: 0.62042002 | H36: 0.69927796 | I36: 0.81152416 | J36: 0.93800106 | K36: 1.0762035 | L36: 1.2543071 | M36: 1.4015243 | N36: 1.503518 | O36: 1.6502444 | P36: 1.898029 | Q36: 2.4576955 | R36: 2.7077174 | S36: 3.1405901 | T36: 3.3852108 | U36: 3.6014815 | V36: 3.8722584 | W36: 4.1181561 | X36: 4.3600687 | Y36: 4.5681903 | Z36: 4.7296245 | AA36: 4.771029 | AB36: 5.1168939 | AC36: 5.1881546 | AD36: 5.4415982 | AE36: 5.5997475 | AF36: 5.5884219 | AG36: 5.5147818 | AH36: 5.5422535 | AI36: 5.7258474 | AJ36: 5.5130793 | AK36: 5.4718041 | AL36: 5.5715612 | AM36: 5.6663962 | AN36: 5.7056084 | AO36: 5.6809213 | AP36: 5.7525547 | AQ36: 5.8030386 | AR36: 5.783857 | AS36: 6.3622739 | AT36: 6.5530948 | AU36: 6.7215086 | AV36: 6.7568688 | AW36: 6.8332121 | AX36: 6.6970466 | AY36: 6.4641021 | AZ36: 6.7144596 | BA36: 6.6933115 | BB36: 6.7205793 | BC36: 6.7121869 | BD36: 6.8220866 | BE36: 6.7916985 | BF36: 6.8981977 | BG36: 6.9995255 | BH36: 7.2210496 | BI36: 7.332532
A37: 29 | B37: FINISTERE | C37: 0.44744961 | D37: 0.49148424 | E37: 0.5160484 | F37: 0.59108982 | G37: 0.64667383 | H37: 0.72517208 | I37: 0.81935645 | J37: 0.97359403 | K37: 1.1243913 | L37: 1.2476837 | M37: 1.4349564 | N37: 1.5911657 | O37: 1.7494468 | P37: 1.9275385 | Q37: 2.4838732 | R37: 2.7655885 | S37: 3.061391 | T37: 3.3852103 | U37: 3.5040204 | V37: 3.7123739 | W37: 3.8986833 | X37: 4.0831906 | Y37: 4.3137248 | Z37: 4.4371647 | AA37: 4.5030962 | AB37: 4.672476 | AC37: 4.7170446 | AD37: 4.7857756 | AE37: 4.656634 | AF37: 4.9097625 | AG37: 4.9983329 | AH37: 5.0069537 | AI37: 5.0985871 | AJ37: 5.0122648 | AK37: 5.0005026 | AL37: 5.081702 | AM37: 5.1754693 | AN37: 5.2858827 | AO37: 5.3234515 | AP37: 5.3571728 | AQ37: 5.3935334 | AR37: 5.5488998 | AS37: 5.6347936 | AT37: 5.7279065 | AU37: 5.8550311 | AV37: 5.9358447 | AW37: 5.9820563 | AX37: 5.9534025 | AY37: 5.8497054 | AZ37: 5.9828241 | BA37: 6.0153697 | BB37: 6.047174 | BC37: 6.0660275 | BD37: 6.1689539 | BE37: 6.0922679 | BF37: 6.5728044 | BG37: 6.857976 | BH37: 7.0103625 | BI37: 7.0617949
A38: 30 | B38: GARD | C38: 0.41771007 | D38: 0.46890803 | E38: 0.48480301 | F38: 0.55666413 | G38: 0.59365096 | H38: 0.66247965 | I38: 0.74637957 | J38: 0.86711476 | K38: 0.98919664 | L38: 1.1549684 | M38: 1.3493675 | O38: 1.7025269 | P38: 1.8470558 | Q38: 2.3144829 | R38: 2.5645654 | S38: 2.8725285 | T38: 3.1292623 | U38: 3.3761023 | V38: 3.560104 | W38: 3.8118075 | X38: 3.9599647 | Y38: 4.2131575 | Z38: 4.4295485 | AA38: 4.5731241 | AB38: 4.7592288 | AC38: 4.9246639 | AD38: 5.1407997 | AE38: 5.1359684 | AF38: 5.1901435 | AG38: 5.1251942 | AH38: 4.9832703 | AI38: 5.049275 | AJ38: 4.8864366 | AK38: 5.0416553 | AL38: 5.095815 | AM38: 4.9594675 | AN38: 5.5697444 | AO38: 5.6325688 | AP38: 5.7445637 | AQ38: 5.8439886 | AR38: 6.0108316 | AS38: 6.142905 | AT38: 6.3896951 | AU38: 6.638777 | AV38: 6.7033822 | AW38: 6.745786 | AX38: 6.6797622 | AY38: 6.5244743 | AZ38: 6.7035284 | BA38: 6.8355841 | BB38: 6.9451367 | BC38: 6.8480662 | BD38: 7.0927405 | BE38: 7.002126 | BF38: 7.3806161 | BG38: 7.4677122 | BH38: 7.6751982 | BI38: 7.6737215
